Module	SubArea	Screen	RelativePath
Authentication		ChooseModule.aspx	Authentication/ChooseModule.aspx
Authentication		MainMenu.aspx	Authentication/MainMenu.aspx
Authentication		external_module_handler.aspx	Authentication/external_module_handler.aspx
Authentication	qrlogin	login_qr_verify.aspx	Authentication/qrlogin/login_qr_verify.aspx
Authentication	qrlogin	login_qr_verify_handler.aspx	Authentication/qrlogin/login_qr_verify_handler.aspx
Authentication	qrlogin	qrlogin_register.aspx	Authentication/qrlogin/qrlogin_register.aspx
Authentication	qrlogin	qrlogin_register_handler.aspx	Authentication/qrlogin/qrlogin_register_handler.aspx
CcpcClearing	CCPCClearingReports	ReportSettings.aspx	CcpcClearing/CCPCClearingReports/ReportSettings.aspx
Config		AgriReportConfig.aspx	Config/AgriReportConfig.aspx
Config		SGFReportConfig.aspx	Config/SGFReportConfig.aspx
Config		SGFSubMemconnUsers.aspx	Config/SGFSubMemconnUsers.aspx
Config		UpdateBlockedUser.aspx	Config/UpdateBlockedUser.aspx
Config		b_MarqueeAlert.aspx	Config/b_MarqueeAlert.aspx
Config		connectedUsers.aspx	Config/connectedUsers.aspx
Config		g_CBSShortcutsPopup.aspx	Config/g_CBSShortcutsPopup.aspx
Config		protectapp.aspx	Config/protectapp.aspx
Customer360		Customer360View_v1.aspx	Customer360/Customer360View_v1.aspx
Customer360		JointDet360.aspx	Customer360/JointDet360.aspx
(root)		DashBoard.aspx	DashBoard.aspx
(root)		EmailCheck.aspx	EmailCheck.aspx
EmployeeDemand		EMPMemberResignTransaction.aspx	EmployeeDemand/EMPMemberResignTransaction.aspx
EmployeeDemand		EMPRecoveryMaintenance.aspx	EmployeeDemand/EMPRecoveryMaintenance.aspx
EmployeeDemand		EMPSuretyDemandDepositAccount.aspx	EmployeeDemand/EMPSuretyDemandDepositAccount.aspx
EmployeeDemand		EmpDemandPostMemberWise.aspx	EmployeeDemand/EmpDemandPostMemberWise.aspx
EmployeeDemand		EmpExceptionalDemandAmount.aspx	EmployeeDemand/EmpExceptionalDemandAmount.aspx
EmployeeDemand		EmpMemDemandPostConfig.aspx	EmployeeDemand/EmpMemDemandPostConfig.aspx
EmployeeDemand		EmpMemberSalaryTransaction.aspx	EmployeeDemand/EmpMemberSalaryTransaction.aspx
EmployeeDemand		EmpSocBranch.aspx	EmployeeDemand/EmpSocBranch.aspx
EmployeeDemand		EmpSocCompMaster.aspx	EmployeeDemand/EmpSocCompMaster.aspx
EmployeeDemand		EmpSocDemandConfiguration.aspx	EmployeeDemand/EmpSocDemandConfiguration.aspx
EmployeeDemand		EmpSocDivision.aspx	EmployeeDemand/EmpSocDivision.aspx
EmployeeDemand		EmpSocMember.aspx	EmployeeDemand/EmpSocMember.aspx
EmployeeDemand		EmpSocRegion.aspx	EmployeeDemand/EmpSocRegion.aspx
EmployeeDemand		EmpSocSateliteOffice.aspx	EmployeeDemand/EmpSocSateliteOffice.aspx
EmployeeDemand		EmployeeDemandDetails.aspx	EmployeeDemand/EmployeeDemandDetails.aspx
EmployeeDemand		EmployeeDemandGeneration.aspx	EmployeeDemand/EmployeeDemandGeneration.aspx
EmployeeDemand		EmployeeDemandImport.aspx	EmployeeDemand/EmployeeDemandImport.aspx
EmployeeDemand		EmployeeDemandModify.aspx	EmployeeDemand/EmployeeDemandModify.aspx
EmployeeDemand		EmployeeDepartment.aspx	EmployeeDemand/EmployeeDepartment.aspx
EmployeeDemand		EmployeeMemberTransfer.aspx	EmployeeDemand/EmployeeMemberTransfer.aspx
EmployeeDemand		UpdateEmployeeDemadAmount.aspx	EmployeeDemand/UpdateEmployeeDemadAmount.aspx
HO	Admin	A_User.aspx	HO/Admin/A_User.aspx
HO	Admin	Audit.aspx	HO/Admin/Audit.aspx
HO	Admin	AuditDetails.aspx	HO/Admin/AuditDetails.aspx
HO	Admin	AuditView.aspx	HO/Admin/AuditView.aspx
HO	Admin	ChangePassword.aspx	HO/Admin/ChangePassword.aspx
HO	Admin	ForgotPassword.aspx	HO/Admin/ForgotPassword.aspx
HO	Admin	PasswordPolicyConfig.aspx	HO/Admin/PasswordPolicyConfig.aspx
HO	Admin	Pop-up.aspx	HO/Admin/Pop-up.aspx
HO	Admin	a_AutoGenerateUser.aspx	HO/Admin/a_AutoGenerateUser.aspx
HO	Admin	a_BrLoginAccessTime.aspx	HO/Admin/a_BrLoginAccessTime.aspx
HO	Admin	a_CashierLimit.aspx	HO/Admin/a_CashierLimit.aspx
HO	Admin	a_ChangePassword.aspx	HO/Admin/a_ChangePassword.aspx
HO	Admin	a_Menus.aspx	HO/Admin/a_Menus.aspx
HO	Admin	a_Module.aspx	HO/Admin/a_Module.aspx
HO	Admin	a_RemoteHostAttempt.aspx	HO/Admin/a_RemoteHostAttempt.aspx
HO	Admin	a_ResponsibilityRights.aspx	HO/Admin/a_ResponsibilityRights.aspx
HO	Admin	a_ResponsibilityUser.aspx	HO/Admin/a_ResponsibilityUser.aspx
HO	Admin	a_RoleMaster.aspx	HO/Admin/a_RoleMaster.aspx
HO	Admin	a_RoleOnMenu.aspx	HO/Admin/a_RoleOnMenu.aspx
HO	Admin	a_UserCashierRights.aspx	HO/Admin/a_UserCashierRights.aspx
HO	Admin	a_UserInModule.aspx	HO/Admin/a_UserInModule.aspx
HO	Admin	a_UserLedgerRights.aspx	HO/Admin/a_UserLedgerRights.aspx
HO	Admin	a_UserOprRights.aspx	HO/Admin/a_UserOprRights.aspx
HO	Admin	a_UserRights.aspx	HO/Admin/a_UserRights.aspx
HO	Alerts	al_AlertConfig.aspx	HO/Alerts/al_AlertConfig.aspx
HO	Alerts	al_AlertsRights.aspx	HO/Alerts/al_AlertsRights.aspx
HO	Bank	Form121.aspx	HO/Bank/Form121.aspx
HO	Bank	MemberLoanSchemeMap.aspx	HO/Bank/MemberLoanSchemeMap.aspx
HO	Bank	b_ATMRequest.aspx	HO/Bank/b_ATMRequest.aspx
HO	Bank	b_BankList.aspx	HO/Bank/b_BankList.aspx
HO	Bank	b_BranchList.aspx	HO/Bank/b_BranchList.aspx
HO	Bank	b_MergeClient.aspx	HO/Bank/b_MergeClient.aspx
HO	Bank	b_NoteItemSeq.aspx	HO/Bank/b_NoteItemSeq.aspx
HO	Bank	b_TdsSavingSchemeMapping.aspx	HO/Bank/b_TdsSavingSchemeMapping.aspx
HO	Bank	clientTDSExcemtion.aspx	HO/Bank/clientTDSExcemtion.aspx
HO	Bank	clientTDSExcemtionDetails.aspx	HO/Bank/clientTDSExcemtionDetails.aspx
HO	Bank	g_AccountHead.aspx	HO/Bank/g_AccountHead.aspx
HO	Bank	g_BranchCategory.aspx	HO/Bank/g_BranchCategory.aspx
HO	Bank	g_BranchVariablesList.aspx	HO/Bank/g_BranchVariablesList.aspx
HO	Bank	g_City.aspx	HO/Bank/g_City.aspx
HO	Bank	g_Designation.aspx	HO/Bank/g_Designation.aspx
HO	Bank	g_District.aspx	HO/Bank/g_District.aspx
HO	Bank	g_FormAccountHeadMapping.aspx	HO/Bank/g_FormAccountHeadMapping.aspx
HO	Bank	g_IFSCCode.aspx	HO/Bank/g_IFSCCode.aspx
HO	Bank	g_InventoryCategory.aspx	HO/Bank/g_InventoryCategory.aspx
HO	Bank	g_LGA.aspx	HO/Bank/g_LGA.aspx
HO	Bank	g_MICRCity.aspx	HO/Bank/g_MICRCity.aspx
HO	Bank	g_MICRRegion.aspx	HO/Bank/g_MICRRegion.aspx
HO	Bank	g_Notes.aspx	HO/Bank/g_Notes.aspx
HO	Bank	g_OrgElement.aspx	HO/Bank/g_OrgElement.aspx
HO	Bank	g_OrgElementDepartment.aspx	HO/Bank/g_OrgElementDepartment.aspx
HO	Bank	g_PostOfficeCodes.aspx	HO/Bank/g_PostOfficeCodes.aspx
HO	Bank	g_Relation.aspx	HO/Bank/g_Relation.aspx
HO	Bank	g_ReportSettings.aspx	HO/Bank/g_ReportSettings.aspx
HO	Bank	g_ServiceStatus.aspx	HO/Bank/g_ServiceStatus.aspx
HO	Bank	g_State.aspx	HO/Bank/g_State.aspx
HO	Bank	g_Step.aspx	HO/Bank/g_Step.aspx
HO	Bank	g_Taluka.aspx	HO/Bank/g_Taluka.aspx
HO	Bank	g_Title.aspx	HO/Bank/g_Title.aspx
HO		BankVariableConfig.aspx	HO/BankVariableConfig.aspx
HO		BranchVariableConfig.aspx	HO/BranchVariableConfig.aspx
HO		DeductMinBalHeadMap.aspx	HO/DeductMinBalHeadMap.aspx
HO	ECS	EcsMandateCancelPopup.aspx	HO/ECS/EcsMandateCancelPopup.aspx
HO	ECS	x_EcsMandateNew.aspx	HO/ECS/x_EcsMandateNew.aspx
HO		GSTTransactionDetail.aspx	HO/GSTTransactionDetail.aspx
HO		GlobalClientDocAttach.aspx	HO/GlobalClientDocAttach.aspx
HO		GlobalClientDocAttachPopup.aspx	HO/GlobalClientDocAttachPopup.aspx
HO	Hr	g_BankDirRelative.aspx	HO/Hr/g_BankDirRelative.aspx
HO	Hr	g_BankDirectors.aspx	HO/Hr/g_BankDirectors.aspx
HO	Hr	h_EmpDeputationExt.aspx	HO/Hr/h_EmpDeputationExt.aspx
HO	Hr	h_Employee.aspx	HO/Hr/h_Employee.aspx
HO	Hr	h_EmployeeDeputation.aspx	HO/Hr/h_EmployeeDeputation.aspx
HO	Hr	h_EmployeeRelease.aspx	HO/Hr/h_EmployeeRelease.aspx
HO		KYCClientPopup.aspx	HO/KYCClientPopup.aspx
HO		KYCClientPopup_V1.aspx	HO/KYCClientPopup_V1.aspx
HO		KYCUpdateInfo.aspx	HO/KYCUpdateInfo.aspx
HO		MbankGlobalAccLimit.aspx	HO/MbankGlobalAccLimit.aspx
HO		PigmyContraMaping.aspx	HO/PigmyContraMaping.aspx
HO	ProjectFormulation	C_LoanDocCollection.aspx	HO/ProjectFormulation/C_LoanDocCollection.aspx
HO	ProjectFormulation	P_CreditOfficer.aspx	HO/ProjectFormulation/P_CreditOfficer.aspx
HO	ProjectFormulation	c_LoanDocRelease.aspx	HO/ProjectFormulation/c_LoanDocRelease.aspx
HO	ProjectFormulation	p_AnnexPre.aspx	HO/ProjectFormulation/p_AnnexPre.aspx
HO	ProjectFormulation	p_Applicant.aspx	HO/ProjectFormulation/p_Applicant.aspx
HO	ProjectFormulation	p_CommitteeDirectors.aspx	HO/ProjectFormulation/p_CommitteeDirectors.aspx
HO	ProjectFormulation	p_CommitteeMaster.aspx	HO/ProjectFormulation/p_CommitteeMaster.aspx
HO	ProjectFormulation	p_CommitteeMasterMemberAP.aspx	HO/ProjectFormulation/p_CommitteeMasterMemberAP.aspx
HO	ProjectFormulation	p_CommitteeMasterMemberAR.aspx	HO/ProjectFormulation/p_CommitteeMasterMemberAR.aspx
HO	ProjectFormulation	p_Document.aspx	HO/ProjectFormulation/p_Document.aspx
HO	ProjectFormulation	p_LoanCaseCommitteeRemarks.aspx	HO/ProjectFormulation/p_LoanCaseCommitteeRemarks.aspx
HO	ProjectFormulation	p_LoanCase_v1.aspx	HO/ProjectFormulation/p_LoanCase_v1.aspx
HO	ProjectFormulation	p_SchemeDetails.aspx	HO/ProjectFormulation/p_SchemeDetails.aspx
HO	ProjectFormulation	p_SchemeDetailsV1.aspx	HO/ProjectFormulation/p_SchemeDetailsV1.aspx
HO	ProjectFormulation	p_SetCommitteeApprovalLimit.aspx	HO/ProjectFormulation/p_SetCommitteeApprovalLimit.aspx
HO	Retailbanking	Aadhaar_Vault.aspx	HO/Retailbanking/Aadhaar_Vault.aspx
HO	Retailbanking	b_CashRemitLimit.aspx	HO/Retailbanking/Cash/b_CashRemitLimit.aspx
HO	Retailbanking	x_CashRemittanceOrder.aspx	HO/Retailbanking/Cash/x_CashRemittanceOrder.aspx
HO	Retailbanking	DayendCOABalTrf.aspx	HO/Retailbanking/DayendCOABalTrf.aspx
HO	Retailbanking	DepositHeadValidateMap.aspx	HO/Retailbanking/DepositHeadValidateMap.aspx
HO	Retailbanking	FinancialRatioParamRang.aspx	HO/Retailbanking/FinancialRatioParamRang.aspx
HO	Retailbanking	KYCConfig.aspx	HO/Retailbanking/KYCConfig.aspx
HO	Retailbanking	LoanCCIntRule.aspx	HO/Retailbanking/LoanCCIntRule.aspx
HO	Retailbanking	b_SatutaryReportSubmission.aspx	HO/Retailbanking/RBIAdditionalStatements/b_SatutaryReportSubmission.aspx
HO	Retailbanking	rp_BankSavingPercentage.aspx	HO/Retailbanking/RBIGroup/rp_BankSavingPercentage.aspx
HO	Retailbanking	rp_GroupBorrower.aspx	HO/Retailbanking/RBIGroup/rp_GroupBorrower.aspx
HO	Retailbanking	rp_MiscValues.aspx	HO/Retailbanking/RBIGroup/rp_MiscValues.aspx
HO	Retailbanking	RiskCatCalcDetailsV2.aspx	HO/Retailbanking/RiskCat/RiskCatCalcDetailsV2.aspx
HO	Retailbanking	RiskCatCalcV2.aspx	HO/Retailbanking/RiskCat/RiskCatCalcV2.aspx
HO	Retailbanking	RiskCatConfigPopUpV2.aspx	HO/Retailbanking/RiskCat/RiskCatConfigPopUpV2.aspx
HO	Retailbanking	RiskCatConfigV2.aspx	HO/Retailbanking/RiskCat/RiskCatConfigV2.aspx
HO	Retailbanking	x_ServiceTaxCharge.aspx	HO/Retailbanking/ServiceTaxCalculation/x_ServiceTaxCharge.aspx
HO	Retailbanking	Sms_AutoDayendMob.aspx	HO/Retailbanking/Sms_AutoDayendMob.aspx
HO	Retailbanking	a_SubMemberBankUser.aspx	HO/Retailbanking/a_SubMemberBankUser.aspx
HO	Retailbanking	a_UserTranLimit.aspx	HO/Retailbanking/a_UserTranLimit.aspx
HO	Retailbanking	a_UserTranLimitSource.aspx	HO/Retailbanking/a_UserTranLimitSource.aspx
HO	Retailbanking	b_CardTypeConfig.aspx	HO/Retailbanking/b_CardTypeConfig.aspx
HO	Retailbanking	b_ChargesConfig.aspx	HO/Retailbanking/b_ChargesConfig.aspx
HO	Retailbanking	b_ChargesConfigslab.aspx	HO/Retailbanking/b_ChargesConfigslab.aspx
HO	Retailbanking	b_ChargesMaster.aspx	HO/Retailbanking/b_ChargesMaster.aspx
HO	Retailbanking	b_DailyDepositInterestChart.aspx	HO/Retailbanking/b_DailyDepositInterestChart.aspx
HO	Retailbanking	b_FinancialYear.aspx	HO/Retailbanking/b_FinancialYear.aspx
HO	Retailbanking	b_GlInterestMapping.aspx	HO/Retailbanking/b_GlInterestMapping.aspx
HO	Retailbanking	b_Holiday.aspx	HO/Retailbanking/b_Holiday.aspx
HO	Retailbanking	b_HolidayChannel.aspx	HO/Retailbanking/b_HolidayChannel.aspx
HO	Retailbanking	b_PreDisbInfoItem.aspx	HO/Retailbanking/b_PreDisbInfoItem.aspx
HO	Retailbanking	b_PreDisbQstFormat.aspx	HO/Retailbanking/b_PreDisbQstFormat.aspx
HO	Retailbanking	b_ReportGLMap.aspx	HO/Retailbanking/b_ReportGLMap.aspx
HO	Retailbanking	b_RiskCatAcTypeSlab.aspx	HO/Retailbanking/b_RiskCatAcTypeSlab.aspx
HO	Retailbanking	b_RiskCatByThresHold.aspx	HO/Retailbanking/b_RiskCatByThresHold.aspx
HO	Retailbanking	b_SavingInterestChart.aspx	HO/Retailbanking/b_SavingInterestChart.aspx
HO	Retailbanking	b_SkipAutoRecHead.aspx	HO/Retailbanking/b_SkipAutoRecHead.aspx
HO	Retailbanking	c_InsCompMaster.aspx	HO/Retailbanking/c_InsCompMaster.aspx
HO	Retailbanking	c_LNCCAgstDepAddlIRSlab.aspx	HO/Retailbanking/c_LNCCAgstDepAddlIRSlab.aspx
HO	Retailbanking	c_LNCCGroupExpLimit.aspx	HO/Retailbanking/c_LNCCGroupExpLimit.aspx
HO	Retailbanking	c_LNCCRebateSlab.aspx	HO/Retailbanking/c_LNCCRebateSlab.aspx
HO	Retailbanking	c_LnCcSchemeAccountHeadMapping.aspx	HO/Retailbanking/c_LnCcSchemeAccountHeadMapping.aspx
HO	Retailbanking	c_LnSancAuthority.aspx	HO/Retailbanking/c_LnSancAuthority.aspx
HO	Retailbanking	c_LoanPreClsrIntSlab.aspx	HO/Retailbanking/c_LoanPreClsrIntSlab.aspx
HO	Retailbanking	c_LoanScheme.aspx	HO/Retailbanking/c_LoanScheme.aspx
HO	Retailbanking	c_NRLMAccHead.aspx	HO/Retailbanking/c_NRLMAccHead.aspx
HO	Retailbanking	d_DepSchExclDEAF.aspx	HO/Retailbanking/d_DepSchExclDEAF.aspx
HO	Retailbanking	d_DepositScheme.aspx	HO/Retailbanking/d_DepositScheme.aspx
HO	Retailbanking	d_DepositSchemeAccountHeadMapping.aspx	HO/Retailbanking/d_DepositSchemeAccountHeadMapping.aspx
HO	Retailbanking	d_DepositSchemeBulk.aspx	HO/Retailbanking/d_DepositSchemeBulk.aspx
HO	Retailbanking	d_TDSCategoryWiseSetting.aspx	HO/Retailbanking/d_TDSCategoryWiseSetting.aspx
HO	Retailbanking	g_AllowMinimumBelowBalSourceMapping.aspx	HO/Retailbanking/g_AllowMinimumBelowBalSourceMapping.aspx
HO	Retailbanking	g_BSTemplateDesign.aspx	HO/Retailbanking/g_BSTemplateDesign.aspx
HO	Retailbanking	g_BSTemplateMaster.aspx	HO/Retailbanking/g_BSTemplateMaster.aspx
HO	Retailbanking	g_BSTemplateReport.aspx	HO/Retailbanking/g_BSTemplateReport.aspx
HO	Retailbanking	g_CTRPostalMapping.aspx	HO/Retailbanking/g_CTRPostalMapping.aspx
HO	Retailbanking	g_ECSMasterData.aspx	HO/Retailbanking/g_ECSMasterData.aspx
HO	Retailbanking	g_PLR.aspx	HO/Retailbanking/g_PLR.aspx
HO	Retailbanking	g_RdPenaltyChartSlab.aspx	HO/Retailbanking/g_RdPenaltyChartSlab.aspx
HO	Retailbanking	g_ReconciliationTransaction.aspx	HO/Retailbanking/g_ReconciliationTransaction.aspx
HO	Retailbanking	g_State_Mapping.aspx	HO/Retailbanking/g_State_Mapping.aspx
HO	Retailbanking	g_auditCommitteeMembers.aspx	HO/Retailbanking/g_auditCommitteeMembers.aspx
HO	Retailbanking	x_ChargeWaiveOffBySplCat.aspx	HO/Retailbanking/x_ChargeWaiveOffBySplCat.aspx
HO	Retailbanking	x_ChequeBookCharges.aspx	HO/Retailbanking/x_ChequeBookCharges.aspx
HO	Retailbanking	x_IncomeSTheadMapping.aspx	HO/Retailbanking/x_IncomeSTheadMapping.aspx
HO	Retailbanking	x_MICREcsAccountMapping.aspx	HO/Retailbanking/x_MICREcsAccountMapping.aspx
HO	Retailbanking	x_OdTrDescMapping.aspx	HO/Retailbanking/x_OdTrDescMapping.aspx
HO	Retailbanking	x_TBPLBSFormats.aspx	HO/Retailbanking/x_TBPLBSFormats.aspx
HO	Retailbanking	x_TdsReversal.aspx	HO/Retailbanking/x_TdsReversal.aspx
HO		SMSAutoConfig.aspx	HO/SMSAutoConfig.aspx
HO		SignaturePreview.aspx	HO/SignaturePreview.aspx
HO		SmsConfig.aspx	HO/SmsConfig.aspx
HO		SubMemSubStatus.aspx	HO/SubMemSubStatus.aspx
HO		Sys_AccessControl.aspx	HO/Sys_AccessControl.aspx
HO		Sys_MetaData.aspx	HO/Sys_MetaData.aspx
HO		TerroristGroupdetails.aspx	HO/TerroristGroupdetails.aspx
HO		TerroristGroupdetails_V1.aspx	HO/TerroristGroupdetails_V1.aspx
HO		VerifyAadhar.aspx	HO/VerifyAadhar.aspx
HO		VerifyDocuments.aspx	HO/VerifyDocuments.aspx
HO		VerifyPancard.aspx	HO/VerifyPancard.aspx
HO		a_UserOtherBranchLogin.aspx	HO/a_UserOtherBranchLogin.aspx
HO		b_ATMAccCatSkip.aspx	HO/b_ATMAccCatSkip.aspx
HO		b_AccountEmailMap.aspx	HO/b_AccountEmailMap.aspx
HO		b_AutoScheduleLog.aspx	HO/b_AutoScheduleLog.aspx
HO		b_BlackListedAcc.aspx	HO/b_BlackListedAcc.aspx
HO		b_CTSSubMemberBank.aspx	HO/b_CTSSubMemberBank.aspx
HO		b_ClientCKYCRUpdateFlagPopup.aspx	HO/b_ClientCKYCRUpdateFlagPopup.aspx
HO		b_ClientCKYCR_V1.aspx	HO/b_ClientCKYCR_V1.aspx
HO		b_ClientCKYCR_V3.aspx	HO/b_ClientCKYCR_V3.aspx
HO		b_ClientSTRInfo.aspx	HO/b_ClientSTRInfo.aspx
HO		b_ClientV1.aspx	HO/b_ClientV1.aspx
HO		b_GstExcludeGL.aspx	HO/b_GstExcludeGL.aspx
HO		b_IMPSUPILimit.aspx	HO/b_IMPSUPILimit.aspx
HO		b_IbtLimitMapping.aspx	HO/b_IbtLimitMapping.aspx
HO		b_PigmyIntCommChart.aspx	HO/b_PigmyIntCommChart.aspx
HO		b_PigmyInterestSlab.aspx	HO/b_PigmyInterestSlab.aspx
HO		b_RiskCategory.aspx	HO/b_RiskCategory.aspx
HO		b_clientv2.aspx	HO/b_clientv2.aspx
HO	client_image_verify	client_doc_verify.aspx	HO/client_image_verify/client_doc_verify.aspx
HO	client_image_verify	client_doc_verify_handler.aspx	HO/client_image_verify/client_doc_verify_handler.aspx
HO		g_BlackListedDomain.aspx	HO/g_BlackListedDomain.aspx
HO		g_ClientGroup.aspx	HO/g_ClientGroup.aspx
HO		g_ClientIncomeDet.aspx	HO/g_ClientIncomeDet.aspx
HO		g_CustomerOnBoarding.aspx	HO/g_CustomerOnBoarding.aspx
HO		g_PigmyCommisionMapping.aspx	HO/g_PigmyCommisionMapping.aspx
HO		sys_AutoProcessConfig.aspx	HO/sys_AutoProcessConfig.aspx
HO		x_GetGstData.aspx	HO/x_GetGstData.aspx
HO		x_GstGLBalanceReport.aspx	HO/x_GstGLBalanceReport.aspx
HO		x_IncomeGSTTrans.aspx	HO/x_IncomeGSTTrans.aspx
HO		x_IncomeGSTTransV1.aspx	HO/x_IncomeGSTTransV1.aspx
Helpdesk		HD_TranLimitslab.aspx	Helpdesk/HD_TranLimitslab.aspx
Helpdesk		HelpDeskPasswordPolicyConfig.aspx	Helpdesk/HelpDeskPasswordPolicyConfig.aspx
Helpdesk		MapHelpDeskAccounts.aspx	Helpdesk/MapHelpDeskAccounts.aspx
Helpdesk		MapHelpDeskAccountsV1.aspx	Helpdesk/MapHelpDeskAccountsV1.aspx
Helpdesk		UserTrailLog.aspx	Helpdesk/UserTrailLog.aspx
Helpdesk		hd_AllRequest.aspx	Helpdesk/hd_AllRequest.aspx
Helpdesk		hd_AllRequestInfo.aspx	Helpdesk/hd_AllRequestInfo.aspx
Helpdesk		hd_ApprovalAuthority.aspx	Helpdesk/hd_ApprovalAuthority.aspx
Helpdesk		hd_DashBoard.aspx	Helpdesk/hd_DashBoard.aspx
Helpdesk		hd_DashboardDetailPopup.aspx	Helpdesk/hd_DashboardDetailPopup.aspx
Helpdesk		hd_DepositSchemeMap.aspx	Helpdesk/hd_DepositSchemeMap.aspx
Helpdesk		hd_EmailConfig.aspx	Helpdesk/hd_EmailConfig.aspx
Helpdesk		hd_ExcludeIBHead.aspx	Helpdesk/hd_ExcludeIBHead.aspx
Helpdesk		hd_FeatureConfig.aspx	Helpdesk/hd_FeatureConfig.aspx
Helpdesk		hd_InternetBankingReport.aspx	Helpdesk/hd_InternetBankingReport.aspx
Helpdesk		hd_LoginText.aspx	Helpdesk/hd_LoginText.aspx
Helpdesk		hd_ResendMail.aspx	Helpdesk/hd_ResendMail.aspx
Helpdesk		hd_ResendMailV1.aspx	Helpdesk/hd_ResendMailV1.aspx
Helpdesk		hd_ServiceStatus.aspx	Helpdesk/hd_ServiceStatus.aspx
Helpdesk		hd_TransactionReport.aspx	Helpdesk/hd_TransactionReport.aspx
Helpdesk		hd_UserRelease.aspx	Helpdesk/hd_UserRelease.aspx
Hr		g_Bank.aspx	Hr/g_Bank.aspx
Hr		g_Language.aspx	Hr/g_Language.aspx
Hr		h_CourseHistory.aspx	Hr/h_CourseHistory.aspx
Hr		h_DiscipAction.aspx	Hr/h_DiscipAction.aspx
Hr		h_DiscipActionHistory.aspx	Hr/h_DiscipActionHistory.aspx
Hr		h_EmployeeDataCard.aspx	Hr/h_EmployeeDataCard.aspx
Hr		h_EmployeeDataCardDetails.aspx	Hr/h_EmployeeDataCardDetails.aspx
Hr		h_ExprHistory.aspx	Hr/h_ExprHistory.aspx
Hr		h_HonAward.aspx	Hr/h_HonAward.aspx
Hr		h_HonAwardHistory.aspx	Hr/h_HonAwardHistory.aspx
Hr		h_LeaveApplication.aspx	Hr/h_LeaveApplication.aspx
Hr		h_LeaveApproval.aspx	Hr/h_LeaveApproval.aspx
Hr		h_LeaveCancellation.aspx	Hr/h_LeaveCancellation.aspx
Hr		h_LeaveType.aspx	Hr/h_LeaveType.aspx
Hr		h_PromHistory.aspx	Hr/h_PromHistory.aspx
Hr		h_Promotion.aspx	Hr/h_Promotion.aspx
Hr		h_Qualification.aspx	Hr/h_Qualification.aspx
Hr		h_QualificationHistory.aspx	Hr/h_QualificationHistory.aspx
Hr		h_Transfer.aspx	Hr/h_Transfer.aspx
Hr		h_TransferHistory.aspx	Hr/h_TransferHistory.aspx
Hr		h_TransferV1.aspx	Hr/h_TransferV1.aspx
(root)		InitSession.aspx	InitSession.aspx
Inventory		i_AssetSale.aspx	Inventory/i_AssetSale.aspx
Inventory		i_AssetScrap.aspx	Inventory/i_AssetScrap.aspx
Inventory		i_BrInvRegister.aspx	Inventory/i_BrInvRegister.aspx
Inventory		i_BrInvRegisterPop.aspx	Inventory/i_BrInvRegisterPop.aspx
Inventory		i_ConsumableDisposal.aspx	Inventory/i_ConsumableDisposal.aspx
Inventory		i_Depriciation.aspx	Inventory/i_Depriciation.aspx
Inventory		i_DepriciationCalculation.aspx	Inventory/i_DepriciationCalculation.aspx
Inventory		i_EstimateReport.aspx	Inventory/i_EstimateReport.aspx
Inventory		i_HSNCode.aspx	Inventory/i_HSNCode.aspx
Inventory		i_InvAllocation.aspx	Inventory/i_InvAllocation.aspx
Inventory		i_InvRequest.aspx	Inventory/i_InvRequest.aspx
Inventory		i_InventoryRegister.aspx	Inventory/i_InventoryRegister.aspx
Inventory		i_Item.aspx	Inventory/i_Item.aspx
Inventory		i_ItemDetailsPopup.aspx	Inventory/i_ItemDetailsPopup.aspx
Inventory		i_ItemPurchase.aspx	Inventory/i_ItemPurchase.aspx
Inventory		i_OPeningBalance.aspx	Inventory/i_OPeningBalance.aspx
Inventory		i_Supplier.aspx	Inventory/i_Supplier.aspx
Inventory		i_SupplierPayment.aspx	Inventory/i_SupplierPayment.aspx
Inventory		i_SupplierPaymentPopup.aspx	Inventory/i_SupplierPaymentPopup.aspx
Inventory		i_SupplierPaymentReport.aspx	Inventory/i_SupplierPaymentReport.aspx
Inventory		i_UnitOfMeasurement.aspx	Inventory/i_UnitOfMeasurement.aspx
Inventory		i_masterReport.aspx	Inventory/i_masterReport.aspx
Inventory		i_transactionReport.aspx	Inventory/i_transactionReport.aspx
(root)		KeyHelp.aspx	KeyHelp.aspx
Lockers		K_LockerAccChange.aspx	Lockers/K_LockerAccChange.aspx
Lockers		K_LockerSignature.aspx	Lockers/K_LockerSignature.aspx
Lockers		k_LockerAccChangeHistoryPopup.aspx	Lockers/k_LockerAccChangeHistoryPopup.aspx
Lockers		k_LockerAdvRental.aspx	Lockers/k_LockerAdvRental.aspx
Lockers		k_LockerBreak.aspx	Lockers/k_LockerBreak.aspx
Lockers		k_LockerIssue.aspx	Lockers/k_LockerIssue.aspx
Lockers		k_LockerMake.aspx	Lockers/k_LockerMake.aspx
Lockers		k_LockerMaster.aspx	Lockers/k_LockerMaster.aspx
Lockers		k_LockerOpratorSignPopup.aspx	Lockers/k_LockerOpratorSignPopup.aspx
Lockers		k_LockerReturn.aspx	Lockers/k_LockerReturn.aspx
Lockers		k_LockerType.aspx	Lockers/k_LockerType.aspx
Lockers		k_LockerVerifyPassPopup.aspx	Lockers/k_LockerVerifyPassPopup.aspx
Lockers		k_LockerVisiting.aspx	Lockers/k_LockerVisiting.aspx
Lockers		k_LockerWaitlist.aspx	Lockers/k_LockerWaitlist.aspx
Lockers		k_NomineeOperatorHisPopup.aspx	Lockers/k_NomineeOperatorHisPopup.aspx
(root)		Login.aspx	Login.aspx
Reconciliation		Re_OutPutType.aspx	Reconciliation/Re_OutPutType.aspx
Reconciliation		re_AccountMapping.aspx	Reconciliation/re_AccountMapping.aspx
Reconciliation		re_BankAccountInformation.aspx	Reconciliation/re_BankAccountInformation.aspx
Reconciliation		re_DeleteOLedgerImportData.aspx	Reconciliation/re_DeleteOLedgerImportData.aspx
Reconciliation		re_DeleteTLedgerImportData.aspx	Reconciliation/re_DeleteTLedgerImportData.aspx
Reconciliation		re_FWATMRecConfig.aspx	Reconciliation/re_FWATMRecConfig.aspx
Reconciliation		re_FWATMTerminalFormatMapping.aspx	Reconciliation/re_FWATMTerminalFormatMapping.aspx
Reconciliation		re_FWAccountTransactionMapping.aspx	Reconciliation/re_FWAccountTransactionMapping.aspx
Reconciliation		re_FWAutoReconRRNWise.aspx	Reconciliation/re_FWAutoReconRRNWise.aspx
Reconciliation		re_FWAutoReconRRNWisePopUp.aspx	Reconciliation/re_FWAutoReconRRNWisePopUp.aspx
Reconciliation		re_FWAutoReconciliation.aspx	Reconciliation/re_FWAutoReconciliation.aspx
Reconciliation		re_FWConfigDataFilter.aspx	Reconciliation/re_FWConfigDataFilter.aspx
Reconciliation		re_FWConfigTextFile.aspx	Reconciliation/re_FWConfigTextFile.aspx
Reconciliation		re_FWDSRFileItemList.aspx	Reconciliation/re_FWDSRFileItemList.aspx
Reconciliation		re_FWDeleteDSRUnpassedData.aspx	Reconciliation/re_FWDeleteDSRUnpassedData.aspx
Reconciliation		re_FWDeleteImportDSRFileData.aspx	Reconciliation/re_FWDeleteImportDSRFileData.aspx
Reconciliation		re_FWDeleteImportData.aspx	Reconciliation/re_FWDeleteImportData.aspx
Reconciliation		re_FWDeleteImportSettlementData.aspx	Reconciliation/re_FWDeleteImportSettlementData.aspx
Reconciliation		re_FWDisputeCaseCofiguration.aspx	Reconciliation/re_FWDisputeCaseCofiguration.aspx
Reconciliation		re_FWDisputeCaseConfiguration.aspx	Reconciliation/re_FWDisputeCaseConfiguration.aspx
Reconciliation		re_FWDisputeTransaction.aspx	Reconciliation/re_FWDisputeTransaction.aspx
Reconciliation		re_FWFileMapping.aspx	Reconciliation/re_FWFileMapping.aspx
Reconciliation		re_FWForceReconciliation.aspx	Reconciliation/re_FWForceReconciliation.aspx
Reconciliation		re_FWFormWiseEntity.aspx	Reconciliation/re_FWFormWiseEntity.aspx
Reconciliation		re_FWImportDSRExcelFile.aspx	Reconciliation/re_FWImportDSRExcelFile.aspx
Reconciliation		re_FWImportEJPoolTextFile.aspx	Reconciliation/re_FWImportEJPoolTextFile.aspx
Reconciliation		re_FWImportEJPoolTextFileMulti.aspx	Reconciliation/re_FWImportEJPoolTextFileMulti.aspx
Reconciliation		re_FWImportEntityFile.aspx	Reconciliation/re_FWImportEntityFile.aspx
Reconciliation		re_FWImportExcelFile.aspx	Reconciliation/re_FWImportExcelFile.aspx
Reconciliation		re_FWImportExcelFileMulti.aspx	Reconciliation/re_FWImportExcelFileMulti.aspx
Reconciliation		re_FWImportPOSExcelFile.aspx	Reconciliation/re_FWImportPOSExcelFile.aspx
Reconciliation		re_FWImportSwitchExcelFile.aspx	Reconciliation/re_FWImportSwitchExcelFile.aspx
Reconciliation		re_FWImportSwitchExcelFileMulti.aspx	Reconciliation/re_FWImportSwitchExcelFileMulti.aspx
Reconciliation		re_FWImportTextFile.aspx	Reconciliation/re_FWImportTextFile.aspx
Reconciliation		re_FWImportTextFileMulti.aspx	Reconciliation/re_FWImportTextFileMulti.aspx
Reconciliation		re_FWImportTrustLedger.aspx	Reconciliation/re_FWImportTrustLedger.aspx
Reconciliation		re_FWLoadFile.aspx	Reconciliation/re_FWLoadFile.aspx
Reconciliation		re_FWManualReconciliation.aspx	Reconciliation/re_FWManualReconciliation.aspx
Reconciliation		re_FWManualReconciliationRollBack.aspx	Reconciliation/re_FWManualReconciliationRollBack.aspx
Reconciliation		re_FWSettlementAccount.aspx	Reconciliation/re_FWSettlementAccount.aspx
Reconciliation		re_FWSettlementAccountLedger.aspx	Reconciliation/re_FWSettlementAccountLedger.aspx
Reconciliation		re_FWSettlementImportMulti.aspx	Reconciliation/re_FWSettlementImportMulti.aspx
Reconciliation		re_FWSettlementItemList.aspx	Reconciliation/re_FWSettlementItemList.aspx
Reconciliation		re_FWSettlementItemListConfiguration.aspx	Reconciliation/re_FWSettlementItemListConfiguration.aspx
Reconciliation		re_FWSettlementItemListMonthly.aspx	Reconciliation/re_FWSettlementItemListMonthly.aspx
Reconciliation		re_FWTransaction.aspx	Reconciliation/re_FWTransaction.aspx
Reconciliation		re_FWTransactionCons.aspx	Reconciliation/re_FWTransactionCons.aspx
Reconciliation		re_FWTransactionDSR.aspx	Reconciliation/re_FWTransactionDSR.aspx
Reconciliation		re_FWTransactionDSRPassing.aspx	Reconciliation/re_FWTransactionDSRPassing.aspx
Reconciliation		re_FWTransactionDaily.aspx	Reconciliation/re_FWTransactionDaily.aspx
Reconciliation		re_FWTransactionDailyPassing.aspx	Reconciliation/re_FWTransactionDailyPassing.aspx
Reconciliation		re_FWTransactionMonthly.aspx	Reconciliation/re_FWTransactionMonthly.aspx
Reconciliation		re_FWTransactionMonthlyPassing.aspx	Reconciliation/re_FWTransactionMonthlyPassing.aspx
Reconciliation		re_FWTransactionMonthlyPopUp.aspx	Reconciliation/re_FWTransactionMonthlyPopUp.aspx
Reconciliation		re_FWTransactionPassing.aspx	Reconciliation/re_FWTransactionPassing.aspx
Reconciliation		re_FWTransactionPopUp.aspx	Reconciliation/re_FWTransactionPopUp.aspx
Reconciliation		re_LedgerEntry.aspx	Reconciliation/re_LedgerEntry.aspx
Reconciliation		re_LedgerFileDataImport.aspx	Reconciliation/re_LedgerFileDataImport.aspx
Reconciliation		re_MultiReconciliation.aspx	Reconciliation/re_MultiReconciliation.aspx
Reconciliation		re_MultiReconciliationV1.aspx	Reconciliation/re_MultiReconciliationV1.aspx
Reconciliation		re_OurLedgerImport.aspx	Reconciliation/re_OurLedgerImport.aspx
Reconciliation		re_Owner.aspx	Reconciliation/re_Owner.aspx
Reconciliation		re_ProcessTypeMatchCriteria.aspx	Reconciliation/re_ProcessTypeMatchCriteria.aspx
Reconciliation		re_Reconciliation.aspx	Reconciliation/re_Reconciliation.aspx
Reconciliation		re_ReconciliationRollBack.aspx	Reconciliation/re_ReconciliationRollBack.aspx
Reconciliation		re_ReconciliationRollBackBatch.aspx	Reconciliation/re_ReconciliationRollBackBatch.aspx
Reconciliation		re_ReconciliationRollBackV1.aspx	Reconciliation/re_ReconciliationRollBackV1.aspx
Reconciliation		re_ReconciliationRollBackV2.aspx	Reconciliation/re_ReconciliationRollBackV2.aspx
Reconciliation		re_SelfReconciliation.aspx	Reconciliation/re_SelfReconciliation.aspx
Reconciliation		re_SelfReconciliationV1.aspx	Reconciliation/re_SelfReconciliationV1.aspx
Reconciliation		re_SingleReconciliationRollback.aspx	Reconciliation/re_SingleReconciliationRollback.aspx
Reconciliation		re_TLedgerImportDataEdit.aspx	Reconciliation/re_TLedgerImportDataEdit.aspx
Reconciliation		re_TextFileConfiguration.aspx	Reconciliation/re_TextFileConfiguration.aspx
Reconciliation		re_TheirLedgerExcelDataTransfer.aspx	Reconciliation/re_TheirLedgerExcelDataTransfer.aspx
Reports	Admin	AdminDatalogreport.aspx	Reports/Admin/AdminDatalogreport.aspx
Reports	Admin	AdminReport.aspx	Reports/Admin/AdminReport.aspx
Reports	Admin	BankBranchLogReport.aspx	Reports/Admin/BankBranchLogReport.aspx
Reports	Admin	DepositSchemeLogReport.aspx	Reports/Admin/DepositSchemeLogReport.aspx
Reports	Admin	EmpTransferLogReport.aspx	Reports/Admin/EmpTransferLogReport.aspx
Reports	Admin	GLIntMappLogReport.aspx	Reports/Admin/GLIntMappLogReport.aspx
Reports	Admin	LoanSchemeLogReport.aspx	Reports/Admin/LoanSchemeLogReport.aspx
Reports	Admin	UserActivityLogReport.aspx	Reports/Admin/UserActivityLogReport.aspx
Reports	Admin	UserLoginTypeLogReport.aspx	Reports/Admin/UserLoginTypeLogReport.aspx
Reports	Admin	UserRightsLogReport.aspx	Reports/Admin/UserRightsLogReport.aspx
Reports	AgriLoans	AgriDisbReport.aspx	Reports/AgriLoans/AgriDisbReport.aspx
Reports	AgriLoans	InterestSubventionReport.aspx	Reports/AgriLoans/InterestSubventionReport.aspx
Reports	AgriLoans	PACSTransferReport.aspx	Reports/AgriLoans/PACSTransferReport.aspx
Reports	AgriLoans	PACSTransferReportDet.aspx	Reports/AgriLoans/PACSTransferReportDet.aspx
Reports	CKYC	CKYCReports.aspx	Reports/CKYC/CKYCReports.aspx
Reports	CKYC	kyc_ReportSettings.aspx	Reports/CKYC/kyc_ReportSettings.aspx
Reports		CrystalViewer.aspx	Reports/CrystalViewer.aspx
Reports		CustomizeAdHoc.aspx	Reports/CustomizeAdHoc.aspx
Reports		CustomizeAdHocConfig.aspx	Reports/CustomizeAdHocConfig.aspx
Reports	EmployeeDemand	DemandRecoveryStatementReport.aspx	Reports/EmployeeDemand/DemandRecoveryStatementReport.aspx
Reports	EmployeeDemand	DemandSentReceivedStatement.aspx	Reports/EmployeeDemand/DemandSentReceivedStatement.aspx
Reports	EmployeeDemand	EmployeeDemandDiffAmount.aspx	Reports/EmployeeDemand/EmployeeDemandDiffAmount.aspx
Reports	EmployeeDemand	EmployeeDemandLetter.aspx	Reports/EmployeeDemand/EmployeeDemandLetter.aspx
Reports	EmployeeDemand	EmployeeDemandShortTermReport.aspx	Reports/EmployeeDemand/EmployeeDemandShortTermReport.aspx
Reports	EmployeeDemand	EmployeeDemandTallyReport.aspx	Reports/EmployeeDemand/EmployeeDemandTallyReport.aspx
Reports	EmployeeDemand	EmplyeeDemandGeneration_NICBEL.aspx	Reports/EmployeeDemand/EmplyeeDemandGeneration_NICBEL.aspx
Reports	EmployeeDemand	EmplyeeDemandModify.aspx	Reports/EmployeeDemand/EmplyeeDemandModify.aspx
Reports	EmployeeDemand	LoanEligibilityCertificate.aspx	Reports/EmployeeDemand/LoanEligibilityCertificate.aspx
Reports	EmployeeDemand	MemberDetailsReport.aspx	Reports/EmployeeDemand/MemberDetailsReport.aspx
Reports	EmployeeDemand	MemberTransferDetails.aspx	Reports/EmployeeDemand/MemberTransferDetails.aspx
Reports	EmployeeDemand	MemberWiseConsReport.aspx	Reports/EmployeeDemand/MemberWiseConsReport.aspx
Reports	EmployeeDemand	MemberWiseDemandModification.aspx	Reports/EmployeeDemand/MemberWiseDemandModification.aspx
Reports	EmployeeDemand	MonthlyRecoveryReport.aspx	Reports/EmployeeDemand/MonthlyRecoveryReport.aspx
Reports	EmployeeDemand	RecoveryScheduleReport.aspx	Reports/EmployeeDemand/RecoveryScheduleReport.aspx
Reports	Hr	ReportOptions.aspx	Reports/Hr/ReportOptions.aspx
Reports	Inventory	LockerReport.aspx	Reports/Inventory/Lockers/LockerReport.aspx
Reports	Lockers	BrWiseUnutilisedLockerReport.aspx	Reports/Lockers/BrWiseUnutilisedLockerReport.aspx
Reports	Lockers	LockerReport.aspx	Reports/Lockers/LockerReport.aspx
Reports	Lockers	LockerWaitListReport.aspx	Reports/Lockers/LockerWaitListReport.aspx
Reports	Lockers	k_LockerExpiryLetter.aspx	Reports/Lockers/k_LockerExpiryLetter.aspx
Reports		NABARDAdHoc.aspx	Reports/NABARDAdHoc.aspx
Reports	PACS	x_PACSReportOptions.aspx	Reports/PACS/x_PACSReportOptions.aspx
Reports	ProjectFormulation	p_LoanApplicationReport.aspx	Reports/ProjectFormulation/p_LoanApplicationReport.aspx
Reports	RBI Report	AnnualInfReportForm61A.aspx	Reports/RBI Report/AnnualInfReportForm61A.aspx
Reports	RBI Report	AnnualInfReportForm61A_SFT016.aspx	Reports/RBI Report/AnnualInfReportForm61A_SFT016.aspx
Reports	RBI Report	AnnualInfReportForm61A_export.aspx	Reports/RBI Report/AnnualInfReportForm61A_export.aspx
Reports	RBI Report	CIBIL.aspx	Reports/RBI Report/CIBIL.aspx
Reports	RBI Report	CIBIL_AgencySegment.aspx	Reports/RBI Report/CIBIL_AgencySegment.aspx
Reports	RBI Report	CIBIL_BusinessIndustryTypeMapping.aspx	Reports/RBI Report/CIBIL_BusinessIndustryTypeMapping.aspx
Reports	RBI Report	CIBIL_CommercialRelationshipMapping.aspx	Reports/RBI Report/CIBIL_CommercialRelationshipMapping.aspx
Reports	RBI Report	CIBIL_ConstitutionTypeMapping.aspx	Reports/RBI Report/CIBIL_ConstitutionTypeMapping.aspx
Reports	RBI Report	CIBIL_JLGMicroFin.aspx	Reports/RBI Report/CIBIL_JLGMicroFin.aspx
Reports	RBI Report	CIBIL_ProductConfiguration.aspx	Reports/RBI Report/CIBIL_ProductConfiguration.aspx
Reports	RBI Report	ConsolidateReport.aspx	Reports/RBI Report/ConsolidateReport.aspx
Reports	RBI Report	RBIDataFilterView.aspx	Reports/RBI Report/RBIDataFilterView.aspx
Reports	RBI Report	RBIDataFilterView_export.aspx	Reports/RBI Report/RBIDataFilterView_export.aspx
Reports	RBI Report	RBIReport.aspx	Reports/RBI Report/RBIReport.aspx
Reports	RBI Report	RBIReportConfiguration.aspx	Reports/RBI Report/RBIReportConfiguration.aspx
Reports	RBI Report	rp_CRRSLRpercentage.aspx	Reports/RBI Report/rp_CRRSLRpercentage.aspx
Reports	RBI Report	rp_DatabankDiagnose.aspx	Reports/RBI Report/rp_DatabankDiagnose.aspx
Reports	RBI Report	rp_DiagnosedDifferencePopUp.aspx	Reports/RBI Report/rp_DiagnosedDifferencePopUp.aspx
Reports	RBI Report	rp_GroupBorrowerReport.aspx	Reports/RBI Report/rp_GroupBorrowerReport.aspx
Reports	RBI Report	rp_IndustryMapping.aspx	Reports/RBI Report/rp_IndustryMapping.aspx
Reports	RBI Report	rp_RBIConfiguration.aspx	Reports/RBI Report/rp_RBIConfiguration.aspx
Reports	RBI Report	rp_RBIConfigurationLog.aspx	Reports/RBI Report/rp_RBIConfigurationLog.aspx
Reports	RBI Report	rp_RBIOSSIntegrityData.aspx	Reports/RBI Report/rp_RBIOSSIntegrityData.aspx
Reports	RBI Report	rp_RBIOSSIntegrityDataExecutor.aspx	Reports/RBI Report/rp_RBIOSSIntegrityDataExecutor.aspx
Reports	RBI Report	rp_RBIUnbindedCOA.aspx	Reports/RBI Report/rp_RBIUnbindedCOA.aspx
Reports	RBI Report	rp_TargetMaster.aspx	Reports/RBI Report/rp_TargetMaster.aspx
Reports	RBI Report	rp_VariousRatios.aspx	Reports/RBI Report/rp_VariousRatios.aspx
Reports		RBIIndentAdHoc_export.aspx	Reports/RBIIndentAdHoc_export.aspx
Reports	Reconciliation	AgeAnalysisInterBankRec.aspx	Reports/Reconciliation/AgeAnalysisInterBankRec.aspx
Reports	Reconciliation	OutPutTypeReport.aspx	Reports/Reconciliation/OutPutTypeReport.aspx
Reports	Reconciliation	re_FWAllUnPassTransactionReport.aspx	Reports/Reconciliation/re_FWAllUnPassTransactionReport.aspx
Reports	Reconciliation	re_FWAtmReports.aspx	Reports/Reconciliation/re_FWAtmReports.aspx
Reports	Reconciliation	re_FWCbsMtiMapping.aspx	Reports/Reconciliation/re_FWCbsMtiMapping.aspx
Reports	Reconciliation	re_FWDSRFileReport.aspx	Reports/Reconciliation/re_FWDSRFileReport.aspx
Reports	Reconciliation	re_FWDSRSummaryReport.aspx	Reports/Reconciliation/re_FWDSRSummaryReport.aspx
Reports	Reconciliation	re_FWDailyReconciliationReport.aspx	Reports/Reconciliation/re_FWDailyReconciliationReport.aspx
Reports	Reconciliation	re_FWDisputeTransactionReport.aspx	Reports/Reconciliation/re_FWDisputeTransactionReport.aspx
Reports	Reconciliation	re_FWFilterReconData.aspx	Reports/Reconciliation/re_FWFilterReconData.aspx
Reports	Reconciliation	re_FWForceReconcileTransactionReport.aspx	Reports/Reconciliation/re_FWForceReconcileTransactionReport.aspx
Reports	Reconciliation	re_FWGetSettlementCommissionReport.aspx	Reports/Reconciliation/re_FWGetSettlementCommissionReport.aspx
Reports	Reconciliation	re_FWImportSettlementReport.aspx	Reports/Reconciliation/re_FWImportSettlementReport.aspx
Reports	Reconciliation	re_FWLedgerReport.aspx	Reports/Reconciliation/re_FWLedgerReport.aspx
Reports	Reconciliation	re_FWNPCI_CBS_EntryStatusReport.aspx	Reports/Reconciliation/re_FWNPCI_CBS_EntryStatusReport.aspx
Reports	Reconciliation	re_FWNPCI_CBS_StatusReport.aspx	Reports/Reconciliation/re_FWNPCI_CBS_StatusReport.aspx
Reports	Reconciliation	re_FWReconSummaryReport.aspx	Reports/Reconciliation/re_FWReconSummaryReport.aspx
Reports	Reconciliation	re_FWReconcileTransactionPopUp.aspx	Reports/Reconciliation/re_FWReconcileTransactionPopUp.aspx
Reports	Reconciliation	re_FWReconcileTransactionReport.aspx	Reports/Reconciliation/re_FWReconcileTransactionReport.aspx
Reports	Reconciliation	re_FWReconciliationDashboard.aspx	Reports/Reconciliation/re_FWReconciliationDashboard.aspx
Reports	Reconciliation	re_FWReconciliationDashboardPopUp.aspx	Reports/Reconciliation/re_FWReconciliationDashboardPopUp.aspx
Reports	Reconciliation	re_FWSettlementAccountLedgerReport.aspx	Reports/Reconciliation/re_FWSettlementAccountLedgerReport.aspx
Reports	Reconciliation	re_FWSettlementReport.aspx	Reports/Reconciliation/re_FWSettlementReport.aspx
Reports	Reconciliation	re_FWSettlementSummaryComparisionReport.aspx	Reports/Reconciliation/re_FWSettlementSummaryComparisionReport.aspx
Reports	Reconciliation	re_FWSettlementSummaryReport.aspx	Reports/Reconciliation/re_FWSettlementSummaryReport.aspx
Reports	Reconciliation	re_FWTransactionDSRPassUnpassReport.aspx	Reports/Reconciliation/re_FWTransactionDSRPassUnpassReport.aspx
Reports	Reconciliation	re_FWTransactionPassReport.aspx	Reports/Reconciliation/re_FWTransactionPassReport.aspx
Reports	Reconciliation	re_FWTransactionPassReportDaily.aspx	Reports/Reconciliation/re_FWTransactionPassReportDaily.aspx
Reports	Reconciliation	re_FWTransactionPassReportMonthly.aspx	Reports/Reconciliation/re_FWTransactionPassReportMonthly.aspx
Reports	Reconciliation	re_FWTrustBankSettelmentSummaryReport.aspx	Reports/Reconciliation/re_FWTrustBankSettelmentSummaryReport.aspx
Reports	Reconciliation	re_FWUnReconcileTransactionReport.aspx	Reports/Reconciliation/re_FWUnReconcileTransactionReport.aspx
Reports	Reconciliation	re_FwDayBatchReport.aspx	Reports/Reconciliation/re_FwDayBatchReport.aspx
Reports	Reconciliation	re_LedgerReport.aspx	Reports/Reconciliation/re_LedgerReport.aspx
Reports	Reconciliation	re_OutPutTypeSummaryReport.aspx	Reports/Reconciliation/re_OutPutTypeSummaryReport.aspx
Reports	Reconciliation	re_ProcessTypeReport.aspx	Reports/Reconciliation/re_ProcessTypeReport.aspx
Reports	Reconciliation	re_UnRecInterBankAdjConsReport.aspx	Reports/Reconciliation/re_UnRecInterBankAdjConsReport.aspx
Reports	Reconciliation	re_UnRecInterBrAdjEntrReport.aspx	Reports/Reconciliation/re_UnRecInterBrAdjEntrReport.aspx
Reports		ReportSelector.aspx	Reports/ReportSelector.aspx
Reports		ReportsSourceHandler.aspx	Reports/ReportsSourceHandler.aspx
Reports		ReportsTargetHandler.aspx	Reports/ReportsTargetHandler.aspx
Reports	RetailBanking	206ABCCAReport.aspx	Reports/RetailBanking/206ABCCAReport.aspx
Reports	RetailBanking	ABCDReport.aspx	Reports/RetailBanking/ABCDReport.aspx
Reports	RetailBanking	AMLAccountWiseCriteria.aspx	Reports/RetailBanking/AML/AMLAccountWiseCriteria.aspx
Reports	RetailBanking	AMLClientWhiteListAdd.aspx	Reports/RetailBanking/AML/AMLClientWhiteListAdd.aspx
Reports	RetailBanking	AMLClientWhiteListPass.aspx	Reports/RetailBanking/AML/AMLClientWhiteListPass.aspx
Reports	RetailBanking	AMLDataScheduler.aspx	Reports/RetailBanking/AML/AMLDataScheduler.aspx
Reports	RetailBanking	AMLGetRiskCategoryAcc.aspx	Reports/RetailBanking/AML/AMLGetRiskCategoryAcc.aspx
Reports	RetailBanking	AMLKYCDetailsPopUp.aspx	Reports/RetailBanking/AML/AMLKYCDetailsPopUp.aspx
Reports	RetailBanking	AMLMonthWiseAlerts.aspx	Reports/RetailBanking/AML/AMLMonthWiseAlerts.aspx
Reports	RetailBanking	AMLSettings.aspx	Reports/RetailBanking/AML/AMLSettings.aspx
Reports	RetailBanking	AMLTransactionWhiteListAdd.aspx	Reports/RetailBanking/AML/AMLTransactionWhiteListAdd.aspx
Reports	RetailBanking	AMLTransactionWhiteListPass.aspx	Reports/RetailBanking/AML/AMLTransactionWhiteListPass.aspx
Reports	RetailBanking	AMLWhiteListRecordRemove.aspx	Reports/RetailBanking/AML/AMLWhiteListRecordRemove.aspx
Reports	RetailBanking	AMLWhiteListTransactionRemove.aspx	Reports/RetailBanking/AML/AMLWhiteListTransactionRemove.aspx
Reports	RetailBanking	AML_AlertReport.aspx	Reports/RetailBanking/AML/AML_AlertReport.aspx
Reports	RetailBanking	AML_STRWhiteListedReport.aspx	Reports/RetailBanking/AML/AML_STRWhiteListedReport.aspx
Reports	RetailBanking	AML_SuspiciousMarkingReport.aspx	Reports/RetailBanking/AML/AML_SuspiciousMarkingReport.aspx
Reports	RetailBanking	AML_WhiteListMarking.aspx	Reports/RetailBanking/AML/AML_WhiteListMarking.aspx
Reports	RetailBanking	AmlVerificationMarkedByUserPopUp.aspx	Reports/RetailBanking/AML/AmlVerificationMarkedByUserPopUp.aspx
Reports	RetailBanking	AmlVerificationMarkedByUserPopUpWhiteList.aspx	Reports/RetailBanking/AML/AmlVerificationMarkedByUserPopUpWhiteList.aspx
Reports	RetailBanking	AmlWorkingDateReports.aspx	Reports/RetailBanking/AML/AmlWorkingDateReports.aspx
Reports	RetailBanking	AmlWorkingDateReportsV1.aspx	Reports/RetailBanking/AML/AmlWorkingDateReportsV1.aspx
Reports	RetailBanking	AmlWorkingDateReportsV1PopUp.aspx	Reports/RetailBanking/AML/AmlWorkingDateReportsV1PopUp.aspx
Reports	RetailBanking	AmlWorkingDateReportsV1_WithExcel.aspx	Reports/RetailBanking/AML/AmlWorkingDateReportsV1_WithExcel.aspx
Reports	RetailBanking	AmlWorkingDateReportsV2.aspx	Reports/RetailBanking/AML/AmlWorkingDateReportsV2.aspx
Reports	RetailBanking	AmlWorkingDateReportsV2PopUp.aspx	Reports/RetailBanking/AML/AmlWorkingDateReportsV2PopUp.aspx
Reports	RetailBanking	AmlWorkingDateReportsV3.aspx	Reports/RetailBanking/AML/AmlWorkingDateReportsV3.aspx
Reports	RetailBanking	AmlWorkingDateReportsWhiteListV1PopUp.aspx	Reports/RetailBanking/AML/AmlWorkingDateReportsWhiteListV1PopUp.aspx
Reports	RetailBanking	AntiMoneyLaundering.aspx	Reports/RetailBanking/AML/AntiMoneyLaundering.aspx
Reports	RetailBanking	BranchAMLMarking.aspx	Reports/RetailBanking/AML/BranchAMLMarking.aspx
Reports	RetailBanking	PrincipalOfficerAMLMarking.aspx	Reports/RetailBanking/AML/PrincipalOfficerAMLMarking.aspx
Reports	RetailBanking	STRAlertReport.aspx	Reports/RetailBanking/AML/STRAlertReport.aspx
Reports	RetailBanking	b_ATMCardBlockReport.aspx	Reports/RetailBanking/ATM/b_ATMCardBlockReport.aspx
Reports	RetailBanking	ATMAccMismatchTran.aspx	Reports/RetailBanking/ATMAccMismatchTran.aspx
Reports	RetailBanking	ATMDisputeReport.aspx	Reports/RetailBanking/ATMDisputeReport.aspx
Reports	RetailBanking	ATMReports.aspx	Reports/RetailBanking/ATMReports.aspx
Reports	RetailBanking	AccOpenCloseRegister.aspx	Reports/RetailBanking/AccOpenCloseRegister.aspx
Reports	RetailBanking	AccountLedger.aspx	Reports/RetailBanking/Account/AccountLedger.aspx
Reports	RetailBanking	AccountReportSetting.aspx	Reports/RetailBanking/Account/AccountReportSetting.aspx
Reports	RetailBanking	AllAccStmtbyClient.aspx	Reports/RetailBanking/Account/AllAccStmtbyClient.aspx
Reports	RetailBanking	AllAcc_Export.aspx	Reports/RetailBanking/Account/AllAcc_Export.aspx
Reports	RetailBanking	CCOprAccount.aspx	Reports/RetailBanking/Account/CCOprAccount.aspx
Reports	RetailBanking	DeafAccountDetailReport.aspx	Reports/RetailBanking/Account/DeafAccountDetailReport.aspx
Reports	RetailBanking	AccountBalancingReport.aspx	Reports/RetailBanking/AccountBalancingReport.aspx
Reports	RetailBanking	AccountClosingCertificate.aspx	Reports/RetailBanking/AccountClosingCertificate.aspx
Reports	RetailBanking	AccountOpenCloseSummary.aspx	Reports/RetailBanking/AccountOpenCloseSummary.aspx
Reports	RetailBanking	AccountStatement.aspx	Reports/RetailBanking/AccountStatement.aspx
Reports	RetailBanking	AllUnpassedReports.aspx	Reports/RetailBanking/AllUnpassedReports.aspx
Reports	RetailBanking	AuditReportSetting.aspx	Reports/RetailBanking/Audit/AuditReportSetting.aspx
Reports	RetailBanking	BGReportOptions.aspx	Reports/RetailBanking/BG/BGReportOptions.aspx
Reports	RetailBanking	BachatGatReports.aspx	Reports/RetailBanking/BachatGat/BachatGatReports.aspx
Reports	RetailBanking	BalanceCertificate.aspx	Reports/RetailBanking/BalanceCertificate.aspx
Reports	RetailBanking	BalancingReportSetting.aspx	Reports/RetailBanking/Balancing/BalancingReportSetting.aspx
Reports	RetailBanking	BookBalanceCertificateReport.aspx	Reports/RetailBanking/BookBalanceCertificateReport.aspx
Reports	RetailBanking	BranchReconciliationSummary.aspx	Reports/RetailBanking/BranchReconciliationSummary.aspx
Reports	RetailBanking	CTR.aspx	Reports/RetailBanking/CTR.aspx
Reports	RetailBanking	CTR_BranchDetails.aspx	Reports/RetailBanking/CTR/CTR_BranchDetails.aspx
Reports	RetailBanking	CTR_ControlFile.aspx	Reports/RetailBanking/CTR/CTR_ControlFile.aspx
Reports	RetailBanking	CTR_ReportFile.aspx	Reports/RetailBanking/CTR/CTR_ReportFile.aspx
Reports	RetailBanking	CTR_V1.aspx	Reports/RetailBanking/CTR_V1.aspx
Reports	RetailBanking	CashLimitDetails.aspx	Reports/RetailBanking/CashLimitDetails.aspx
Reports	RetailBanking	CashPosition.aspx	Reports/RetailBanking/CashPosition.aspx
Reports	RetailBanking	CashRemittanceReport.aspx	Reports/RetailBanking/CashRemittanceReport.aspx
Reports	RetailBanking	CashTDSReport.aspx	Reports/RetailBanking/CashTDSReport.aspx
Reports	RetailBanking	ChargesRecReport.aspx	Reports/RetailBanking/ChargesRecReport.aspx
Reports	RetailBanking	ChargesRecRpt.aspx	Reports/RetailBanking/ChargesRecRpt.aspx
Reports	RetailBanking	ChargesReport.aspx	Reports/RetailBanking/ChargesReport.aspx
Reports	RetailBanking	CentralizeOWClearingReport.aspx	Reports/RetailBanking/Clearing/CentralizeOWClearingReport.aspx
Reports	RetailBanking	ClearingReportSettings.aspx	Reports/RetailBanking/Clearing/ClearingReportSettings.aspx
Reports	RetailBanking	CtsOWContclrEntShift.aspx	Reports/RetailBanking/Clearing/CtsOWContclrEntShift.aspx
Reports	RetailBanking	HoldChequeDet.aspx	Reports/RetailBanking/Clearing/HoldChequeDet.aspx
Reports	RetailBanking	InwOutSubMemClearingReports.aspx	Reports/RetailBanking/Clearing/InwOutSubMemClearingReports.aspx
Reports	RetailBanking	InwardA6Report.aspx	Reports/RetailBanking/Clearing/InwardA6Report.aspx
Reports	RetailBanking	InwardReturnSummaryReport.aspx	Reports/RetailBanking/Clearing/InwardReturnSummaryReport.aspx
Reports	RetailBanking	IwChequeShiftReport.aspx	Reports/RetailBanking/Clearing/IwChequeShiftReport.aspx
Reports	RetailBanking	IwOwClrSummary.aspx	Reports/RetailBanking/Clearing/IwOwClrSummary.aspx
Reports	RetailBanking	IwProbableReturnReport.aspx	Reports/RetailBanking/Clearing/IwProbableReturnReport.aspx
Reports	RetailBanking	OwRecPayDetail.aspx	Reports/RetailBanking/Clearing/OwRecPayDetail.aspx
Reports	RetailBanking	OwRegisterReport.aspx	Reports/RetailBanking/Clearing/OwRegisterReport.aspx
Reports	RetailBanking	OwReturnBnSummary.aspx	Reports/RetailBanking/Clearing/OwReturnBnSummary.aspx
Reports	RetailBanking	PositivePaydetailsReport.aspx	Reports/RetailBanking/Clearing/PositivePaydetailsReport.aspx
Reports	RetailBanking	SubMemberPosition.aspx	Reports/RetailBanking/Clearing/SubMemberPosition.aspx
Reports	RetailBanking	ClientAccountInfo.aspx	Reports/RetailBanking/ClientAccountInfo.aspx
Reports	RetailBanking	ClientModLog.aspx	Reports/RetailBanking/ClientModLog.aspx
Reports	RetailBanking	ClientWithTerrorist.aspx	Reports/RetailBanking/ClientWithTerrorist.aspx
Reports	RetailBanking	ComparativeChartReport.aspx	Reports/RetailBanking/ComparativeChartReport.aspx
Reports	RetailBanking	CounterfeitNotesReceipt.aspx	Reports/RetailBanking/CounterfeitNotesReceipt.aspx
Reports	RetailBanking	CustAccInfoPrint.aspx	Reports/RetailBanking/CustAccInfoPrint.aspx
Reports	RetailBanking	DCBS.aspx	Reports/RetailBanking/DCBS/DCBS.aspx
Reports	RetailBanking	DCC_RBI_Report.aspx	Reports/RetailBanking/DCC_RBI_Report/DCC_RBI_Report.aspx
Reports	RetailBanking	DDPOReportSettings.aspx	Reports/RetailBanking/DDPOReports/DDPOReportSettings.aspx
Reports	RetailBanking	DailyReportSetting.aspx	Reports/RetailBanking/Daily Report/DailyReportSetting.aspx
Reports	RetailBanking	DataComareReports.aspx	Reports/RetailBanking/DataComareReports.aspx
Reports	RetailBanking	DayWiseInterestProduct.aspx	Reports/RetailBanking/DayWiseInterestProduct.aspx
Reports	RetailBanking	DeathClaimReport.aspx	Reports/RetailBanking/DeathClaim/DeathClaimReport.aspx
Reports	RetailBanking	DemandCollection.aspx	Reports/RetailBanking/DemandCollection.aspx
Reports	RetailBanking	DemandCollectionBalanceDCCYearly.aspx	Reports/RetailBanking/DemandCollectionBalanceDCCYearly.aspx
Reports	RetailBanking	DemandGenerationReport.aspx	Reports/RetailBanking/DemandGenerationReport.aspx
Reports	RetailBanking	DepAdvInterestLog.aspx	Reports/RetailBanking/DepAdvInterestLog.aspx
Reports	RetailBanking	DepAdvQtrAnnex.aspx	Reports/RetailBanking/DepAdvQtrAnnex.aspx
Reports	RetailBanking	DepositRatePeriodWise.aspx	Reports/RetailBanking/DepositRatePeriodWise.aspx
Reports	RetailBanking	DocumentExpiryReport.aspx	Reports/RetailBanking/DocumentExpiryReport.aspx
Reports	RetailBanking	ECSBankToSubMemShift.aspx	Reports/RetailBanking/ECS/ECSBankToSubMemShift.aspx
Reports	RetailBanking	ECSReportSettings.aspx	Reports/RetailBanking/ECS/ECSReportSettings.aspx
Reports	RetailBanking	ExceptionalReport.aspx	Reports/RetailBanking/ExceptionalReport.aspx
Reports	RetailBanking	ExcessCashReport.aspx	Reports/RetailBanking/ExcessCashReport.aspx
Reports	RetailBanking	FDMatNotPaidsummary.aspx	Reports/RetailBanking/FDMatNotPaidsummary.aspx
Reports	RetailBanking	FDRReportSettings.aspx	Reports/RetailBanking/FDR/FDRReportSettings.aspx
Reports	RetailBanking	FutureFDRenewal.aspx	Reports/RetailBanking/FDR/FutureFDRenewal.aspx
Reports	RetailBanking	FDRenewalReport.aspx	Reports/RetailBanking/FDRenewalReport.aspx
Reports	RetailBanking	Form60.aspx	Reports/RetailBanking/Form60.aspx
Reports	RetailBanking	FutureIntNotice.aspx	Reports/RetailBanking/FutureIntNotice.aspx
Reports	RetailBanking	FutureIntNoticeV1.aspx	Reports/RetailBanking/FutureIntNoticeV1.aspx
Reports	RetailBanking	GDCCStatements.aspx	Reports/RetailBanking/GDCCStatements.aspx
Reports	RetailBanking	GeneralLedgerConsolidation.aspx	Reports/RetailBanking/GeneralLedgerConsolidation.aspx
Reports	RetailBanking	GeneralLedgerReport.aspx	Reports/RetailBanking/GeneralLedgerReport.aspx
Reports	RetailBanking	GoldSecurityReport.aspx	Reports/RetailBanking/GoldSecurityReport.aspx
Reports	RetailBanking	HOBalance.aspx	Reports/RetailBanking/HOBalance.aspx
Reports	RetailBanking	BankDirRelReport.aspx	Reports/RetailBanking/HeadOffice/BankDirRelReport.aspx
Reports	RetailBanking	ChannelTranReport.aspx	Reports/RetailBanking/HeadOffice/ChannelTranReport.aspx
Reports	RetailBanking	HeadofficeReportSetting.aspx	Reports/RetailBanking/HeadOffice/HeadofficeReportSetting.aspx
Reports	RetailBanking	LoanSchemeChangeLog.aspx	Reports/RetailBanking/HeadOffice/LoanSchemeChangeLog.aspx
Reports	RetailBanking	TBBSPLReportSetting.aspx	Reports/RetailBanking/HeadOffice/TBBSPLReportSetting.aspx
Reports	RetailBanking	IBTMisTranReport.aspx	Reports/RetailBanking/IBTMisTranReport.aspx
Reports	RetailBanking	IncomeGSTReport.aspx	Reports/RetailBanking/IncomeGSTReport.aspx
Reports	RetailBanking	IntPaidPayRecdRecReport.aspx	Reports/RetailBanking/IntPaidPayRecdRecReport.aspx
Reports	RetailBanking	IntSubventionReport.aspx	Reports/RetailBanking/IntSubventionReport.aspx
Reports	RetailBanking	InterestReportSetting.aspx	Reports/RetailBanking/InterestActivities/InterestReportSetting.aspx
Reports	RetailBanking	InterestCalcLogReport.aspx	Reports/RetailBanking/InterestCalcLogReport.aspx
Reports	RetailBanking	InvPurSaleReport.aspx	Reports/RetailBanking/Investment/InvPurSaleReport.aspx
Reports	RetailBanking	InvestmentNewReportSettings.aspx	Reports/RetailBanking/Investment/InvestmentNewReportSettings.aspx
Reports	RetailBanking	InvestmentReportSettings.aspx	Reports/RetailBanking/Investment/InvestmentReportSettings.aspx
Reports	RetailBanking	JLGReports.aspx	Reports/RetailBanking/JLGReports.aspx
Reports	RetailBanking	JLGReports_export.aspx	Reports/RetailBanking/JLGReports_export.aspx
Reports	RetailBanking	KeyFactStatement.aspx	Reports/RetailBanking/KeyFactStatement.aspx
Reports	RetailBanking	KycComplianceReport.aspx	Reports/RetailBanking/KycComplianceReport.aspx
Reports	RetailBanking	LNAccExceedingLTVRatioReport.aspx	Reports/RetailBanking/LNAccExceedingLTVRatioReport.aspx
Reports	RetailBanking	LNCCRecoveryReport.aspx	Reports/RetailBanking/LNCCRecoveryReport.aspx
Reports	RetailBanking	LNPostDatedChqReport.aspx	Reports/RetailBanking/LNPostDatedChqReport.aspx
Reports	RetailBanking	LedgerViewLogReport.aspx	Reports/RetailBanking/LedgerViewLogReport.aspx
Reports	RetailBanking	LegalReportSetting.aspx	Reports/RetailBanking/Legal/LegalReportSetting.aspx
Reports	RetailBanking	LegalActionTakenReport.aspx	Reports/RetailBanking/LegalActionTakenReport.aspx
Reports	RetailBanking	LiabilityVerification.aspx	Reports/RetailBanking/LiabilityVerification.aspx
Reports	RetailBanking	LoanAccChargeNotedReport.aspx	Reports/RetailBanking/LoanAccChargeNotedReport.aspx
Reports	RetailBanking	LoanAccountStatement.aspx	Reports/RetailBanking/LoanAccountStatement.aspx
Reports	RetailBanking	LoanBalancingReport.aspx	Reports/RetailBanking/LoanBalancingReport.aspx
Reports	RetailBanking	LoanDepositIntSlab.aspx	Reports/RetailBanking/LoanDepositIntSlab.aspx
Reports	RetailBanking	LoanInsuranceReport.aspx	Reports/RetailBanking/LoanInsuranceReport.aspx
Reports	RetailBanking	LoanInterestCalculationDataChecking.aspx	Reports/RetailBanking/LoanInterestCalculationDataChecking.aspx
Reports	RetailBanking	LoanOstODReport.aspx	Reports/RetailBanking/LoanOstODReport.aspx
Reports	RetailBanking	LoanReport.aspx	Reports/RetailBanking/LoanReport.aspx
Reports	RetailBanking	ecs_MandateAccountStatus.aspx	Reports/RetailBanking/MMS/ecs_MandateAccountStatus.aspx
Reports	RetailBanking	MMSInwOutTranReport.aspx	Reports/RetailBanking/MMSInwOutTranReport.aspx
Reports	RetailBanking	MasterReportSetting.aspx	Reports/RetailBanking/Master/MasterReportSetting.aspx
Reports	RetailBanking	MinorTurnMajorLetter.aspx	Reports/RetailBanking/MinorTurnMajorLetter.aspx
Reports	RetailBanking	MstClsAdv.aspx	Reports/RetailBanking/MstClsAdv.aspx
Reports	RetailBanking	NBFC.aspx	Reports/RetailBanking/NBFC_V1/NBFC.aspx
Reports	RetailBanking	NODCStatement.aspx	Reports/RetailBanking/NODCStatement.aspx
Reports	RetailBanking	ClassificationNPA.aspx	Reports/RetailBanking/NPA/ClassificationNPA.aspx
Reports	RetailBanking	NPAMovement.aspx	Reports/RetailBanking/NPA/NPAMovement.aspx
Reports	RetailBanking	NPAReportSettings.aspx	Reports/RetailBanking/NPA/NPAReportSettings.aspx
Reports	RetailBanking	NPASummarybyCOA.aspx	Reports/RetailBanking/NPA/NPASummarybyCOA.aspx
Reports	RetailBanking	NpaModificationReport.aspx	Reports/RetailBanking/NPA/NpaModificationReport.aspx
Reports	RetailBanking	ODAgainstNPA.aspx	Reports/RetailBanking/NPA/ODAgainstNPA.aspx
Reports	RetailBanking	ProbableNPA.aspx	Reports/RetailBanking/NPA/ProbableNPA.aspx
Reports	RetailBanking	NRLMReports.aspx	Reports/RetailBanking/NRLMReports.aspx
Reports	RetailBanking	NetWorthReport.aspx	Reports/RetailBanking/NetWorthReport.aspx
Reports	RetailBanking	AllInterestCertificate.aspx	Reports/RetailBanking/New RetailBanking Report/AllInterestCertificate.aspx
Reports	RetailBanking	BlackListTerroristSearch.aspx	Reports/RetailBanking/New RetailBanking Report/BlackListTerroristSearch.aspx
Reports	RetailBanking	DepositInsuranceV1.aspx	Reports/RetailBanking/New RetailBanking Report/DepositInsuranceV1.aspx
Reports	RetailBanking	LoanDisbRecReport.aspx	Reports/RetailBanking/New RetailBanking Report/LoanDisbRecReport.aspx
Reports	RetailBanking	LockerReport.aspx	Reports/RetailBanking/New RetailBanking Report/LockerReport.aspx
Reports	RetailBanking	OverdueLetterLogReport.aspx	Reports/RetailBanking/New RetailBanking Report/OverdueLetterLogReport.aspx
Reports	RetailBanking	ReportSettings.aspx	Reports/RetailBanking/New RetailBanking Report/ReportSettings.aspx
Reports	RetailBanking	StockStatementDueDate_New.aspx	Reports/RetailBanking/New RetailBanking Report/StockStatementDueDate_New.aspx
Reports	RetailBanking	UserdefinedClientKYCLetter.aspx	Reports/RetailBanking/New RetailBanking Report/UserdefinedClientKYCLetter.aspx
Reports	RetailBanking	UserdefinedWelcomeLetter.aspx	Reports/RetailBanking/New RetailBanking Report/UserdefinedWelcomeLetter.aspx
Reports	RetailBanking	x_UserdefinedOverdueLetter.aspx	Reports/RetailBanking/New RetailBanking Report/x_UserdefinedOverdueLetter.aspx
Reports	RetailBanking	NonOperationAccPostReport.aspx	Reports/RetailBanking/NonOperationAccPostReport.aspx
Reports	RetailBanking	ODCustRptRtdDate.aspx	Reports/RetailBanking/ODCustRptRtdDate.aspx
Reports	RetailBanking	OSCShowReport.aspx	Reports/RetailBanking/OSCStatements/OSCShowReport.aspx
Reports	RetailBanking	OSCShowReportV1.aspx	Reports/RetailBanking/OSCStatementsV1/OSCShowReportV1.aspx
Reports	RetailBanking	st_ViewReports.aspx	Reports/RetailBanking/OSSStatement/st_ViewReports.aspx
Reports	RetailBanking	PacsAccStatement.aspx	Reports/RetailBanking/PacsAccStatement.aspx
Reports	RetailBanking	PigmyAccReceipt.aspx	Reports/RetailBanking/PigmyAccReceipt.aspx
Reports	RetailBanking	PoliceCaseReports.aspx	Reports/RetailBanking/PoliceCaseReports.aspx
Reports	RetailBanking	PolicyReport.aspx	Reports/RetailBanking/PolicyReport.aspx
Reports	RetailBanking	PreDisbInfoReport.aspx	Reports/RetailBanking/PreDisbInfoReport.aspx
Reports	RetailBanking	PrioritySectorAndWeakerSectionReport.aspx	Reports/RetailBanking/PrioritySectorAndWeakerSectionReport.aspx
Reports	RetailBanking	ProjectionReport.aspx	Reports/RetailBanking/ProjectionReport.aspx
Reports	RetailBanking	AvailableReportDates.aspx	Reports/RetailBanking/RBI Group/AvailableReportDates.aspx
Reports	RetailBanking	RBIFormVIII.aspx	Reports/RetailBanking/RBI Group/RBIFormVIII.aspx
Reports	RetailBanking	RBIAS19Slab.aspx	Reports/RetailBanking/RBI Group/RBIStatement1to10/RBIAuditASReports/RBIAS19Slab.aspx
Reports	RetailBanking	RBIAdditionalStatementReoprts.aspx	Reports/RetailBanking/RBI Group/RBIStatement1to10/RBIAuditASReports/RBIAdditionalStatementReoprts.aspx
Reports	RetailBanking	rp_GroupValuesTreeView.aspx	Reports/RetailBanking/RBI Group/rp_GroupValuesTreeView.aspx
Reports	RetailBanking	RDInstReport.aspx	Reports/RetailBanking/RDInstReport.aspx
Reports	RetailBanking	RTGSBatchReport.aspx	Reports/RetailBanking/RTGS/RTGSBatchReport.aspx
Reports	RetailBanking	RTGSOwUnAuthorized.aspx	Reports/RetailBanking/RTGS/RTGSOwUnAuthorized.aspx
Reports	RetailBanking	RTGSReportoptions.aspx	Reports/RetailBanking/RTGS/RTGSReportoptions.aspx
Reports	RetailBanking	x_RTGSRetMarkReport.aspx	Reports/RetailBanking/RTGS/x_RTGSRetMarkReport.aspx
Reports	RetailBanking	x_RTGSTranSummary.aspx	Reports/RetailBanking/RTGS/x_RTGSTranSummary.aspx
Reports	RetailBanking	ReducingLimitReport.aspx	Reports/RetailBanking/ReducingLimitReport.aspx
Reports	RetailBanking	ReportOptions.aspx	Reports/RetailBanking/ReportOptions.aspx
Reports	RetailBanking	ReportOptionsDailyBook.aspx	Reports/RetailBanking/ReportOptionsDailyBook.aspx
Reports	RetailBanking	ReportSubDetails.aspx	Reports/RetailBanking/ReportSubDetails.aspx
Reports	RetailBanking	Reports.aspx	Reports/RetailBanking/Reports.aspx
Reports	RetailBanking	RiskCategoryReport.aspx	Reports/RetailBanking/RiskCategoryReport.aspx
Reports	RetailBanking	SGFReport.aspx	Reports/RetailBanking/SGFReport.aspx
Reports	RetailBanking	SLBCReports.aspx	Reports/RetailBanking/SLBCReports.aspx
Reports	RetailBanking	SMAMarking.aspx	Reports/RetailBanking/SMAMarking.aspx
Reports	RetailBanking	SMSLogReport.aspx	Reports/RetailBanking/SMSLogReport.aspx
Reports	RetailBanking	STRKYCDetailsPopUp.aspx	Reports/RetailBanking/STR/STRKYCDetailsPopUp.aspx
Reports	RetailBanking	STR.aspx	Reports/RetailBanking/STR/Version2/STR.aspx
Reports	RetailBanking	ScrutinyReport.aspx	Reports/RetailBanking/ScrutinyReport.aspx
Reports	RetailBanking	ShareMemIntRcvReport.aspx	Reports/RetailBanking/ShareMemIntRcvReport.aspx
Reports	RetailBanking	SocSchemeDailyReport.aspx	Reports/RetailBanking/SocSchemeDailyReport.aspx
Reports	RetailBanking	SocietyReports.aspx	Reports/RetailBanking/SocietyReports.aspx
Reports	RetailBanking	StaffLoanList.aspx	Reports/RetailBanking/StaffLoanList.aspx
Reports	RetailBanking	StandingInstReport.aspx	Reports/RetailBanking/StandingInstReport.aspx
Reports	RetailBanking	StatementNo7.aspx	Reports/RetailBanking/StatementNo7.aspx
Reports	RetailBanking	StatementNo9.aspx	Reports/RetailBanking/StatementNo9.aspx
Reports	RetailBanking	SubMemChargesReport.aspx	Reports/RetailBanking/SubMemChargesReport.aspx
Reports	RetailBanking	SweepAccountStatement.aspx	Reports/RetailBanking/SweepAccountStatement.aspx
Reports	RetailBanking	Form15GHReportXML.aspx	Reports/RetailBanking/TDS/Form15GHReportXML.aspx
Reports	RetailBanking	TDSDetailsSummaryReport.aspx	Reports/RetailBanking/TDS/TDSDetailsSummaryReport.aspx
Reports	RetailBanking	TDSReversalReportOption.aspx	Reports/RetailBanking/TDS/TDSReversalReportOption.aspx
Reports	RetailBanking	TakeOverLoanReport.aspx	Reports/RetailBanking/TakeOverLoanReport.aspx
Reports	RetailBanking	TopNReports.aspx	Reports/RetailBanking/TopNReports.aspx
Reports	RetailBanking	TransactionReportSettings.aspx	Reports/RetailBanking/Transaction/TransactionReportSettings.aspx
Reports	RetailBanking	TransactionSourceReport.aspx	Reports/RetailBanking/Transaction/TransactionSourceReport.aspx
Reports	RetailBanking	TreasuryCashPosition.aspx	Reports/RetailBanking/TreasuryCashPosition.aspx
Reports	RetailBanking	SocietyMiscReports.aspx	Reports/RetailBanking/UtilityReports/SocietyMiscReports.aspx
Reports	RetailBanking	UtilityReports.aspx	Reports/RetailBanking/UtilityReports/UtilityReports.aspx
Reports	RetailBanking	WillfulDefaulterReport.aspx	Reports/RetailBanking/WillfulDefaulterReport.aspx
Reports	RetailBanking	XBRL.aspx	Reports/RetailBanking/XBRL/XBRL.aspx
Reports	RetailBanking	XBRLOSS8GeneralProfile.aspx	Reports/RetailBanking/XBRL/XBRLOSS8GeneralProfile.aspx
Reports	RetailBanking	XBRL_SignatoryPopUp.aspx	Reports/RetailBanking/XBRL/XBRL_SignatoryPopUp.aspx
Reports	RetailBanking	rp_XBRL_AccountCategoryMapping.aspx	Reports/RetailBanking/XBRL/rp_XBRL_AccountCategoryMapping.aspx
Reports	RetailBanking	b_AccStatementPrintDialog.aspx	Reports/RetailBanking/b_AccStatementPrintDialog.aspx
Reports	RetailBanking	b_BankVariableDet.aspx	Reports/RetailBanking/b_BankVariableDet.aspx
Reports	RetailBanking	c_LoanAbstractReport.aspx	Reports/RetailBanking/c_LoanAbstractReport.aspx
Reports	RetailBanking	LoanOverdueReportSettings.aspx	Reports/RetailBanking/loan/LoanOverdueReportSettings.aspx
Reports	RetailBanking	LoanRecoveryReport.aspx	Reports/RetailBanking/loan/LoanRecoveryReport.aspx
Reports	RetailBanking	LoanReportSettings.aspx	Reports/RetailBanking/loan/LoanReportSettings.aspx
Reports	RetailBanking	StmtOfDemandCol.aspx	Reports/RetailBanking/loan/StmtOfDemandCol.aspx
Reports	RetailBanking	user_worksheet_report_option.aspx	Reports/RetailBanking/user_worksheet/user_worksheet_report_option.aspx
Reports	RetailBanking	x_LoanSettlementCalc.aspx	Reports/RetailBanking/x_LoanSettlementCalc.aspx
Reports	RetailBanking	x_PurposeLnAccList.aspx	Reports/RetailBanking/x_PurposeLnAccList.aspx
Reports	RetailBanking	x_UserDefinedDormantLetter.aspx	Reports/RetailBanking/x_UserDefinedDormantLetter.aspx
Reports	RetailBanking	x_UserDefinedNoTranLetter.aspx	Reports/RetailBanking/x_UserDefinedNoTranLetter.aspx
Reports	SHGReport	SHGReport.aspx	Reports/SHGReport/SHGReport.aspx
RetailBanking	ATM	AtmCardViewer.aspx	RetailBanking/ATM/AtmCardViewer.aspx
RetailBanking	ATM	AtmFinacusDataExport.aspx	RetailBanking/ATM/AtmFinacusDataExport.aspx
RetailBanking	ATM	BbpsTranReport.aspx	RetailBanking/ATM/BbpsTranReport.aspx
RetailBanking	ATM	RrnInfo.aspx	RetailBanking/ATM/RrnInfo.aspx
RetailBanking	ATM	aeps_recon_reports.aspx	RetailBanking/ATM/aeps_recon_reports.aspx
RetailBanking	ATM	atm_cbr_BranchTerminal_Report.aspx	RetailBanking/ATM/atm_cbr_BranchTerminal_Report.aspx
RetailBanking	ATM	atm_euronet_Offus_reports.aspx	RetailBanking/ATM/atm_euronet_Offus_reports.aspx
RetailBanking	ATM	atm_euronet_Onus_Offus_reports.aspx	RetailBanking/ATM/atm_euronet_Onus_Offus_reports.aspx
RetailBanking	ATM	atm_euronet_reports.aspx	RetailBanking/ATM/atm_euronet_reports.aspx
RetailBanking	ATM	atm_recon_ags_format_report.aspx	RetailBanking/ATM/atm_recon_ags_format_report.aspx
RetailBanking	ATM	atm_reports.aspx	RetailBanking/ATM/atm_reports.aspx
RetailBanking	ATM	b_CardInfo.aspx	RetailBanking/ATM/b_CardInfo.aspx
RetailBanking	ATM	b_UrbanInstaCardInfo.aspx	RetailBanking/ATM/b_UrbanInstaCardInfo.aspx
RetailBanking	ATM	en_InstaExport_cif.aspx	RetailBanking/ATM/en_InstaExport_cif.aspx
RetailBanking	ATM	en_export_cif.aspx	RetailBanking/ATM/en_export_cif.aspx
RetailBanking	ATM	finaccus_recon_reports.aspx	RetailBanking/ATM/finaccus_recon_reports.aspx
RetailBanking	ATM	upi_recon_reports.aspx	RetailBanking/ATM/upi_recon_reports.aspx
RetailBanking	Account	AgriLTMTLoan.aspx	RetailBanking/Account/AgriLTMTLoan.aspx
RetailBanking	Account	AlertMessages.aspx	RetailBanking/Account/AlertMessages.aspx
RetailBanking	Account	AmortChartUpload.aspx	RetailBanking/Account/AmortChartUpload.aspx
RetailBanking	Account	BOOK_DEBTS.aspx	RetailBanking/Account/BOOK_DEBTS.aspx
RetailBanking	Account	CCODRenewal.aspx	RetailBanking/Account/CCODRenewal.aspx
RetailBanking	Account	CCODRenewalMulti.aspx	RetailBanking/Account/CCODRenewalMulti.aspx
RetailBanking	Account	C_LoanActualPurpose.aspx	RetailBanking/Account/C_LoanActualPurpose.aspx
RetailBanking	Account	DailyDepositAgentAccount.aspx	RetailBanking/Account/DailyDepositAgentAccount.aspx
RetailBanking	Account	DisbScheduleUpdate.aspx	RetailBanking/Account/DisbScheduleUpdate.aspx
RetailBanking	Account	EMIReadyRecknor.aspx	RetailBanking/Account/EMIReadyRecknor.aspx
RetailBanking	Account	GOVERNMENT_SUPPLY_BILLS.aspx	RetailBanking/Account/GOVERNMENT_SUPPLY_BILLS.aspx
RetailBanking	Account	GovSecProvisionAccount.aspx	RetailBanking/Account/GovSecProvisionAccount.aspx
RetailBanking	Account	Machinaryequipment.aspx	RetailBanking/Account/Machinaryequipment.aspx
RetailBanking	Account	ModificationLog.aspx	RetailBanking/Account/ModificationLog.aspx
RetailBanking	Account	SHARES_OF_JOINT_STOCK_COMPANY.aspx	RetailBanking/Account/SHARES_OF_JOINT_STOCK_COMPANY.aspx
RetailBanking	Account	SecurityCommon.aspx	RetailBanking/Account/SecurityCommon.aspx
RetailBanking	Account	SecurityInvestmentAccount.aspx	RetailBanking/Account/SecurityInvestmentAccount.aspx
RetailBanking	Account	SecurityLogViewer.aspx	RetailBanking/Account/SecurityLogViewer.aspx
RetailBanking	Account	SecurityViewer.aspx	RetailBanking/Account/SecurityViewer.aspx
RetailBanking	Account	ShowYearlyIRSlab.aspx	RetailBanking/Account/ShowYearlyIRSlab.aspx
RetailBanking	Account	WAREHOUSE_RECEIPTS.aspx	RetailBanking/Account/WAREHOUSE_RECEIPTS.aspx
RetailBanking	Account	b_AccountEmployer.aspx	RetailBanking/Account/b_AccountEmployer.aspx
RetailBanking	Account	b_AccountNumberMapping.aspx	RetailBanking/Account/b_AccountNumberMapping.aspx
RetailBanking	Account	b_AccountTransfer.aspx	RetailBanking/Account/b_AccountTransfer.aspx
RetailBanking	Account	b_OrnamentImage.aspx	RetailBanking/Account/b_OrnamentImage.aspx
RetailBanking	Account	b_PigmyClientTransferHistory.aspx	RetailBanking/Account/b_PigmyClientTransferHistory.aspx
RetailBanking	Account	b_SchemeChange.aspx	RetailBanking/Account/b_SchemeChange.aspx
RetailBanking	Account	bankCurrentAccount.aspx	RetailBanking/Account/bankCurrentAccount.aspx
RetailBanking	Account	c_CCAccReview.aspx	RetailBanking/Account/c_CCAccReview.aspx
RetailBanking	Account	c_CCODEnhancement.aspx	RetailBanking/Account/c_CCODEnhancement.aspx
RetailBanking	Account	c_FdLineInfo.aspx	RetailBanking/Account/c_FdLineInfo.aspx
RetailBanking	Account	c_GoldDetails.aspx	RetailBanking/Account/c_GoldDetails.aspx
RetailBanking	Account	c_Insurance.aspx	RetailBanking/Account/c_Insurance.aspx
RetailBanking	Account	c_Loan.aspx	RetailBanking/Account/c_Loan.aspx
RetailBanking	Account	c_LoanSecurity.aspx	RetailBanking/Account/c_LoanSecurity.aspx
RetailBanking	Account	c_MakeOfVehicleMaster.aspx	RetailBanking/Account/c_MakeOfVehicleMaster.aspx
RetailBanking	Account	c_MultiIRSlabUpdate.aspx	RetailBanking/Account/c_MultiIRSlabUpdate.aspx
RetailBanking	Account	c_OtherSecurity.aspx	RetailBanking/Account/c_OtherSecurity.aspx
RetailBanking	Account	c_ReducingCCRenewal.aspx	RetailBanking/Account/c_ReducingCCRenewal.aspx
RetailBanking	Account	c_SecInstitutionalGuarantee.aspx	RetailBanking/Account/c_SecInstitutionalGuarantee.aspx
RetailBanking	Account	c_SecNationalSavCertificate.aspx	RetailBanking/Account/c_SecNationalSavCertificate.aspx
RetailBanking	Account	c_SecurityGOIBond.aspx	RetailBanking/Account/c_SecurityGOIBond.aspx
RetailBanking	Account	c_SecurityMutualFunds.aspx	RetailBanking/Account/c_SecurityMutualFunds.aspx
RetailBanking	Account	c_SecurityOtherCert.aspx	RetailBanking/Account/c_SecurityOtherCert.aspx
RetailBanking	Account	c_SecurityPersonalGuarantee.aspx	RetailBanking/Account/c_SecurityPersonalGuarantee.aspx
RetailBanking	Account	c_SecurityProperty.aspx	RetailBanking/Account/c_SecurityProperty.aspx
RetailBanking	Account	c_SecurityStockDetails.aspx	RetailBanking/Account/c_SecurityStockDetails.aspx
RetailBanking	Account	c_StockDetails.aspx	RetailBanking/Account/c_StockDetails.aspx
RetailBanking	Account	c_VehicleDetails.aspx	RetailBanking/Account/c_VehicleDetails.aspx
RetailBanking	Account	c_VehicleMaster.aspx	RetailBanking/Account/c_VehicleMaster.aspx
RetailBanking	Account	c_WareHouseEntry.aspx	RetailBanking/Account/c_WareHouseEntry.aspx
RetailBanking	Account	callDepositAccount.aspx	RetailBanking/Account/callDepositAccount.aspx
RetailBanking	Account	d_FDIREnhance.aspx	RetailBanking/Account/d_FDIREnhance.aspx
RetailBanking	Account	depositAccount.aspx	RetailBanking/Account/depositAccount.aspx
RetailBanking	Account	depositaccountv1.aspx	RetailBanking/Account/depositaccountv1.aspx
RetailBanking	Account	g_Group.aspx	RetailBanking/Account/g_Group.aspx
RetailBanking	Account	generalAccount.aspx	RetailBanking/Account/generalAccount.aspx
RetailBanking	Account	p_LNCCdocument.aspx	RetailBanking/Account/p_LNCCdocument.aspx
RetailBanking	Account	showMultipleAccountInfo.aspx	RetailBanking/Account/showMultipleAccountInfo.aspx
RetailBanking		AccountClientUpdate.aspx	RetailBanking/AccountClientUpdate.aspx
RetailBanking		AccountOpeningServiceChargesPosting.aspx	RetailBanking/AccountOpeningServiceChargesPosting.aspx
RetailBanking		AccountViewer.aspx	RetailBanking/AccountViewer.aspx
RetailBanking	AgentDevice	AgentDeviceMapLog.aspx	RetailBanking/AgentDevice/AgentDeviceMapLog.aspx
RetailBanking	AgentDevice	AgentPassword.aspx	RetailBanking/AgentDevice/AgentPassword.aspx
RetailBanking	AgentDevice	b_DeviceMaster.aspx	RetailBanking/AgentDevice/b_DeviceMaster.aspx
RetailBanking	AgriLoan	AgriLoanAccClosing.aspx	RetailBanking/AgriLoan/AgriLoanAccClosing.aspx
RetailBanking	AgriLoan	C_AgriLoanExt.aspx	RetailBanking/AgriLoan/C_AgriLoanExt.aspx
RetailBanking	AgriLoan	CropRates.aspx	RetailBanking/AgriLoan/CropRates.aspx
RetailBanking	AgriLoan	CropRatesImport.aspx	RetailBanking/AgriLoan/CropRatesImport.aspx
RetailBanking	AgriLoan	CropSeasonalCategoryDuration.aspx	RetailBanking/AgriLoan/CropSeasonalCategoryDuration.aspx
RetailBanking	AgriLoan	CropSeasonalMapping.aspx	RetailBanking/AgriLoan/CropSeasonalMapping.aspx
RetailBanking	AgriLoan	Int_subvention_CalcV1.aspx	RetailBanking/AgriLoan/Int_subvention_CalcV1.aspx
RetailBanking	AgriLoan	LoanRecovery.aspx	RetailBanking/AgriLoan/LoanRecovery.aspx
RetailBanking	AgriLoan	PACSAccOpeningBULK.aspx	RetailBanking/AgriLoan/PACSAccOpeningBULK.aspx
RetailBanking	AgriLoan	PACSMember.aspx	RetailBanking/AgriLoan/PACSMember.aspx
RetailBanking	AgriLoan	ReleasedLandDetails.aspx	RetailBanking/AgriLoan/ReleasedLandDetails.aspx
RetailBanking	AgriLoan	SocietyCreation.aspx	RetailBanking/AgriLoan/SocietyCreation.aspx
RetailBanking	AgriLoan	SocietyLoan.aspx	RetailBanking/AgriLoan/SocietyLoan.aspx
RetailBanking	AgriLoan	SubsidyMaster.aspx	RetailBanking/AgriLoan/SubsidyMaster.aspx
RetailBanking	AgriLoan	SubsidyTransfer.aspx	RetailBanking/AgriLoan/SubsidyTransfer.aspx
RetailBanking	AgriLoan	Subv_int_calc_Popup.aspx	RetailBanking/AgriLoan/Subv_int_calc_Popup.aspx
RetailBanking	AgriLoan	SubventionProductDetail.aspx	RetailBanking/AgriLoan/SubventionProductDetail.aspx
RetailBanking	AgriLoan	c_AgriInsurance.aspx	RetailBanking/AgriLoan/c_AgriInsurance.aspx
RetailBanking	AgriLoan	c_CropGroup.aspx	RetailBanking/AgriLoan/c_CropGroup.aspx
RetailBanking	AgriLoan	c_CropInscRate.aspx	RetailBanking/AgriLoan/c_CropInscRate.aspx
RetailBanking	AgriLoan	c_CropMaster.aspx	RetailBanking/AgriLoan/c_CropMaster.aspx
RetailBanking	AgriLoan	c_CropSeason.aspx	RetailBanking/AgriLoan/c_CropSeason.aspx
RetailBanking	AgriLoan	c_LoandisbursementAgri.aspx	RetailBanking/AgriLoan/c_LoandisbursementAgri.aspx
RetailBanking	AgriLoan	g_PACSBusinessAct.aspx	RetailBanking/AgriLoan/g_PACSBusinessAct.aspx
RetailBanking	AgriLoan	g_PACSIRChart.aspx	RetailBanking/AgriLoan/g_PACSIRChart.aspx
RetailBanking	AgriLoan	g_PACSTransfer.aspx	RetailBanking/AgriLoan/g_PACSTransfer.aspx
RetailBanking	AgriLoan	p_SchemeDetails.aspx	RetailBanking/AgriLoan/p_SchemeDetails.aspx
RetailBanking	AgriLoan	x_PACSMemLedOpening.aspx	RetailBanking/AgriLoan/x_PACSMemLedOpening.aspx
RetailBanking	AgriLoan	x_PACSMemberDetail.aspx	RetailBanking/AgriLoan/x_PACSMemberDetail.aspx
RetailBanking	AgriLoan	x_PACSRepayMemTrf.aspx	RetailBanking/AgriLoan/x_PACSRepayMemTrf.aspx
RetailBanking	AgriLoan	x_ShareShorFallEnqpop.aspx	RetailBanking/AgriLoan/x_ShareShorFallEnqpop.aspx
RetailBanking		AlertMessages.aspx	RetailBanking/AlertMessages.aspx
RetailBanking	Alerts	CCDocReviewPend.aspx	RetailBanking/Alerts/CCDocReviewPend.aspx
RetailBanking	Alerts	CCODAccExpiryInDays.aspx	RetailBanking/Alerts/CCODAccExpiryInDays.aspx
RetailBanking	Alerts	EMIAlert.aspx	RetailBanking/Alerts/EMIAlert.aspx
RetailBanking	Alerts	ExpWareHouseSecAlert.aspx	RetailBanking/Alerts/ExpWareHouseSecAlert.aspx
RetailBanking	Alerts	GetStockExpiryAcc.aspx	RetailBanking/Alerts/GetStockExpiryAcc.aspx
RetailBanking	Alerts	GoldLTV.aspx	RetailBanking/Alerts/GoldLTV.aspx
RetailBanking	Alerts	HighValTrOnAccOp.aspx	RetailBanking/Alerts/HighValTrOnAccOp.aspx
RetailBanking	Alerts	HighValTrOnHOl.aspx	RetailBanking/Alerts/HighValTrOnHOl.aspx
RetailBanking	Alerts	Insurancealert.aspx	RetailBanking/Alerts/Insurancealert.aspx
RetailBanking	Alerts	InvstIntSettleAlert.aspx	RetailBanking/Alerts/InvstIntSettleAlert.aspx
RetailBanking	Alerts	InvstMatAccAlert.aspx	RetailBanking/Alerts/InvstMatAccAlert.aspx
RetailBanking	Alerts	LargeValueAdvancesalert.aspx	RetailBanking/Alerts/LargeValueAdvancesalert.aspx
RetailBanking	Alerts	LienFDMaturedAlert.aspx	RetailBanking/Alerts/LienFDMaturedAlert.aspx
RetailBanking	Alerts	NpaProjection.aspx	RetailBanking/Alerts/NpaProjection.aspx
RetailBanking	Alerts	PendingCKYCAlert.aspx	RetailBanking/Alerts/PendingCKYCAlert.aspx
RetailBanking	Alerts	RiskCatByThreshold.aspx	RetailBanking/Alerts/RiskCatByThreshold.aspx
RetailBanking	Alerts	SMAMarkingAlert.aspx	RetailBanking/Alerts/SMAMarkingAlert.aspx
RetailBanking	Alerts	SeniorCitizen.aspx	RetailBanking/Alerts/SeniorCitizen.aspx
RetailBanking	Alerts	SpecialInstruction.aspx	RetailBanking/Alerts/SpecialInstruction.aspx
RetailBanking	Alerts	TODExpired.aspx	RetailBanking/Alerts/TODExpired.aspx
RetailBanking	Alerts	TranInDormantAcc.aspx	RetailBanking/Alerts/TranInDormantAcc.aspx
RetailBanking	Alerts	UnCrCCAccInDays.aspx	RetailBanking/Alerts/UnCrCCAccInDays.aspx
RetailBanking	Alerts	al_MinorTurnMajor.aspx	RetailBanking/Alerts/al_MinorTurnMajor.aspx
RetailBanking	Alerts	al_SuspiciousTranDet.aspx	RetailBanking/Alerts/al_SuspiciousTranDet.aspx
RetailBanking	Alerts	rp_TargetMonthAlertV1.aspx	RetailBanking/Alerts/rp_TargetMonthAlertV1.aspx
RetailBanking		AutoDayEndViewerPopup.aspx	RetailBanking/AutoDayEndViewerPopup.aspx
RetailBanking		AutoDayendViewer.aspx	RetailBanking/AutoDayendViewer.aspx
RetailBanking	BG	BG_Client.aspx	RetailBanking/BG/BG_Client.aspx
RetailBanking	BG	BG_RevokeTran.aspx	RetailBanking/BG/BG_RevokeTran.aspx
RetailBanking	BG	Bg_ClientRenewal.aspx	RetailBanking/BG/Bg_ClientRenewal.aspx
RetailBanking	BG	Bg_FdLineInfo.aspx	RetailBanking/BG/Bg_FdLineInfo.aspx
RetailBanking	BG	Bg_Issue.aspx	RetailBanking/BG/Bg_Issue.aspx
RetailBanking	BG	Bg_IssueRenewalTran.aspx	RetailBanking/BG/Bg_IssueRenewalTran.aspx
RetailBanking	BG	Bg_LienNotationRelease.aspx	RetailBanking/BG/Bg_LienNotationRelease.aspx
RetailBanking	BG	bgClose.aspx	RetailBanking/BG/bgClose.aspx
RetailBanking		B_TerroristGroupNew.aspx	RetailBanking/B_TerroristGroupNew.aspx
RetailBanking	BillCollection	x_BillPurchase.aspx	RetailBanking/BillCollection/x_BillPurchase.aspx
RetailBanking	BillCollection	x_billCollection.aspx	RetailBanking/BillCollection/x_billCollection.aspx
RetailBanking		BookBalRunStatuspopup.aspx	RetailBanking/BookBalRunStatuspopup.aspx
RetailBanking		BookBalanceCertificateReportV1.aspx	RetailBanking/BookBalanceCertificateReportV1.aspx
RetailBanking		BookBalanceCheckerJS.aspx	RetailBanking/BookBalanceCheckerJS.aspx
RetailBanking	CBDT	cbdt.aspx	RetailBanking/CBDT/cbdt.aspx
RetailBanking	Cash	ExchangeDenomination.aspx	RetailBanking/Cash/ExchangeDenomination.aspx
RetailBanking	Cash	b_CashRemitLimit.aspx	RetailBanking/Cash/b_CashRemitLimit.aspx
RetailBanking	Cash	b_HeadCashierMap.aspx	RetailBanking/Cash/b_HeadCashierMap.aspx
RetailBanking	Cash	x_CashierScroll.aspx	RetailBanking/Cash/x_CashierScroll.aspx
RetailBanking	Cash	x_ChestCashierLedger.aspx	RetailBanking/Cash/x_ChestCashierLedger.aspx
RetailBanking	Cash	x_ChestCashierToCashierLedger.aspx	RetailBanking/Cash/x_ChestCashierToCashierLedger.aspx
RetailBanking	Cash	x_ChestOpening.aspx	RetailBanking/Cash/x_ChestOpening.aspx
RetailBanking	Cash	x_Denomination.aspx	RetailBanking/Cash/x_Denomination.aspx
RetailBanking	Cash	x_DenominationUnit.aspx	RetailBanking/Cash/x_DenominationUnit.aspx
RetailBanking	CersaiMortgage	c_CersaiMortgage.aspx	RetailBanking/CersaiMortgage/c_CersaiMortgage.aspx
RetailBanking		ChangeClientType.aspx	RetailBanking/ChangeClientType.aspx
RetailBanking		ChequeBookDetPopUp.aspx	RetailBanking/ChequeBookDetPopUp.aspx
RetailBanking		ChequeBookReturn.aspx	RetailBanking/ChequeBookReturn.aspx
RetailBanking	Clearing	AccountDialog.aspx	RetailBanking/Clearing/AccountDialog.aspx
RetailBanking	Clearing	CTSCentralizeLotUpdate.aspx	RetailBanking/Clearing/CTSCentralizeLotUpdate.aspx
RetailBanking	Clearing	CTSChequeShifting.aspx	RetailBanking/Clearing/CTSChequeShifting.aspx
RetailBanking	Clearing	CTSClearingLotExport.aspx	RetailBanking/Clearing/CTSClearingLotExport.aspx
RetailBanking	Clearing	CTSInwardReturn.aspx	RetailBanking/Clearing/CTSInwardReturn.aspx
RetailBanking	Clearing	CTS_HdfcHubVendor.aspx	RetailBanking/Clearing/CTS_HdfcHubVendor.aspx
RetailBanking	Clearing	CTS_OWClearingReturnMark.aspx	RetailBanking/Clearing/CTS_OWClearingReturnMark.aspx
RetailBanking	Clearing	CTS_PositiveFinalRespImport.aspx	RetailBanking/Clearing/CTS_PositiveFinalRespImport.aspx
RetailBanking	Clearing	CTS_PositivePayEntries.aspx	RetailBanking/Clearing/CTS_PositivePayEntries.aspx
RetailBanking	Clearing	CTS_PositivePayExport.aspx	RetailBanking/Clearing/CTS_PositivePayExport.aspx
RetailBanking	Clearing	CTS_PositiveRespRead.aspx	RetailBanking/Clearing/CTS_PositiveRespRead.aspx
RetailBanking	Clearing	ClearingLotExport.aspx	RetailBanking/Clearing/ClearingLotExport.aspx
RetailBanking	Clearing	Cts_OWDFileResp.aspx	RetailBanking/Clearing/Cts_OWDFileResp.aspx
RetailBanking	Clearing	DeCntrLotExport.aspx	RetailBanking/Clearing/DeCntrLotExport.aspx
RetailBanking	Clearing	InwardStatusRevert.aspx	RetailBanking/Clearing/InwardStatusRevert.aspx
RetailBanking	Clearing	OWDFileRespStat.aspx	RetailBanking/Clearing/OWDFileRespStat.aspx
RetailBanking	Clearing	OWDFileRespStatRejectRecord.aspx	RetailBanking/Clearing/OWDFileRespStatRejectRecord.aspx
RetailBanking	Clearing	OWDFileRespStatRejectRecordDetails.aspx	RetailBanking/Clearing/OWDFileRespStatRejectRecordDetails.aspx
RetailBanking	Clearing	OWLotHoldMarking.aspx	RetailBanking/Clearing/OWLotHoldMarking.aspx
RetailBanking	Clearing	OutwardClgTransactionUpdate.aspx	RetailBanking/Clearing/OutwardClgTransactionUpdate.aspx
RetailBanking	Clearing	OwClgClearRetMarking.aspx	RetailBanking/Clearing/OwClgClearRetMarking.aspx
RetailBanking	Clearing	PopupReasonCode.aspx	RetailBanking/Clearing/PopupReasonCode.aspx
RetailBanking	Clearing	ShowChequeDetails.aspx	RetailBanking/Clearing/ShowChequeDetails.aspx
RetailBanking	Clearing	SubMemChequeShifting.aspx	RetailBanking/Clearing/SubMemChequeShifting.aspx
RetailBanking	Clearing	addOutwardClearingTransaction.aspx	RetailBanking/Clearing/addOutwardClearingTransaction.aspx
RetailBanking	Clearing	b_CTSIwClearingContraTrans.aspx	RetailBanking/Clearing/b_CTSIwClearingContraTrans.aspx
RetailBanking	Clearing	b_CTSIwReturnContraTrans.aspx	RetailBanking/Clearing/b_CTSIwReturnContraTrans.aspx
RetailBanking	Clearing	b_inwardClgChequeImages.aspx	RetailBanking/Clearing/b_inwardClgChequeImages.aspx
RetailBanking	Clearing	b_inwardClgFileExtension.aspx	RetailBanking/Clearing/b_inwardClgFileExtension.aspx
RetailBanking	Clearing	b_inwardClgFileUpdate.aspx	RetailBanking/Clearing/b_inwardClgFileUpdate.aspx
RetailBanking	Clearing	b_inwardClgFileV2.aspx	RetailBanking/Clearing/b_inwardClgFileV2.aspx
RetailBanking	Clearing	CTSOutwardTranONUS.aspx	RetailBanking/Clearing/consclearing/CTSOutwardTranONUS.aspx
RetailBanking	Clearing	CTSOwLotCrDateUpdate.aspx	RetailBanking/Clearing/consclearing/CTSOwLotCrDateUpdate.aspx
RetailBanking	Clearing	CTSOwTransAccUpdate.aspx	RetailBanking/Clearing/consclearing/CTSOwTransAccUpdate.aspx
RetailBanking	Clearing	CentralizeClearingOwFileExport.aspx	RetailBanking/Clearing/consclearing/CentralizeClearingOwFileExport.aspx
RetailBanking	Clearing	CentralizedOutwardClearingTransaction.aspx	RetailBanking/Clearing/consclearing/CentralizedOutwardClearingTransaction.aspx
RetailBanking	Clearing	CentralizedOutwardLotDisable.aspx	RetailBanking/Clearing/consclearing/CentralizedOutwardLotDisable.aspx
RetailBanking	Clearing	Cl_OwRecPayDetail.aspx	RetailBanking/Clearing/consclearing/Cl_OwRecPayDetail.aspx
RetailBanking	Clearing	CtsInwChqNoUpdate.aspx	RetailBanking/Clearing/consclearing/CtsInwChqNoUpdate.aspx
RetailBanking	Clearing	CtsIwFileImport.aspx	RetailBanking/Clearing/consclearing/CtsIwFileImport.aspx
RetailBanking	Clearing	CtslOwReturnImport.aspx	RetailBanking/Clearing/consclearing/CtslOwReturnImport.aspx
RetailBanking	Clearing	OwLateReturn.aspx	RetailBanking/Clearing/consclearing/OwLateReturn.aspx
RetailBanking	Clearing	SubmemReturnContra.aspx	RetailBanking/Clearing/consclearing/SubmemReturnContra.aspx
RetailBanking	Clearing	SubmemberOwClrRetEntry.aspx	RetailBanking/Clearing/consclearing/SubmemberOwClrRetEntry.aspx
RetailBanking	Clearing	outward_clear_v1.aspx	RetailBanking/Clearing/consclearing/outward_clear_v1.aspx
RetailBanking	Clearing	outward_clearing_pre_val.aspx	RetailBanking/Clearing/consclearing/outward_clearing_pre_val.aspx
RetailBanking	Clearing	createLot.aspx	RetailBanking/Clearing/createLot.aspx
RetailBanking	Clearing	ctsDashEnqForm.aspx	RetailBanking/Clearing/ctsDashEnqForm.aspx
RetailBanking	Clearing	ctsDashEnqFormPopup.aspx	RetailBanking/Clearing/ctsDashEnqFormPopup.aspx
RetailBanking	Clearing	cts_P2FMarking.aspx	RetailBanking/Clearing/cts_P2FMarking.aspx
RetailBanking	Clearing	executeOutwardClearingTransaction.aspx	RetailBanking/Clearing/executeOutwardClearingTransaction.aspx
RetailBanking	Clearing	outward_clear.aspx	RetailBanking/Clearing/outward_clear.aspx
RetailBanking		ClientComplaintRegister.aspx	RetailBanking/ClientComplaintRegister.aspx
RetailBanking		ClientComplaintRegisterDetails.aspx	RetailBanking/ClientComplaintRegisterDetails.aspx
RetailBanking		ClientGroupViewer.aspx	RetailBanking/ClientGroupViewer.aspx
RetailBanking		ClientTdsCashExempt.aspx	RetailBanking/ClientTdsCashExempt.aspx
RetailBanking		ClientTdscashExemptDetPopup.aspx	RetailBanking/ClientTdscashExemptDetPopup.aspx
RetailBanking		ContraTrEntriesUpdate.aspx	RetailBanking/ContraTrEntriesUpdate.aspx
RetailBanking		CounterfeitNotes.aspx	RetailBanking/CounterfeitNotes.aspx
RetailBanking		DDPOParameterSetting.aspx	RetailBanking/DDPOParameterSetting.aspx
RetailBanking	Dayend	DayendDetails.aspx	RetailBanking/Dayend/DayendDetails.aspx
RetailBanking	DeathClaim	g_DeathClaim.aspx	RetailBanking/DeathClaim/g_DeathClaim.aspx
RetailBanking		DepLNCCIntegrityChecker.aspx	RetailBanking/DepLNCCIntegrityChecker.aspx
RetailBanking		DepositInterestSlab.aspx	RetailBanking/DepositInterestSlab.aspx
RetailBanking		DuplicateFDPrint.aspx	RetailBanking/DuplicateFDPrint.aspx
RetailBanking	ECS	ECS_SubMemCrDrShifting.aspx	RetailBanking/ECS/MandateManagement/ECS_SubMemCrDrShifting.aspx
RetailBanking	ECS	Ecs_MandateNewInwFile.aspx	RetailBanking/ECS/MandateManagement/Ecs_MandateNewInwFile.aspx
RetailBanking	ECS	Ecs_MandatenewinwAcceptfile.aspx	RetailBanking/ECS/MandateManagement/Ecs_MandatenewinwAcceptfile.aspx
RetailBanking	ECS	Ecs_MandatenewinwAcceptfileV1.aspx	RetailBanking/ECS/MandateManagement/Ecs_MandatenewinwAcceptfileV1.aspx
RetailBanking	ECS	NewMandateImage.aspx	RetailBanking/ECS/MandateManagement/NewMandateImage.aspx
RetailBanking	ECS	ecs_MandateACKFile.aspx	RetailBanking/ECS/MandateManagement/ecs_MandateACKFile.aspx
RetailBanking	ECS	ecs_MandateACKFilePopup.aspx	RetailBanking/ECS/MandateManagement/ecs_MandateACKFilePopup.aspx
RetailBanking	ECS	ecs_MandateACKFileV1.aspx	RetailBanking/ECS/MandateManagement/ecs_MandateACKFileV1.aspx
RetailBanking	ECS	ecs_MandateAcceptResponseFileV1.aspx	RetailBanking/ECS/MandateManagement/ecs_MandateAcceptResponseFileV1.aspx
RetailBanking	ECS	ecs_MandateBulkExport.aspx	RetailBanking/ECS/MandateManagement/ecs_MandateBulkExport.aspx
RetailBanking	ECS	ecs_MandateNewBulkInwFile.aspx	RetailBanking/ECS/MandateManagement/ecs_MandateNewBulkInwFile.aspx
RetailBanking	ECS	ecs_MandateNewFile.aspx	RetailBanking/ECS/MandateManagement/ecs_MandateNewFile.aspx
RetailBanking	ECS	ecs_MandateNewInwFilePopup.aspx	RetailBanking/ECS/MandateManagement/ecs_MandateNewInwFilePopup.aspx
RetailBanking	ECS	ecs_MandateReport.aspx	RetailBanking/ECS/MandateManagement/ecs_MandateReport.aspx
RetailBanking	ECS	ecs_MandatenewinwAcceptfilePopupV1.aspx	RetailBanking/ECS/MandateManagement/ecs_MandatenewinwAcceptfilePopupV1.aspx
RetailBanking	ECS	ecs_ProductTypeTransactionReport.aspx	RetailBanking/ECS/MandateManagement/ecs_ProductTypeTransactionReport.aspx
RetailBanking	ECS	x_AchProcessResponseFileData.aspx	RetailBanking/ECS/MandateManagement/x_AchProcessResponseFileData.aspx
RetailBanking	ECS	x_GlobalACHInputRtnACKFile.aspx	RetailBanking/ECS/MandateManagement/x_GlobalACHInputRtnACKFile.aspx
RetailBanking	ECS	x_MICRECSGenerateFileData.aspx	RetailBanking/ECS/MandateManagement/x_MICRECSGenerateFileData.aspx
RetailBanking	ECS	b_SubMemberBank.aspx	RetailBanking/ECS/b_SubMemberBank.aspx
RetailBanking	ECS	ecs_OtherPayFileData.aspx	RetailBanking/ECS/ecs_OtherPayFileData.aspx
RetailBanking		EMIChart.aspx	RetailBanking/EMIChart.aspx
RetailBanking		FDLienDetails.aspx	RetailBanking/FDLienDetails.aspx
RetailBanking		FDPrint.aspx	RetailBanking/FDPrint.aspx
RetailBanking	FI	fi.aspx	RetailBanking/FI/fi.aspx
RetailBanking	FI	fi_accountHeadMapping.aspx	RetailBanking/FI/fi_accountHeadMapping.aspx
RetailBanking	FI	fi_agentconfig.aspx	RetailBanking/FI/fi_agentconfig.aspx
RetailBanking		FailedSweepInProcess.aspx	RetailBanking/FailedSweepInProcess.aspx
RetailBanking		GoldLoanReceipt.aspx	RetailBanking/GoldLoanReceipt.aspx
RetailBanking	IMPS	IMPSChangeStatus.aspx	RetailBanking/IMPS/IMPSChangeStatus.aspx
RetailBanking	IMPS	IMPSOutwardStatus.aspx	RetailBanking/IMPS/IMPSOutwardStatus.aspx
RetailBanking	IMPS	IMPSOutwardstatusDetails.aspx	RetailBanking/IMPS/IMPSOutwardstatusDetails.aspx
RetailBanking	IMPS	IMPS_Outward.aspx	RetailBanking/IMPS/IMPS_Outward.aspx
RetailBanking	IMPS	imps_mmid_request.aspx	RetailBanking/IMPS/imps_mmid_request.aspx
RetailBanking	IMPS	mobile_bankingreport.aspx	RetailBanking/IMPS/mobile_bankingreport.aspx
RetailBanking	IMPS	mobile_registeredClient.aspx	RetailBanking/IMPS/mobile_registeredClient.aspx
RetailBanking	Insurance	c_LoanInsurance.aspx	RetailBanking/Insurance/c_LoanInsurance.aspx
RetailBanking	InterestActivity	ATMServiceChargePosting_Calc.aspx	RetailBanking/InterestActivity/Charges/ATMServiceChargePosting_Calc.aspx
RetailBanking	InterestActivity	CC_Unutilized_Limit_calc.aspx	RetailBanking/InterestActivity/Charges/CC_Unutilized_Limit_calc.aspx
RetailBanking	InterestActivity	CashWithdrawalCharges_Calc.aspx	RetailBanking/InterestActivity/Charges/CashWithdrawalCharges_Calc.aspx
RetailBanking	InterestActivity	Charges_Calc_Posting_V2.aspx	RetailBanking/InterestActivity/Charges/Charges_Calc_Posting_V2.aspx
RetailBanking	InterestActivity	NonComplianceCharges_Calc_Posting.aspx	RetailBanking/InterestActivity/Charges/NonComplianceCharges_Calc_Posting.aspx
RetailBanking	InterestActivity	NonStockStmtCharges_Calc_V2.aspx	RetailBanking/InterestActivity/Charges/NonStockStmtCharges_Calc_V2.aspx
RetailBanking	InterestActivity	PigmyToLoanTrfCharges.aspx	RetailBanking/InterestActivity/Charges/PigmyToLoanTrfCharges.aspx
RetailBanking	InterestActivity	QRCharges_Calc_Posting.aspx	RetailBanking/InterestActivity/Charges/QRCharges_Calc_Posting.aspx
RetailBanking	InterestActivity	SMSChargesCalculation_V2.aspx	RetailBanking/InterestActivity/Charges/SMSChargesCalculation_V2.aspx
RetailBanking	InterestActivity	StationaryCharges_Calc_PostingV1.aspx	RetailBanking/InterestActivity/Charges/StationaryCharges_Calc_PostingV1.aspx
RetailBanking	InterestActivity	b_SubMemCharges.aspx	RetailBanking/InterestActivity/Charges/b_SubMemCharges.aspx
RetailBanking	InterestActivity	c_DormantCharges_V2.aspx	RetailBanking/InterestActivity/Charges/c_DormantCharges_V2.aspx
RetailBanking	InterestActivity	cc_NonRenewalcharges_calc_V2.aspx	RetailBanking/InterestActivity/Charges/cc_NonRenewalcharges_calc_V2.aspx
RetailBanking	InterestActivity	x_AllbranchStatusLog.aspx	RetailBanking/InterestActivity/Charges/x_AllbranchStatusLog.aspx
RetailBanking	InterestActivity	x_Charge_Calc_ForMinimumBalanceProvision_V2.aspx	RetailBanking/InterestActivity/Charges/x_Charge_Calc_ForMinimumBalanceProvision_V2.aspx
RetailBanking	InterestActivity	x_ChargefreqCalc.aspx	RetailBanking/InterestActivity/Charges/x_ChargefreqCalc.aspx
RetailBanking	InterestActivity	x_ChargesSelector.aspx	RetailBanking/InterestActivity/Charges/x_ChargesSelector.aspx
RetailBanking	InterestActivity	x_CreditMonCharges_Calc.aspx	RetailBanking/InterestActivity/Charges/x_CreditMonCharges_Calc.aspx
RetailBanking	InterestActivity	x_IMPSChargeProvision.aspx	RetailBanking/InterestActivity/Charges/x_IMPSChargeProvision.aspx
RetailBanking	InterestActivity	x_LoanInsuranceCharges_Calc.aspx	RetailBanking/InterestActivity/Charges/x_LoanInsuranceCharges_Calc.aspx
RetailBanking	InterestActivity	fd_int_calc_V1.aspx	RetailBanking/InterestActivity/FD/fd_int_calc_V1.aspx
RetailBanking	InterestActivity	SavingInterestDetails.aspx	RetailBanking/InterestActivity/SavingInterestDetails.aspx
RetailBanking	InterestActivity	TDS_int_calc.aspx	RetailBanking/InterestActivity/TDS/TDS_int_calc.aspx
RetailBanking	InterestActivity	TDSallaccountDetails.aspx	RetailBanking/InterestActivity/TDS/TDSallaccountDetails.aspx
RetailBanking	InterestActivity	TdsBranchwisedetails.aspx	RetailBanking/InterestActivity/TDS/TdsBranchwisedetails.aspx
RetailBanking	InterestActivity	b_TdsChallanDetails.aspx	RetailBanking/InterestActivity/TDS/b_TdsChallanDetails.aspx
RetailBanking	InterestActivity	x_TDS_PANABCCA.aspx	RetailBanking/InterestActivity/TDS/x_TDS_PANABCCA.aspx
RetailBanking	InterestActivity	IntActPreChecker.aspx	RetailBanking/InterestActivity/lnccod/IntActPreChecker.aspx
RetailBanking	InterestActivity	IntActPreCheckerLog_Popup.aspx	RetailBanking/InterestActivity/lnccod/IntActPreCheckerLog_Popup.aspx
RetailBanking	InterestActivity	InterestRebate_calc.aspx	RetailBanking/InterestActivity/lnccod/InterestRebate_calc.aspx
RetailBanking	InterestActivity	LNPenalPost.aspx	RetailBanking/InterestActivity/lnccod/LNPenalPost.aspx
RetailBanking	InterestActivity	lnccod_int_calc_Popup_V1.aspx	RetailBanking/InterestActivity/lnccod/lnccod_int_calc_Popup_V1.aspx
RetailBanking	InterestActivity	lnccod_int_calc_V1.aspx	RetailBanking/InterestActivity/lnccod/lnccod_int_calc_V1.aspx
RetailBanking	InterestActivity	rd_int_calc_V1.aspx	RetailBanking/InterestActivity/rd/rd_int_calc_V1.aspx
RetailBanking	InterestActivity	sb_int_calc_V2.aspx	RetailBanking/InterestActivity/sb/sb_int_calc_V2.aspx
RetailBanking	InterestActivity	x_FDMatIntProv.aspx	RetailBanking/InterestActivity/x_FDMatIntProv.aspx
RetailBanking	InterestActivity	x_FDMatIntProvLog.aspx	RetailBanking/InterestActivity/x_FDMatIntProvLog.aspx
RetailBanking	InterestActivity	x_InvestmentInterestActivity.aspx	RetailBanking/InterestActivity/x_InvestmentInterestActivity.aspx
RetailBanking	InterestActivity	x_NonOperativeInterestActivity.aspx	RetailBanking/InterestActivity/x_NonOperativeInterestActivity.aspx
RetailBanking	InterestActivity	x_NonOperativeInterestActivity_V2.aspx	RetailBanking/InterestActivity/x_NonOperativeInterestActivity_V2.aspx
RetailBanking	InterestActivity	x_SBInterestOnDemand.aspx	RetailBanking/InterestActivity/x_SBInterestOnDemand.aspx
RetailBanking	InterestActivity	x_SavingInterestActivity.aspx	RetailBanking/InterestActivity/x_SavingInterestActivity.aspx
RetailBanking	KYC	ClientsConsent.aspx	RetailBanking/KYC/ClientsConsent.aspx
RetailBanking	KYC	KYCClientPopup_V1.aspx	RetailBanking/KYC/KYCClientPopup_V1.aspx
RetailBanking	KYC	KYC_DashboardDetails.aspx	RetailBanking/KYC/KYC_DashboardDetails.aspx
RetailBanking	KYC	kyc_Batch.aspx	RetailBanking/KYC/kyc_Batch.aspx
RetailBanking	KYC	kyc_BulkDownloadGenFile.aspx	RetailBanking/KYC/kyc_BulkDownloadGenFile.aspx
RetailBanking	KYC	kyc_BulkDownloadResponseFile.aspx	RetailBanking/KYC/kyc_BulkDownloadResponseFile.aspx
RetailBanking	KYC	kyc_BulkFile.aspx	RetailBanking/KYC/kyc_BulkFile.aspx
RetailBanking	KYC	kyc_BulkSearch.aspx	RetailBanking/KYC/kyc_BulkSearch.aspx
RetailBanking	KYC	kyc_ClientAdditionalDetails.aspx	RetailBanking/KYC/kyc_ClientAdditionalDetails.aspx
RetailBanking	KYC	kyc_ClientDetailsPopup.aspx	RetailBanking/KYC/kyc_ClientDetailsPopup.aspx
RetailBanking	KYC	kyc_ClientValidationStatus.aspx	RetailBanking/KYC/kyc_ClientValidationStatus.aspx
RetailBanking	KYC	kyc_Dashboard.aspx	RetailBanking/KYC/kyc_Dashboard.aspx
RetailBanking	KYC	kyc_DocSnapPreview.aspx	RetailBanking/KYC/kyc_DocSnapPreview.aspx
RetailBanking	KYC	kyc_DownloadBatch.aspx	RetailBanking/KYC/kyc_DownloadBatch.aspx
RetailBanking	KYC	kyc_GetCustomerDetails.aspx	RetailBanking/KYC/kyc_GetCustomerDetails.aspx
RetailBanking	KYC	kyc_Inward.aspx	RetailBanking/KYC/kyc_Inward.aspx
RetailBanking	KYC	kyc_ReconcilePostResponseFile.aspx	RetailBanking/KYC/kyc_ReconcilePostResponseFile.aspx
RetailBanking	KYC	kyc_ReconcileResponseFile.aspx	RetailBanking/KYC/kyc_ReconcileResponseFile.aspx
RetailBanking		LNCCAutoIntAccrualUpdate.aspx	RetailBanking/LNCCAutoIntAccrualUpdate.aspx
RetailBanking		LedgerNullifyContra.aspx	RetailBanking/LedgerNullifyContra.aspx
RetailBanking	Legal	lg_Consultant.aspx	RetailBanking/Legal/lg_Consultant.aspx
RetailBanking	Legal	lg_PoliceCase.aspx	RetailBanking/Legal/lg_PoliceCase.aspx
RetailBanking	Legal	lg_SuitCase.aspx	RetailBanking/Legal/lg_SuitCase.aspx
RetailBanking	Legal	lg_SuitCaseClosing.aspx	RetailBanking/Legal/lg_SuitCaseClosing.aspx
RetailBanking	Legal	lg_SuitCaseHistory.aspx	RetailBanking/Legal/lg_SuitCaseHistory.aspx
RetailBanking		LienNotationRelease.aspx	RetailBanking/LienNotationRelease.aspx
RetailBanking		LoanAndAdvances.aspx	RetailBanking/LoanAndAdvances.aspx
RetailBanking		LoanDisbursmentDebitCharges.aspx	RetailBanking/LoanDisbursmentDebitCharges.aspx
RetailBanking		LoanInterestUpdation.aspx	RetailBanking/LoanInterestUpdation.aspx
RetailBanking		LoanProductDetail.aspx	RetailBanking/LoanProductDetail.aspx
RetailBanking		LosConfiguration.aspx	RetailBanking/LosConfiguration.aspx
RetailBanking		MemberSharedLedger.aspx	RetailBanking/MemberSharedLedger.aspx
RetailBanking		MinorTurnMajorLetterTemplate.aspx	RetailBanking/MinorTurnMajorLetterTemplate.aspx
RetailBanking	NPA	DepositNPAcalc.aspx	RetailBanking/NPA/DepositNPAcalc.aspx
RetailBanking	NPA	SubAccountNPAMarking.aspx	RetailBanking/NPA/SubAccountNPAMarking.aspx
RetailBanking	NPA	b_NPAClassMaster.aspx	RetailBanking/NPA/b_NPAClassMaster.aspx
RetailBanking	NPA	b_NPAMaster.aspx	RetailBanking/NPA/b_NPAMaster.aspx
RetailBanking	NPA	b_NPAParameters.aspx	RetailBanking/NPA/b_NPAParameters.aspx
RetailBanking	NPA	b_NPAReceivableRecAppr.aspx	RetailBanking/NPA/b_NPAReceivableRecAppr.aspx
RetailBanking	NPA	c_ManualNPAStatUpdate.aspx	RetailBanking/NPA/c_ManualNPAStatUpdate.aspx
RetailBanking	NPA	c_NPAAccountSetting.aspx	RetailBanking/NPA/c_NPAAccountSetting.aspx
RetailBanking	NPA	c_NPAMethodMapping.aspx	RetailBanking/NPA/c_NPAMethodMapping.aspx
RetailBanking	NPA	x_InvNPASetting.aspx	RetailBanking/NPA/x_InvNPASetting.aspx
RetailBanking	NPA	x_NPACalculation.aspx	RetailBanking/NPA/x_NPACalculation.aspx
RetailBanking	NPA	x_NPACalculationMulti_V2.aspx	RetailBanking/NPA/x_NPACalculationMulti_V2.aspx
RetailBanking	NPA	x_NpaIntRevert.aspx	RetailBanking/NPA/x_NpaIntRevert.aspx
RetailBanking	NPCI	npci_All_DisputeTransactionPosting.aspx	RetailBanking/NPCI/npci_All_DisputeTransactionPosting.aspx
RetailBanking	NPCI	npci_All_DisputesImport.aspx	RetailBanking/NPCI/npci_All_DisputesImport.aspx
RetailBanking		OfflineLedPost.aspx	RetailBanking/OfflineLedPost.aspx
RetailBanking	PACS	x_PACSCropInsurance.aspx	RetailBanking/PACS/x_PACSCropInsurance.aspx
RetailBanking	PACS	x_PACSMemberLedgerView.aspx	RetailBanking/PACS/x_PACSMemberLedgerView.aspx
RetailBanking		PassBookParameterSetting.aspx	RetailBanking/PassBookParameterSetting.aspx
RetailBanking		PassBookPrinting.aspx	RetailBanking/PassBookPrinting.aspx
RetailBanking		PassbookPrint.aspx	RetailBanking/PassbookPrint.aspx
RetailBanking		PresentPosition.aspx	RetailBanking/PresentPosition.aspx
RetailBanking		PrintDDPO.aspx	RetailBanking/PrintDDPO.aspx
RetailBanking	Printing	DepositSlipPrinting.aspx	RetailBanking/Printing/DepositSlipPrinting.aspx
RetailBanking	Printing	LoanRepaymentReceipt.aspx	RetailBanking/Printing/LoanRepaymentReceipt.aspx
RetailBanking	Printing	RecPrinting.aspx	RetailBanking/Printing/RecPrinting.aspx
RetailBanking	RTGS	FundTransferMsgLog.aspx	RetailBanking/RTGS/FundTransferMsgLog.aspx
RetailBanking	RTGS	Iftas24By7Neft.aspx	RetailBanking/RTGS/Iftas24By7Neft.aspx
RetailBanking	RTGS	OutwardPayRetMark.aspx	RetailBanking/RTGS/OutwardPayRetMark.aspx
RetailBanking	RTGS	RTGSEnquiry.aspx	RetailBanking/RTGS/RTGSEnquiry.aspx
RetailBanking	RTGS	RTGSExport.aspx	RetailBanking/RTGS/RTGSExport.aspx
RetailBanking	RTGS	RTGSExportNew.aspx	RetailBanking/RTGS/RTGSExportNew.aspx
RetailBanking	RTGS	RTGSExportUtrDet.aspx	RetailBanking/RTGS/RTGSExportUtrDet.aspx
RetailBanking	RTGS	RTGSImport.aspx	RetailBanking/RTGS/RTGSImport.aspx
RetailBanking	RTGS	RTGSImportFileStatus.aspx	RetailBanking/RTGS/RTGSImportFileStatus.aspx
RetailBanking	RTGS	RTGSImportReturn.aspx	RetailBanking/RTGS/RTGSImportReturn.aspx
RetailBanking	RTGS	RTGSPayment.aspx	RetailBanking/RTGS/RTGSPayment.aspx
RetailBanking	RTGS	RTGSPaymentReversalV1.aspx	RetailBanking/RTGS/RTGSPaymentReversalV1.aspx
RetailBanking	RTGS	RTGSPaymentV2.aspx	RetailBanking/RTGS/RTGSPaymentV2.aspx
RetailBanking	RTGS	RTGSPaymentV3.aspx	RetailBanking/RTGS/RTGSPaymentV3.aspx
RetailBanking	RTGS	RTGSPaymentv1.aspx	RetailBanking/RTGS/RTGSPaymentv1.aspx
RetailBanking	RTGS	RTGSResponseImport.aspx	RetailBanking/RTGS/RTGSResponseImport.aspx
RetailBanking	RTGS	RTGSRetMark.aspx	RetailBanking/RTGS/RTGSRetMark.aspx
RetailBanking	RTGS	RtgsIftsDashEnqForm.aspx	RetailBanking/RTGS/RtgsIftsDashEnqForm.aspx
RetailBanking	RTGS	RtgsIftsDashEnqFormPopUp.aspx	RetailBanking/RTGS/RtgsIftsDashEnqFormPopUp.aspx
RetailBanking	RTGS	rtgspaymentbatch.aspx	RetailBanking/RTGS/rtgspaymentbatch.aspx
RetailBanking	RTGS	rtgspaymentbatch_popup.aspx	RetailBanking/RTGS/rtgspaymentbatch_popup.aspx
RetailBanking	RTGS	rtgspaymentbatch_upload.aspx	RetailBanking/RTGS/rtgspaymentbatch_upload.aspx
RetailBanking	RTGS	x_RTGSRstrctDate.aspx	RetailBanking/RTGS/x_RTGSRstrctDate.aspx
RetailBanking		SBIntCalcLogDetail.aspx	RetailBanking/SBIntCalcLogDetail.aspx
RetailBanking	SI	standingInstructionProcessing.aspx	RetailBanking/SI/standingInstructionProcessing.aspx
RetailBanking	SI	x_StandingInstruction.aspx	RetailBanking/SI/x_StandingInstruction.aspx
RetailBanking	SMS	sms_registeredAccount.aspx	RetailBanking/SMS/sms_registeredAccount.aspx
RetailBanking	SMS	sms_registeredAccountDetails.aspx	RetailBanking/SMS/sms_registeredAccountDetails.aspx
RetailBanking		SearchUtility.aspx	RetailBanking/SearchUtility.aspx
RetailBanking	ServiceTaxCalculation	serviceTaxCalculation.aspx	RetailBanking/ServiceTaxCalculation/serviceTaxCalculation.aspx
RetailBanking	ServiceTaxCalculation	x_ServiceTaxAccountHeadMapping.aspx	RetailBanking/ServiceTaxCalculation/x_ServiceTaxAccountHeadMapping.aspx
RetailBanking		SignaturePreview.aspx	RetailBanking/SignaturePreview.aspx
RetailBanking		StatusModification.aspx	RetailBanking/StatusModification.aspx
RetailBanking	TDS	d_TDSCalculation.aspx	RetailBanking/TDS/d_TDSCalculation.aspx
RetailBanking	TDS	x_ManualTDSDeduction.aspx	RetailBanking/TDS/x_ManualTDSDeduction.aspx
RetailBanking	TDS	x_ManualTDSReverse.aspx	RetailBanking/TDS/x_ManualTDSReverse.aspx
RetailBanking	TDS	x_TDSLedger.aspx	RetailBanking/TDS/x_TDSLedger.aspx
RetailBanking	Transaction	AccountDetailsView.aspx	RetailBanking/Transaction/AccountDetailsView.aspx
RetailBanking	Transaction	AccountSearchByClient.aspx	RetailBanking/Transaction/AccountSearchByClient.aspx
RetailBanking	Transaction	CCODAddLimitPopup.aspx	RetailBanking/Transaction/CCODAddLimitPopup.aspx
RetailBanking	Transaction	ChargesRecView.aspx	RetailBanking/Transaction/ChargesRecView.aspx
RetailBanking	Transaction	CheaueBookDetailsPopup.aspx	RetailBanking/Transaction/CheaueBookDetailsPopup.aspx
RetailBanking	Transaction	DailyDepositBalanceTransferNew.aspx	RetailBanking/Transaction/DailyDepositBalanceTransferNew.aspx
RetailBanking	Transaction	DebitMandateImagePreview.aspx	RetailBanking/Transaction/DebitMandateImagePreview.aspx
RetailBanking	Transaction	DepAccountHistory.aspx	RetailBanking/Transaction/DepAccountHistory.aspx
RetailBanking	Transaction	DepositLienIntSlab.aspx	RetailBanking/Transaction/DepositLienIntSlab.aspx
RetailBanking	Transaction	ECSCrDrBatchDet.aspx	RetailBanking/Transaction/ECSCrDrBatchDet.aspx
RetailBanking	Transaction	ExceptionalLogViewer.aspx	RetailBanking/Transaction/ExceptionalLogViewer.aspx
RetailBanking	Transaction	IntPayWithdrawalPopup.aspx	RetailBanking/Transaction/IntPayWithdrawalPopup.aspx
RetailBanking	Transaction	LienDetails.aspx	RetailBanking/Transaction/LienDetails.aspx
RetailBanking	Transaction	LockerDetails.aspx	RetailBanking/Transaction/LockerDetails.aspx
RetailBanking	Transaction	RelatedAccountSearchByClient.aspx	RetailBanking/Transaction/RelatedAccountSearchByClient.aspx
RetailBanking	Transaction	SBCASecurityViewer.aspx	RetailBanking/Transaction/SBCASecurityViewer.aspx
RetailBanking	Transaction	ShowFDInterestDetails.aspx	RetailBanking/Transaction/ShowFDInterestDetails.aspx
RetailBanking	Transaction	ShowPigmyInterestDetails.aspx	RetailBanking/Transaction/ShowPigmyInterestDetails.aspx
RetailBanking	Transaction	ShowRDInterestDetails.aspx	RetailBanking/Transaction/ShowRDInterestDetails.aspx
RetailBanking	Transaction	SignaturePopup.aspx	RetailBanking/Transaction/SignaturePopup.aspx
RetailBanking	Transaction	b_AccountClosingTransactionNew.aspx	RetailBanking/Transaction/b_AccountClosingTransactionNew.aspx
RetailBanking	Transaction	b_AccountPartialClosingTransaction.aspx	RetailBanking/Transaction/b_AccountPartialClosingTransaction.aspx
RetailBanking	Transaction	b_DailyDepositInterestCalculationNew.aspx	RetailBanking/Transaction/b_DailyDepositInterestCalculationNew.aspx
RetailBanking	Transaction	b_InoperativeIR.aspx	RetailBanking/Transaction/b_InoperativeIR.aspx
RetailBanking	Transaction	b_dailyClientAccountRenewal.aspx	RetailBanking/Transaction/b_dailyClientAccountRenewal.aspx
RetailBanking	Transaction	d_MatDepClsTrf.aspx	RetailBanking/Transaction/d_MatDepClsTrf.aspx
RetailBanking	Transaction	ecs_MandateReport.aspx	RetailBanking/Transaction/ecs_MandateReport.aspx
RetailBanking	Transaction	ibt_headmap.aspx	RetailBanking/Transaction/ibt_headmap.aspx
RetailBanking	Transaction	sh_signature.aspx	RetailBanking/Transaction/sh_signature.aspx
RetailBanking	Transaction	AccountSelector.aspx	RetailBanking/Transaction/userControls/AccountSelector.aspx
RetailBanking	Transaction	x_AchSponsorTransactionPosting.aspx	RetailBanking/Transaction/x_AchSponsorTransactionPosting.aspx
RetailBanking	Transaction	x_BatchTransactionTemplate.aspx	RetailBanking/Transaction/x_BatchTransactionTemplate.aspx
RetailBanking	Transaction	x_CashBatchTransaction.aspx	RetailBanking/Transaction/x_CashBatchTransaction.aspx
RetailBanking	Transaction	x_DailyDepositTransactionFromToDateAllnew.aspx	RetailBanking/Transaction/x_DailyDepositTransactionFromToDateAllnew.aspx
RetailBanking	Transaction	x_DeafClaim.aspx	RetailBanking/Transaction/x_DeafClaim.aspx
RetailBanking	Transaction	x_DemandGeneration.aspx	RetailBanking/Transaction/x_DemandGeneration.aspx
RetailBanking	Transaction	x_DividendTransaction.aspx	RetailBanking/Transaction/x_DividendTransaction.aspx
RetailBanking	Transaction	x_FDRAutoTransferTransaction.aspx	RetailBanking/Transaction/x_FDRAutoTransferTransaction.aspx
RetailBanking	Transaction	x_FDRenewalTransaction.aspx	RetailBanking/Transaction/x_FDRenewalTransaction.aspx
RetailBanking	Transaction	x_FdPayableCashPayment.aspx	RetailBanking/Transaction/x_FdPayableCashPayment.aspx
RetailBanking	Transaction	x_GovSecInvestmentCategoryTransfer.aspx	RetailBanking/Transaction/x_GovSecInvestmentCategoryTransfer.aspx
RetailBanking	Transaction	x_GovSecInvestmentEarmark.aspx	RetailBanking/Transaction/x_GovSecInvestmentEarmark.aspx
RetailBanking	Transaction	x_GovSecInvestmentReleaseEarmark.aspx	RetailBanking/Transaction/x_GovSecInvestmentReleaseEarmark.aspx
RetailBanking	Transaction	x_GovSecInvestmentTransfer.aspx	RetailBanking/Transaction/x_GovSecInvestmentTransfer.aspx
RetailBanking	Transaction	x_GovtSecInvestmentImport.aspx	RetailBanking/Transaction/x_GovtSecInvestmentImport.aspx
RetailBanking	Transaction	x_GovtSecInvestmentImportConfig.aspx	RetailBanking/Transaction/x_GovtSecInvestmentImportConfig.aspx
RetailBanking	Transaction	x_GovtSecInvestmentImportTransaction.aspx	RetailBanking/Transaction/x_GovtSecInvestmentImportTransaction.aspx
RetailBanking	Transaction	x_GovtSecMarketValueImport.aspx	RetailBanking/Transaction/x_GovtSecMarketValueImport.aspx
RetailBanking	Transaction	x_IncomeSTtrasaction.aspx	RetailBanking/Transaction/x_IncomeSTtrasaction.aspx
RetailBanking	Transaction	x_InvestmentClosingTransaction.aspx	RetailBanking/Transaction/x_InvestmentClosingTransaction.aspx
RetailBanking	Transaction	x_InvestmentInterestSettlementTransaction.aspx	RetailBanking/Transaction/x_InvestmentInterestSettlementTransaction.aspx
RetailBanking	Transaction	x_InvestmentMoneyTrade.aspx	RetailBanking/Transaction/x_InvestmentMoneyTrade.aspx
RetailBanking	Transaction	x_InvestmentMultipleSaleTransaction.aspx	RetailBanking/Transaction/x_InvestmentMultipleSaleTransaction.aspx
RetailBanking	Transaction	x_InvestmentPurchaseRepo.aspx	RetailBanking/Transaction/x_InvestmentPurchaseRepo.aspx
RetailBanking	Transaction	x_InvestmentRenewalTransaction.aspx	RetailBanking/Transaction/x_InvestmentRenewalTransaction.aspx
RetailBanking	Transaction	x_InvestmentTransaction.aspx	RetailBanking/Transaction/x_InvestmentTransaction.aspx
RetailBanking	Transaction	x_LedgerClientTdsCashRev.aspx	RetailBanking/Transaction/x_LedgerClientTdsCashRev.aspx
RetailBanking	Transaction	x_LoanFDSettlement.aspx	RetailBanking/Transaction/x_LoanFDSettlement.aspx
RetailBanking	Transaction	x_LoanInsuranceChargesPosting.aspx	RetailBanking/Transaction/x_LoanInsuranceChargesPosting.aspx
RetailBanking	Transaction	x_LockRelease.aspx	RetailBanking/Transaction/x_LockRelease.aspx
RetailBanking	Transaction	x_MICRECSAccountDetailsPopup.aspx	RetailBanking/Transaction/x_MICRECSAccountDetailsPopup.aspx
RetailBanking	Transaction	x_MICRECSCreditManualStatus.aspx	RetailBanking/Transaction/x_MICRECSCreditManualStatus.aspx
RetailBanking	Transaction	x_MICRECSGenerateReturnFile.aspx	RetailBanking/Transaction/x_MICRECSGenerateReturnFile.aspx
RetailBanking	Transaction	x_MICRECSManualStatus.aspx	RetailBanking/Transaction/x_MICRECSManualStatus.aspx
RetailBanking	Transaction	x_MICRECSOACGenerateFile.aspx	RetailBanking/Transaction/x_MICRECSOACGenerateFile.aspx
RetailBanking	Transaction	x_MICRECSOACGenerateFilePopup.aspx	RetailBanking/Transaction/x_MICRECSOACGenerateFilePopup.aspx
RetailBanking	Transaction	x_MICRECSPaymentGenerateReturnFile.aspx	RetailBanking/Transaction/x_MICRECSPaymentGenerateReturnFile.aspx
RetailBanking	Transaction	x_MICRECSPaymentManualStatus.aspx	RetailBanking/Transaction/x_MICRECSPaymentManualStatus.aspx
RetailBanking	Transaction	x_MICRECSPaymentProcessFile.aspx	RetailBanking/Transaction/x_MICRECSPaymentProcessFile.aspx
RetailBanking	Transaction	x_MICRECSPaymentProcessFilePopup.aspx	RetailBanking/Transaction/x_MICRECSPaymentProcessFilePopup.aspx
RetailBanking	Transaction	x_MICRECSPaymentProcessFileReport.aspx	RetailBanking/Transaction/x_MICRECSPaymentProcessFileReport.aspx
RetailBanking	Transaction	x_MICRECSPaymentTransactionPosting_v1.aspx	RetailBanking/Transaction/x_MICRECSPaymentTransactionPosting_v1.aspx
RetailBanking	Transaction	x_MICRECSPaymentUploadFile.aspx	RetailBanking/Transaction/x_MICRECSPaymentUploadFile.aspx
RetailBanking	Transaction	x_MICRECSProcessFileData_v2.aspx	RetailBanking/Transaction/x_MICRECSProcessFileData_v2.aspx
RetailBanking	Transaction	x_MICRECSProcessFilePopup.aspx	RetailBanking/Transaction/x_MICRECSProcessFilePopup.aspx
RetailBanking	Transaction	x_MICRECSTransactionPosting.aspx	RetailBanking/Transaction/x_MICRECSTransactionPosting.aspx
RetailBanking	Transaction	x_MICRECSUploadFile.aspx	RetailBanking/Transaction/x_MICRECSUploadFile.aspx
RetailBanking	Transaction	x_ManyToManyTranPopUp.aspx	RetailBanking/Transaction/x_ManyToManyTranPopUp.aspx
RetailBanking	Transaction	x_ManyToManyTransactionIBT_V1.aspx	RetailBanking/Transaction/x_ManyToManyTransactionIBT_V1.aspx
RetailBanking	Transaction	x_NonOprClaim.aspx	RetailBanking/Transaction/x_NonOprClaim.aspx
RetailBanking	Transaction	x_NonOprClaimReceived.aspx	RetailBanking/Transaction/x_NonOprClaimReceived.aspx
RetailBanking	Transaction	x_NonOprDepositPost.aspx	RetailBanking/Transaction/x_NonOprDepositPost.aspx
RetailBanking	Transaction	x_NonOprDepositPostPopup.aspx	RetailBanking/Transaction/x_NonOprDepositPostPopup.aspx
RetailBanking	Transaction	x_NonOprDepositTrf.aspx	RetailBanking/Transaction/x_NonOprDepositTrf.aspx
RetailBanking	Transaction	x_NonOprDepositTrfPopup.aspx	RetailBanking/Transaction/x_NonOprDepositTrfPopup.aspx
RetailBanking	Transaction	x_P2BDemandGeneration.aspx	RetailBanking/Transaction/x_P2BDemandGeneration.aspx
RetailBanking	Transaction	x_PigmyCommCalculateNewV1.aspx	RetailBanking/Transaction/x_PigmyCommCalculateNewV1.aspx
RetailBanking	Transaction	x_PigmyExportSetting.aspx	RetailBanking/Transaction/x_PigmyExportSetting.aspx
RetailBanking	Transaction	x_PigmyProductTransactionDetails.aspx	RetailBanking/Transaction/x_PigmyProductTransactionDetails.aspx
RetailBanking	Transaction	x_ProfitLossSummation.aspx	RetailBanking/Transaction/x_ProfitLossSummation.aspx
RetailBanking	Transaction	x_ProfitLossSummationPopup.aspx	RetailBanking/Transaction/x_ProfitLossSummationPopup.aspx
RetailBanking	Transaction	x_ProfitLossSummationV1.aspx	RetailBanking/Transaction/x_ProfitLossSummationV1.aspx
RetailBanking	Transaction	x_PurchaseDealNumber.aspx	RetailBanking/Transaction/x_PurchaseDealNumber.aspx
RetailBanking	Transaction	x_RDAccountClosing.aspx	RetailBanking/Transaction/x_RDAccountClosing.aspx
RetailBanking	Transaction	x_RDProduct.aspx	RetailBanking/Transaction/x_RDProduct.aspx
RetailBanking	Transaction	x_SbCaRdAccountClosing.aspx	RetailBanking/Transaction/x_SbCaRdAccountClosing.aspx
RetailBanking	Transaction	x_SignatureImage.aspx	RetailBanking/Transaction/x_SignatureImage.aspx
RetailBanking	Transaction	x_TransClientAccODDet.aspx	RetailBanking/Transaction/x_TransClientAccODDet.aspx
RetailBanking	Transaction	x_TransactionOtherDetails.aspx	RetailBanking/Transaction/x_TransactionOtherDetails.aspx
RetailBanking	Transaction	x_TransactionOtherDetailsOld.aspx	RetailBanking/Transaction/x_TransactionOtherDetailsOld.aspx
RetailBanking	Transaction	x_investmentAmortisationCalc.aspx	RetailBanking/Transaction/x_investmentAmortisationCalc.aspx
RetailBanking	Transaction	x_pigmyTrfAmtToLinkAcc.aspx	RetailBanking/Transaction/x_pigmyTrfAmtToLinkAcc.aspx
RetailBanking	Transaction	x_transaction_js_cash_handler.aspx	RetailBanking/Transaction/x_transaction_js_cash_handler.aspx
RetailBanking	Transaction	x_transaction_js_ibt_cash_handler.aspx	RetailBanking/Transaction/x_transaction_js_ibt_cash_handler.aspx
RetailBanking	Transaction	x_transaction_js_ibt_trf_handler.aspx	RetailBanking/Transaction/x_transaction_js_ibt_trf_handler.aspx
RetailBanking	Transaction	x_transaction_js_transfer_handler.aspx	RetailBanking/Transaction/x_transaction_js_transfer_handler.aspx
RetailBanking	Transaction	x_transactionv1.aspx	RetailBanking/Transaction/x_transactionv1.aspx
RetailBanking		UserDefLetterTemplateCons.aspx	RetailBanking/UserDefLetterTemplateCons.aspx
RetailBanking	Utilities	CentralizedDayBegin.aspx	RetailBanking/Utilities/CentralizedDayBegin.aspx
RetailBanking	Utilities	DayendCentral.aspx	RetailBanking/Utilities/DayendCentral.aspx
RetailBanking	Utilities	DayendLog.aspx	RetailBanking/Utilities/DayendLog.aspx
RetailBanking	Utilities	DayendParamConfig.aspx	RetailBanking/Utilities/DayendParamConfig.aspx
RetailBanking	Utilities	LedgerUpdateReq.aspx	RetailBanking/Utilities/LedgerUpdateReq.aspx
RetailBanking	Utilities	LogDetails.aspx	RetailBanking/Utilities/LogDetails.aspx
RetailBanking	Utilities	SMSOtherChLog.aspx	RetailBanking/Utilities/SMSOtherChLog.aspx
RetailBanking	Utilities	c_RepaymentSchedule.aspx	RetailBanking/Utilities/c_RepaymentSchedule.aspx
RetailBanking		ValidateBenName.aspx	RetailBanking/ValidateBenName.aspx
RetailBanking		VerifyMobNo.aspx	RetailBanking/VerifyMobNo.aspx
RetailBanking		VoucherPrintPopup.aspx	RetailBanking/VoucherPrintPopup.aspx
RetailBanking		VoucherPrinting.aspx	RetailBanking/VoucherPrinting.aspx
RetailBanking		VoucherViewer.aspx	RetailBanking/VoucherViewer.aspx
RetailBanking		VoucherViewerPopup.aspx	RetailBanking/VoucherViewerPopup.aspx
RetailBanking		WriteOffAccount.aspx	RetailBanking/WriteOffAccount.aspx
RetailBanking		WriteOffRecovery.aspx	RetailBanking/WriteOffRecovery.aspx
RetailBanking	YearEndActivities	BalanceTransfer.aspx	RetailBanking/YearEndActivities/BalanceTransfer.aspx
RetailBanking	YearEndActivities	YearEnd.aspx	RetailBanking/YearEndActivities/YearEnd.aspx
RetailBanking		a_UserPassTranLimit.aspx	RetailBanking/a_UserPassTranLimit.aspx
RetailBanking	aadhar	PfmsTranReport.aspx	RetailBanking/aadhar/PfmsTranReport.aspx
RetailBanking	aadhar	aadhar_mapping_request.aspx	RetailBanking/aadhar/aadhar_mapping_request.aspx
RetailBanking	aadhar	ach_inward.aspx	RetailBanking/aadhar/ach_inward.aspx
RetailBanking	aadhar	apbs_inward.aspx	RetailBanking/aadhar/apbs_inward.aspx
RetailBanking	aadhar	apbs_inwardprocess_details.aspx	RetailBanking/aadhar/apbs_inwardprocess_details.aspx
RetailBanking	aadhar	dbtl.aspx	RetailBanking/aadhar/dbtl.aspx
RetailBanking		accchargewaiveoff.aspx	RetailBanking/accchargewaiveoff.aspx
RetailBanking		b_AccHoldingAmount.aspx	RetailBanking/b_AccHoldingAmount.aspx
RetailBanking		b_AccountHeadConfig.aspx	RetailBanking/b_AccountHeadConfig.aspx
RetailBanking		b_AgentAreaTrf.aspx	RetailBanking/b_AgentAreaTrf.aspx
RetailBanking		b_AgentDataTransferNew.aspx	RetailBanking/b_AgentDataTransferNew.aspx
RetailBanking		b_AgentFSATrf.aspx	RetailBanking/b_AgentFSATrf.aspx
RetailBanking		b_BranchDetails.aspx	RetailBanking/b_BranchDetails.aspx
RetailBanking		b_ClientTDSCashLimit.aspx	RetailBanking/b_ClientTDSCashLimit.aspx
RetailBanking		b_ContraActivityMapping.aspx	RetailBanking/b_ContraActivityMapping.aspx
RetailBanking		b_CounterParty.aspx	RetailBanking/b_CounterParty.aspx
RetailBanking		b_DailyClientAccountStatus.aspx	RetailBanking/b_DailyClientAccountStatus.aspx
RetailBanking		b_DayEndParamLogs.aspx	RetailBanking/b_DayEndParamLogs.aspx
RetailBanking		b_DayEndParamLogsCons.aspx	RetailBanking/b_DayEndParamLogsCons.aspx
RetailBanking		b_DayendCheckConfig.aspx	RetailBanking/b_DayendCheckConfig.aspx
RetailBanking		b_DividendFinYearCOAMap.aspx	RetailBanking/b_DividendFinYearCOAMap.aspx
RetailBanking		b_Document.aspx	RetailBanking/b_Document.aspx
RetailBanking		b_DocumentType.aspx	RetailBanking/b_DocumentType.aspx
RetailBanking		b_DormantLetterTemplate.aspx	RetailBanking/b_DormantLetterTemplate.aspx
RetailBanking		b_EmployeeSignature.aspx	RetailBanking/b_EmployeeSignature.aspx
RetailBanking		b_GlContraHeadMapping.aspx	RetailBanking/b_GlContraHeadMapping.aspx
RetailBanking		b_GovtSecEarmarkParticulars.aspx	RetailBanking/b_GovtSecEarmarkParticulars.aspx
RetailBanking		b_InvestmentAccountSetting.aspx	RetailBanking/b_InvestmentAccountSetting.aspx
RetailBanking		b_LoanInterestRule.aspx	RetailBanking/b_LoanInterestRule.aspx
RetailBanking		b_MFArea.aspx	RetailBanking/b_MFArea.aspx
RetailBanking		b_MFCreditOfficer.aspx	RetailBanking/b_MFCreditOfficer.aspx
RetailBanking		b_PigmyCommisionMapping.aspx	RetailBanking/b_PigmyCommisionMapping.aspx
RetailBanking		b_PreDisbQstEntry.aspx	RetailBanking/b_PreDisbQstEntry.aspx
RetailBanking		b_ProvisionShareCapital.aspx	RetailBanking/b_ProvisionShareCapital.aspx
RetailBanking		b_RdFdReadyRecknor.aspx	RetailBanking/b_RdFdReadyRecknor.aspx
RetailBanking		b_SMAMarking.aspx	RetailBanking/b_SMAMarking.aspx
RetailBanking		b_SchoolEmployer.aspx	RetailBanking/b_SchoolEmployer.aspx
RetailBanking		b_Signature.aspx	RetailBanking/b_Signature.aspx
RetailBanking		b_SmsAutoMarkCOAMap.aspx	RetailBanking/b_SmsAutoMarkCOAMap.aspx
RetailBanking		b_SocietiesMaster.aspx	RetailBanking/b_SocietiesMaster.aspx
RetailBanking		b_SpecialInstruction.aspx	RetailBanking/b_SpecialInstruction.aspx
RetailBanking		b_StaffRelieve.aspx	RetailBanking/b_StaffRelieve.aspx
RetailBanking		b_ThriftGuarSchemeMap.aspx	RetailBanking/b_ThriftGuarSchemeMap.aspx
RetailBanking		b_accwaiveoff.aspx	RetailBanking/b_accwaiveoff.aspx
RetailBanking		c_CCAddLimit.aspx	RetailBanking/c_CCAddLimit.aspx
RetailBanking		c_CCAddPeriod.aspx	RetailBanking/c_CCAddPeriod.aspx
RetailBanking		c_CaratMaster.aspx	RetailBanking/c_CaratMaster.aspx
RetailBanking		c_Community.aspx	RetailBanking/c_Community.aspx
RetailBanking		c_DepLoanCatAddlIR.aspx	RetailBanking/c_DepLoanCatAddlIR.aspx
RetailBanking		c_DepositAccDrLimit.aspx	RetailBanking/c_DepositAccDrLimit.aspx
RetailBanking		c_LNEnhancement.aspx	RetailBanking/c_LNEnhancement.aspx
RetailBanking		c_LNSchemeChange.aspx	RetailBanking/c_LNSchemeChange.aspx
RetailBanking		c_LNSchemeChangeDet.aspx	RetailBanking/c_LNSchemeChangeDet.aspx
RetailBanking		c_LoanDisbursement.aspx	RetailBanking/c_LoanDisbursement.aspx
RetailBanking		c_LoanScheme.aspx	RetailBanking/c_LoanScheme.aspx
RetailBanking		c_ODLimitDeduction.aspx	RetailBanking/c_ODLimitDeduction.aspx
RetailBanking		c_OrnamentMaster.aspx	RetailBanking/c_OrnamentMaster.aspx
RetailBanking		c_OtherReceivable.aspx	RetailBanking/c_OtherReceivable.aspx
RetailBanking		c_PACSHeadMapping.aspx	RetailBanking/c_PACSHeadMapping.aspx
RetailBanking		c_Priority.aspx	RetailBanking/c_Priority.aspx
RetailBanking		c_ReducingCCLimit.aspx	RetailBanking/c_ReducingCCLimit.aspx
RetailBanking		c_StockApplCOA.aspx	RetailBanking/c_StockApplCOA.aspx
RetailBanking		c_ValuatorMaster.aspx	RetailBanking/c_ValuatorMaster.aspx
RetailBanking		c_WeakerSection.aspx	RetailBanking/c_WeakerSection.aspx
RetailBanking		c_WriteOffStlHeadMap.aspx	RetailBanking/c_WriteOffStlHeadMap.aspx
RetailBanking		d_fdRtgsProcess.aspx	RetailBanking/d_fdRtgsProcess.aspx
RetailBanking	dd	DDListExport.aspx	RetailBanking/dd/DDListExport.aspx
RetailBanking	dd	DDPO_Mapping.aspx	RetailBanking/dd/DDPO_Mapping.aspx
RetailBanking	dd	DemandDraftPayOrderSeries.aspx	RetailBanking/dd/DemandDraftPayOrderSeries.aspx
RetailBanking	dd	PODDStaleDateUpdate.aspx	RetailBanking/dd/PODDStaleDateUpdate.aspx
RetailBanking	dd	b_FDCertificateSeries.aspx	RetailBanking/dd/b_FDCertificateSeries.aspx
RetailBanking	dd	dd.aspx	RetailBanking/dd/dd.aspx
RetailBanking	dd	x_DDCancel.aspx	RetailBanking/dd/x_DDCancel.aspx
RetailBanking	dormant	DormantReActivation.aspx	RetailBanking/dormant/DormantReActivation.aspx
RetailBanking	dormant	b_DormantHistory.aspx	RetailBanking/dormant/b_DormantHistory.aspx
RetailBanking		fi.aspx	RetailBanking/fi.aspx
RetailBanking		g_AllowDebitTransactionAccountHeads.aspx	RetailBanking/g_AllowDebitTransactionAccountHeads.aspx
RetailBanking		g_ClientDocRcvdStatus.aspx	RetailBanking/g_ClientDocRcvdStatus.aspx
RetailBanking		g_CustomerDetailView.aspx	RetailBanking/g_CustomerDetailView.aspx
RetailBanking		g_CustomerDetailView_v1.aspx	RetailBanking/g_CustomerDetailView_v1.aspx
RetailBanking		g_FundDistributionAverage.aspx	RetailBanking/g_FundDistributionAverage.aspx
RetailBanking		g_IfscDetailView.aspx	RetailBanking/g_IfscDetailView.aspx
RetailBanking		k_LockerExpiryLetterTemplate.aspx	RetailBanking/k_LockerExpiryLetterTemplate.aspx
RetailBanking		loanRepayment.aspx	RetailBanking/loanRepayment.aspx
RetailBanking		mBankUPIColQRPrint.aspx	RetailBanking/mBankUPIColQRPrint.aspx
RetailBanking		mBank_LimitConfig.aspx	RetailBanking/mBank_LimitConfig.aspx
RetailBanking		maturedButNotPaid.aspx	RetailBanking/maturedButNotPaid.aspx
RetailBanking		mbankUPICollManual.aspx	RetailBanking/mbankUPICollManual.aspx
RetailBanking		mbank_upicoll_qr_sound_Terminal.aspx	RetailBanking/mbank_upicoll_qr_sound_Terminal.aspx
RetailBanking		openingBalance.aspx	RetailBanking/openingBalance.aspx
RetailBanking	pmby	APY_DeathClaim.aspx	RetailBanking/pmby/APY_DeathClaim.aspx
RetailBanking	pmby	PMBYMemsettlementView.aspx	RetailBanking/pmby/PMBYMemsettlementView.aspx
RetailBanking	pmby	Pmby_PolicyMaster.aspx	RetailBanking/pmby/Pmby_PolicyMaster.aspx
RetailBanking	pmby	SocialSchemeDetails.aspx	RetailBanking/pmby/SocialSchemeDetails.aspx
RetailBanking	pmby	apy.aspx	RetailBanking/pmby/apy.aspx
RetailBanking	pmby	pmby.aspx	RetailBanking/pmby/pmby.aspx
RetailBanking		rescheduleLoanRepayment.aspx	RetailBanking/rescheduleLoanRepayment.aspx
RetailBanking		unPassedTransaction.aspx	RetailBanking/unPassedTransaction.aspx
RetailBanking	user_worksheet	User_target_achivement.aspx	RetailBanking/user_worksheet/User_target_achivement.aspx
RetailBanking	user_worksheet	user_monthly_target.aspx	RetailBanking/user_worksheet/user_monthly_target.aspx
RetailBanking		x_BatchTransactionLog.aspx	RetailBanking/x_BatchTransactionLog.aspx
RetailBanking		x_ChargesReversal.aspx	RetailBanking/x_ChargesReversal.aspx
RetailBanking		x_ChequeBook.aspx	RetailBanking/x_ChequeBook.aspx
RetailBanking		x_ChequeBookAutoImport.aspx	RetailBanking/x_ChequeBookAutoImport.aspx
RetailBanking		x_ChequeReturnReason.aspx	RetailBanking/x_ChequeReturnReason.aspx
RetailBanking		x_ChequeStatusRevert.aspx	RetailBanking/x_ChequeStatusRevert.aspx
RetailBanking		x_ChequeStopPaymentDetails.aspx	RetailBanking/x_ChequeStopPaymentDetails.aspx
RetailBanking		x_ClientKYCLetterTemplate.aspx	RetailBanking/x_ClientKYCLetterTemplate.aspx
RetailBanking		x_CutOffLnCcOdRecovery.aspx	RetailBanking/x_CutOffLnCcOdRecovery.aspx
RetailBanking		x_IROIRSettlement.aspx	RetailBanking/x_IROIRSettlement.aspx
RetailBanking		x_LNCCAccumInt.aspx	RetailBanking/x_LNCCAccumInt.aspx
RetailBanking		x_LNCCCRecCharge.aspx	RetailBanking/x_LNCCCRecCharge.aspx
RetailBanking		x_LooseChequeDetail.aspx	RetailBanking/x_LooseChequeDetail.aspx
RetailBanking		x_MarkingForm6061.aspx	RetailBanking/x_MarkingForm6061.aspx
RetailBanking		x_NoTranTemplate.aspx	RetailBanking/x_NoTranTemplate.aspx
RetailBanking		x_NonOprPAN.aspx	RetailBanking/x_NonOprPAN.aspx
RetailBanking		x_NoticeCharges.aspx	RetailBanking/x_NoticeCharges.aspx
RetailBanking		x_OverdueLetterTemplate.aspx	RetailBanking/x_OverdueLetterTemplate.aspx
RetailBanking		x_PACSLoanDisbursement.aspx	RetailBanking/x_PACSLoanDisbursement.aspx
RetailBanking		x_PACSRecovery.aspx	RetailBanking/x_PACSRecovery.aspx
RetailBanking		x_ReconciliationHead.aspx	RetailBanking/x_ReconciliationHead.aspx
RetailBanking		x_SalSchemeRegisExport.aspx	RetailBanking/x_SalSchemeRegisExport.aspx
RetailBanking		x_SalSchemeRegistration.aspx	RetailBanking/x_SalSchemeRegistration.aspx
RetailBanking		x_SalSchemeRegistrationReports.aspx	RetailBanking/x_SalSchemeRegistrationReports.aspx
RetailBanking		x_SalSchemeRegistrationSearchReport.aspx	RetailBanking/x_SalSchemeRegistrationSearchReport.aspx
RetailBanking		x_TranAccHeadRestrict.aspx	RetailBanking/x_TranAccHeadRestrict.aspx
RetailBanking		x_UnAppliedLedgerView.aspx	RetailBanking/x_UnAppliedLedgerView.aspx
RetailBanking		x_WelcomeLetterTemplate.aspx	RetailBanking/x_WelcomeLetterTemplate.aspx
RetailBanking		x_chequeBookPrintData.aspx	RetailBanking/x_chequeBookPrintData.aspx
RetailBanking		x_chequeBookPrintDataExport.aspx	RetailBanking/x_chequeBookPrintDataExport.aspx
RetailBanking		x_loansettlement.aspx	RetailBanking/x_loansettlement.aspx
ServiceBranch		b_BranchAdjInt.aspx	ServiceBranch/b_BranchAdjInt.aspx
StatutoryReports		StatutoryExcelReportSave.aspx	StatutoryReports/StatutoryExcelReportSave.aspx
StatutoryReports		StatutoryReportData.aspx	StatutoryReports/StatutoryReportData.aspx
StatutoryReports		StautoryReportDetails.aspx	StatutoryReports/StautoryReportDetails.aspx
UserControls		MessageBox.aspx	UserControls/MessageBox.aspx
UserControls		RecordSelector.aspx	UserControls/RecordSelector.aspx
UserControls		RecordSelectorV2.aspx	UserControls/RecordSelectorV2.aspx
UserControls		SearchAdvanced.aspx	UserControls/SearchAdvanced.aspx
(root)		ad_ajax_dac.aspx	ad_ajax_dac.aspx
ajax		commonV2.aspx	ajax/commonV2.aspx
ajax		commonv1.aspx	ajax/commonv1.aspx
(root)		apperror.aspx	apperror.aspx
(root)		customised_reports.aspx	customised_reports.aspx
(root)		dosprint.aspx	dosprint.aspx
(root)		download.aspx	download.aspx
external_api	DL	drivinglicense_verify_handler.aspx	external_api/DL/drivinglicense_verify_handler.aspx
external_api	aadhaar	aadhaar_verify_handler.aspx	external_api/aadhaar/aadhaar_verify_handler.aspx
external_api	cust_onboard	customer_onboarding_handler.aspx	external_api/cust_onboard/customer_onboarding_handler.aspx
external_api	pan	pan_verify_handler.aspx	external_api/pan/pan_verify_handler.aspx
external_api	votercard	votercard_verify_handler.aspx	external_api/votercard/votercard_verify_handler.aspx
fp		a_logintype.aspx	fp/a_logintype.aspx
fp		fp_auth_handler.aspx	fp/fp_auth_handler.aspx
fp		fp_authorize.aspx	fp/fp_authorize.aspx
fp		login_handler.aspx	fp/login_handler.aspx
fp	mfs100	fpui.aspx	fp/mfs100/fpui.aspx
(root)		login_otp_verify.aspx	login_otp_verify.aspx
(root)		login_otp_verify_handler.aspx	login_otp_verify_handler.aspx
(root)		logout.aspx	logout.aspx
