RelativePath	ProcCount	Procs
customised_reports.aspx	1	pr_g_getcustomisedrpt
Index.aspx	2	pr_dashboard_getbranchlist;pr_dashboard_getcurrency
Authentication/ChooseModule.aspx	3	pr_a_getmodules;pr_a_passwordexpiryalert;pr_x_getsessionvariablesbyorgid
Authentication/MainMenu.aspx	1	pr_a_passwordexpiryalert
Authentication/SwitchModule.aspx	1	pr_a_getmodules
CBLTemplates/CBL_CBOFSMR024.aspx	1	pr_rp_createreporttreev1
CBLTemplates/CBL_CBOFSQR010.aspx	1	pr_rp_createreporttreev1
CBLTemplates/CBL_CBOFSQR011.aspx	1	pr_rp_createreporttreev1
config/connectedUsers.aspx	1	pr_g_getconnectedusers
Helpdesk/AllRequestStatus.aspx	3	pr_hd_b_getaccounts;pr_hd_getrequestdetailsbyid;pr_hd_stoppaymentrangeofcheck
Helpdesk/AllTradeFinanceRequest.aspx	3	pr_hd_getallbgapplication;pr_hd_getalllcapplication;pr_hd_getallsgapplication
Helpdesk/AllTradeFinanceRequestInfo.aspx	3	pr_hd_getallbgapplicationdetails;pr_hd_getalllcapplicationdetails;pr_hd_getallsgapplicationdetails
Helpdesk/hd_AllRequest.aspx	8	pr_al_getstatusofrequestid;pr_getloanappinfo;pr_hd_getallrequest;pr_hd_getchequebookissuedstatus;pr_selectloanappdetails;pr_x_chequestoppaymentsave;pr_x_passchequebook;pr_x_savechequebookdetails
Helpdesk/hd_AllRequestInfo.aspx	3	pr_hd_allrequestdetails;pr_hd_allrequestfullchequedetails;pr_hd_requeststoppaymentrangeofcheque
Helpdesk/hd_ApprovalAuthority.aspx	5	pr_hd_approvalauthority;pr_hd_getattacheduser;pr_hd_getusersforapprovallevel;pr_hd_nonindaccounts;pr_hd_savedefaultmenu
Helpdesk/hd_EmailConfig.aspx	1	pr_hd_getemailconfig
Helpdesk/hd_LoginProfileSchTranMap.aspx	1	pr_hd_loginprofileschtranmap
Helpdesk/hd_LoginText.aspx	5	pr_hd_logintext;pr_hd_logintext_delete;pr_hd_logintext_search;pr_hd_logintext_subtext;pr_hd_logintext_subtext_search
Helpdesk/hd_PostBatch.aspx	5	pr_hd_crudbatch;pr_x_gettargetcurrencyvalue;pr_x_interbranchtransaction;pr_x_ischeckaccnoexist;pr_x_transaction
Helpdesk/hd_ResetPassword.aspx	3	pr_hd_getaccountsbycustid;pr_hd_getemailsmstext;pr_hd_save_forgetpassword
Helpdesk/hd_UserRelease.aspx	2	pr_hd_getblockeduser;pr_hd_saveuserrelease
Helpdesk/hd_UserRights.aspx	3	pr_hd_getmenulist;pr_hd_getmultiloginaccounts;pr_hd_saveuserrights
Helpdesk/hd_ViewBatch.aspx	1	pr_hd_crudbatch
Helpdesk/HelpDeskPasswordPolicyConfig.aspx	1	pr_a_getloginpolicydate
Helpdesk/MapHelpDeskAccounts.aspx	13	pr_b_getmaphelpdeskaccount;pr_hd_checkindividualentry;pr_hd_get_validateuser;pr_hd_getaccountsbycustid;pr_hd_getadditionalmappedclients;pr_hd_getattacheduser;pr_hd_getemailofdirectors;pr_hd_getemailsmstext;pr_hd_nonindaccounts;pr_hd_save_loginemaillog;pr_hd_savedefaultmenu;pr_hd_updatehd_login;pr_x_r_getcustomernamebychartofaccount
HO/b_ChargesConfig.aspx	1	pr_b_logchargesconfig
HO/b_ChargesMaster.aspx	5	pr_b_deletechargesmaster;pr_b_savechargesmaster;pr_b_sb_chargesmasterid;pr_b_sb_getchargesmaster;pr_g_getaccountheadv2
HO/b_ClientBlackList.aspx	7	pr_b_sb_getblacklistclient;pr_g_getclientdetails;pr_h_deleteclientblacklist;pr_h_insertclientblacklist;pr_h_sb_getblacklistclient;pr_h_sb_glietblacklistcent;pr_p_getlcmemberslist
HO/b_ClientBlackListRemover.aspx	4	pr_b_sb_accountagent;pr_b_sb_getblacklistclientremover;pr_g_getclientdetails;pr_h_sb_getblacklistclientremover
HO/b_ClientCKYCR_V1.aspx	11	pr_g_clienttdsstatus;pr_g_dulicatedetails;pr_g_getcity;pr_g_getglobalclientbyid;pr_g_saveclientmodificationlog;pr_g_savelocalclient;pr_g_sb_getglobalclientname;pr_g_sb_getglobalclientnameforkyc;pr_kyc_validateglobalclientdocuploaded;pr_kyc_validateguardianclientdetails;pr_x_getglobalclientgaurdian
HO/b_ClientV2.aspx	14	pr_b_calculateriskrating;pr_b_validateclientstatusupdate;pr_g_dulicatedetails;pr_g_getcity;pr_g_getcustomerinformation;pr_g_getglobalclientbyid;pr_g_getresponse;pr_g_getresponsedetails;pr_g_saveclientamlinfo;pr_g_savelocalclient;pr_g_sb_getglobalclientname;pr_g_updatelocalclientdirectors;pr_h_insertclientblacklist;pr_x_getglobalclient
HO/b_MailInfo.aspx	1	pr_b_sb_getmailinfo
HO/b_MarketingExec.aspx	2	pr_b_savemarketingexec;pr_x_sb_getmarketingexec
HO/b_MinorAgeConfig.aspx	2	pr_b_minorageconfig;pr_b_sb_minorageconfig
HO/c_LoanType.aspx	3	pr_c_sb_getloantype;pr_h_deleteclientblacklist;pr_h_sb_getloantype
HO/ChargesConfig.aspx	6	pr_g_getproductchargesconfig;pr_g_sb_getproductchargesconfig;pr_x_hplchargesconfigvalid;pr_x_saveaccchargesconfig;pr_x_sb_getaccountchargesconfig;pr_x_sb_transaction
HO/CustomerInfoPopup.aspx	4	pr_g_getcustomerinformation;pr_g_getresponse;pr_g_getresponsedetails;pr_g_sb_getglobalclientname
HO/DemandGeneration.aspx	1	pr_x_demandgenerationcons
HO/g_ClientDirectors.aspx	2	pr_g_loadclientdirectors;pr_g_saveclientdirectors
HO/GlobalClientDocAttach.aspx	2	pr_g_sb_getclientdocmap;pr_g_sb_getunpassedattchdoc
HO/KYCClientPopup.aspx	4	pr_g_dulicatedetails;pr_g_getcity;pr_g_getglobalclientbyid;pr_g_savelocalclient
HO/LosConfiguration.aspx	2	pr_p_savelosconfiguration;pr_p_sb_getlosconfiguration
HO/LRA_gateway_accounts.aspx	2	pr_lra_gateway_accounts;pr_lra_sb_gateway_accounts
HO/NGODisbComCalc.aspx	2	pr_g_getngodisbcom;pr_x_ngodisbcomcalc
HO/TaxConfig.aspx	1	pr_x_taxconfig
HO/x_ChequeBookChargeConfig.aspx	1	pr_x_sb_getchequebookchargesconfig
HO/Admin/a_CashierLimit.aspx	1	pr_a_getcashierlimitamount
HO/Admin/a_Menus.aspx	2	pr_a_getmodulewisemenulist;pr_a_sb_getmenulist
HO/Admin/a_RoleMaster.aspx	1	pr_a_getallroles
HO/Admin/a_RoleOnMenu.aspx	4	pr_a_getactivemodules;pr_a_getmodulewiseroles;pr_a_getroleonmenupopulatemenus;pr_a_save_roleonmenu
HO/Admin/A_User.aspx	6	pr_a_getorgelementdepartment;pr_a_saveusermodlog;pr_a_sb_getuserlist;pr_h_getemployeeslist;pr_h_getorgelementdepartmentlist;pr_h_getorgelementlist
HO/Admin/a_userAppAccessRights.aspx	4	pr_a_getuserappaccessrightsdetails;pr_a_loaduserappaccessrightsdetails;pr_a_saveuserappaccessrightsdetails;pr_sb_a_userappaccessrights
HO/Admin/a_UserInModule.aspx	1	pr_a_getuserlist
HO/Admin/a_UserRights.aspx	13	pr_a_adhocuserrights;pr_a_getactivemodules;pr_a_getadditionaluserrightspopulatemenuspreauth;pr_a_getmoduleswiserolesonmenupreauth;pr_a_getuserlist;pr_a_getuserlistwithlevel;pr_a_getuserrightspopmenuspreauth;pr_a_pass_userrightspreauth;pr_a_save_userrightspreauth;pr_a_userrightsretrive;pr_b_deletealluserrights;pr_b_sb_getuserrights;pr_g_loaduserrights
HO/Admin/Audit.aspx	2	pr_audit_createtriggersxml;pr_audit_saveaudit
HO/Admin/b_AccLevelConfig.aspx	2	pr_b_acclevelconfig;pr_b_sb_acclevelconfig
HO/Admin/ChangePassword.aspx	1	pr_g_checkuserexpiry
HO/bank/b_ChargesConfig.aspx	1	pr_b_sb_chargesconfig
HO/bank/b_GlInterestMapping.aspx	3	pr_b_getglinterestmapping;pr_x_gettransactiondescription;pr_x_sb_getglinterestmapping
HO/bank/b_LoanDisbChargesMapping.aspx	1	pr_b_sb_loandisbchargesmapping
HO/bank/b_MergeClient.aspx	2	pr_g_getglobalclientdetail;pr_x_mergeclientmastertransaction
HO/bank/g_AccountHead.aspx	9	pr_g_getaccountheadcode;pr_g_getaccountheadcodeprev;pr_g_getacheadbyparentid;pr_g_getacheadbyparentidprev;pr_g_getlastposition;pr_g_getnotesforcoa;pr_g_loadaccountheadprev;pr_g_passaccounthead;pr_g_sb_getaccounthead
HO/bank/g_Circle.aspx	1	pr_g_getcirclelist
HO/bank/g_City.aspx	1	pr_g_sb_getcity
HO/bank/g_DDE.aspx	3	pr_g_getcirclelist;pr_g_sb_getdde;pr_h_getemplist
HO/bank/g_Designation.aspx	1	pr_g_updatedesignation
HO/bank/g_District.aspx	1	pr_g_sb_getdistrict
HO/bank/g_InventoryCategory.aspx	1	pr_i_sb_inventorycategory
HO/bank/g_Notes.aspx	3	pr_b_loadnotedetails;pr_b_sb_getnotes;pr_g_getnotes
HO/bank/g_State.aspx	1	pr_g_sb_getstate
HO/BG/Bg_CommissionRateMaster.aspx	2	pr_bg_commissionratemaster;pr_bg_commissionratemaster_search
HO/BG/Bg_CurrencyGLMapping.aspx	2	pr_td_bg_currencyglmapping;pr_td_bg_currencyglmappingsearch
HO/ECS/x_EcsMandateNew.aspx	11	pr_ecs_getamenddata;pr_x_loadecs_mandateamend;pr_x_loadecs_mandatecancel;pr_x_loadecs_mandatenew;pr_x_save_ecs_mandateamend;pr_x_save_ecs_mandatecancel;pr_x_save_ecs_mandatenew;pr_x_sb_getecs_mandateamend;pr_x_sb_getecs_mandatecancel;pr_x_sb_getecs_mandatenew;pr_x_validateifsccode
HO/Hr/h_Employee.aspx	7	pr_h_getbanklist;pr_h_getcities;pr_h_getdesignations;pr_h_getorgelementlist;pr_h_getrelations;pr_h_getstates;pr_h_sb_getemployees
HO/Hr/h_LeaveType.aspx	1	pr_h_sb_getleavetypes
HO/lc/lc_CurrencyGLMapping.aspx	1	pr_lc_sb_getlccurrencyglmapping
HO/MultiCurrency/g_Currency.aspx	1	pr_g_sb_currencyselect
HO/MultiCurrency/g_Denomination.aspx	1	pr_tr_sb_denominationselect
HO/MultiCurrency/g_DenominationUnit.aspx	1	pr_tr_sb_getdenominationunit
HO/MultiCurrency/tr_CashCurrencyHead.aspx	1	pr_tr_sb_getcashcurrencyhead
HO/MultiCurrency/tr_CurrencyGLMapping.aspx	1	pr_tr_sb_getcurrencyglmapping
HO/ProjectFormulation/AssignCreditofficer.aspx	1	pr_p_getloancaselist
HO/ProjectFormulation/c_LoanScheme.aspx	1	pr_b_checkacctdependency
HO/ProjectFormulation/LoanCaseCurrentStatus.aspx	1	pr_p_getloancasecurrentstatus
HO/ProjectFormulation/p_AnnexPre.aspx	9	pr_p_checkuseridentification;pr_p_getsqbranches;pr_p_getsqheadoffice;pr_p_getsqloannumberannexpre;pr_p_getsqloanpurposetype;pr_p_getsqloantypenew;pr_p_getsqschemepurpose;pr_p_getsqschemes;pr_p_getsqzones
HO/ProjectFormulation/p_Applicant.aspx	13	pr_g_getcity;pr_g_getoccupationlist;pr_g_getstate;pr_g_updateglobalclientforloanapplicant;pr_p_applicantlog;pr_p_checkuseridentification;pr_p_getapplicantindebtedloanpurpose;pr_p_getloanpurposelist;pr_p_getsqapplicantname;pr_p_getsqbranches;pr_p_getsqheadoffice;pr_p_getsqzones;pr_x_getglobalclientlos
HO/ProjectFormulation/p_CommitteeMaster.aspx	3	pr_p_getcommwisebranches;pr_p_orgstructure;pr_p_sb_getbranchcommittee
HO/ProjectFormulation/p_CommitteeMasterMemberAP.aspx	4	pr_p_getapcommemberslist;pr_p_getcommemempquery;pr_p_getcommitteemasterid;pr_p_getcommitteememberemployeequery
HO/ProjectFormulation/p_CommitteeMasterMemberAR.aspx	8	pr_p_getapcommemberslist;pr_p_getcommemempquery;pr_p_getcommemershiptid;pr_p_getcommitteemembershiptid;pr_p_orgstructure;pr_p_sb_getallbranches;pr_p_sb_getcommiteequery;pr_p_sb_getcommitteequery
HO/ProjectFormulation/P_CreditOfficer.aspx	1	pr_p_sb_getcreditofficer
HO/ProjectFormulation/p_CreditOfficerRemarks.aspx	2	pr_p_getlccreditofficer;pr_p_getsentbackloancases
HO/ProjectFormulation/p_Document.aspx	5	pr_p_getloanpurposelist;pr_p_getloanpurposelist1;pr_p_getsqschemepurpose;pr_p_getsqschemes;pr_p_sb_getdocumentlist
HO/ProjectFormulation/p_FeedbackMaster.aspx	1	pr_p_sb_getfeedback
HO/ProjectFormulation/p_FinalReviewProcess.aspx	7	pr_al_alertlogsave;pr_g_allowdebittransactionaccountheadspass;pr_g_createglobalclientforloanapplicant;pr_p_finalreviewlog;pr_p_getlcforfinalreview;pr_p_getlcpending;pr_p_getlcpending_haiti
HO/ProjectFormulation/p_LoanCase_v1.aspx	27	pr_b_getrepaysch;pr_c_getguarantorlist;pr_g_getcity;pr_g_getcitylist;pr_g_getstate;pr_p_checkuseridentification;pr_p_getloancaseisactive;pr_p_getloancaseodcharges;pr_p_getloanproducts;pr_p_getloanpurposelist;pr_p_getloanpurposelist1;pr_p_getloanscheme;pr_p_getsbqloandetails;pr_p_getsqapplicantname;pr_p_getsqbranches;pr_p_getsqheadoffice;pr_p_getsqloanpurpose;pr_p_getsqschemes;pr_p_getsqzones;pr_p_loancasefulllog;pr_p_loancaselog;pr_p_updateloancase;pr_x_calculationofservicetaxcommon;pr_x_getglobalclient;pr_x_getleasingvatamtcostofequip;pr_x_getnextuniquetranseqno;pr_x_scrollsave
HO/ProjectFormulation/p_LoanCaseCommitteeRemarks.aspx	18	pr_al_alertlogsave;pr_g_createglobalclientforloanapplicant;pr_p_checkapprovedresult;pr_p_getapcommemberslist;pr_p_getappraisallist;pr_p_getlcappraisallist;pr_p_getlcdocumentrate;pr_p_getlcmemberslist;pr_p_getlcpending;pr_p_getlcpending_haiti;pr_p_getlcpending_haiti_v1;pr_p_getlcpendingcr;pr_p_getlcpendingforho;pr_p_getlcpendingforho_v1;pr_p_getsqbranches;pr_p_lcremarkslog;pr_p_sb_getcommiteequery;pr_p_validatememberremarks
HO/ProjectFormulation/p_LoanCaseOtherDetails.aspx	6	pr_p_calculatecreditscore;pr_p_getcommitteememberremarks;pr_p_getcommitteememberremarksforfinal;pr_p_getloancaseno;pr_p_getprevcommitteeremarks;pr_p_getsbqloandetails
HO/ProjectFormulation/p_LoanDocument.aspx	2	pr_al_alertlogsave;pr_psd_sb_getdocumentlist
HO/ProjectFormulation/p_LoanInformation.aspx	6	pr_p_formulaverification;pr_p_loanannexcolumn;pr_p_loanannexcontributordata;pr_p_loanannexdata;pr_p_loanannexitems;pr_p_loanannexlinkdatainsertupdate
HO/ProjectFormulation/P_LoanRequestClose.aspx	4	pr_p_getloancaserequestclosed;pr_p_getloancaserequestclosedforauthorization;pr_p_getloancaserequestclosedforauthorizationsearch;pr_p_getloancaserequestclosedsearch
HO/ProjectFormulation/p_SchemeDetails.aspx	15	pr_c_deleteloanscheme;pr_c_loadloanschemebyid;pr_c_saveloanscheme;pr_p_createannex;pr_p_getdeleteschemebankbranches;pr_p_getdeleteschemecontributors;pr_p_getdeleteschemepurpose;pr_p_getloadschemecontributors;pr_p_getloadschemeorgbank;pr_p_getloadschemepurposes;pr_p_getsqschemedetails;pr_p_getsqschemes;pr_p_getupdateschemebankbranches;pr_p_getupdateschemecontributors;pr_p_getupdateschemepurposes
HO/ProjectFormulation/p_SchemeDetails_Islamic.aspx	13	pr_c_deleteloanscheme_islamic;pr_c_loadloanschemebyid_islamic;pr_c_saveloanscheme_islamic;pr_g_sb_getloanscheme_islamic;pr_p_getdeleteschemebankbranches;pr_p_getdeleteschemecontributors;pr_p_getdeleteschemepurpose;pr_p_getloadschemecontributors;pr_p_getloadschemeorgbank;pr_p_getloadschemepurposes;pr_p_getupdateschemebankbranches;pr_p_getupdateschemecontributors;pr_p_getupdateschemepurposes
HO/ProjectFormulation/p_SetCommitteeApprovalLimit.aspx	4	pr_p_getcommitteemembershiptid;pr_p_sb_getallbranches;pr_p_sb_getbranchcomlist;pr_p_sb_getcommitteequery
HO/ProjectFormulation/PopUpOrgStructure.aspx	1	pr_p_orgstructure
HO/retailBanking/ATMPosTerminalAccMapping.aspx	3	pr_atm_loadterminalaccmapping;pr_atm_saveterminalaccmapping;pr_atm_sb_getterminalaccmapping
HO/retailBanking/b_BankList.aspx	1	pr_b_getbanklist
HO/retailBanking/b_BranchList.aspx	2	pr_b_getbanklist;pr_b_getbranchlist
HO/retailBanking/b_Holiday.aspx	3	pr_b_getholidaylist;pr_b_getholidays;pr_b_sb_holidays
HO/retailBanking/b_TransferHoliday.aspx	1	pr_b_getholidaystransfer
HO/retailBanking/c_LoanIRChange.aspx	2	pr_c_loanirchange;pr_x_getschemespread
HO/retailBanking/d_DepositScheme.aspx	4	pr_d_depositscheme;pr_d_getdepositschemelist;pr_d_sb_getdepositscheme;pr_g_getaccounthead
HO/retailBanking/d_DepositScheme_Islamic.aspx	3	pr_d_deletedepositescheme_islamic;pr_d_savedepositscheme_islamic;pr_g_sb_getdepositscheme_islamic
HO/retailBanking/DayendCOABalTrf.aspx	2	pr_b_savedayendcoabaltrf;pr_b_sb_dayendcoabaltrf
HO/retailBanking/DemandDraftPayOrderSeries.aspx	1	pr_b_getdebitaccountnumber
HO/retailBanking/g_BaseRate.aspx	1	pr_g_sb_baserate
HO/retailBanking/g_Currency.aspx	1	pr_g_sb_currencyselect
HO/retailBanking/g_ECSMasterData.aspx	1	pr_g_sb_ecsmasterdataselect
HO/retailBanking/g_GLEntryOff.aspx	1	pr_x_generateglentryoff
HO/retailBanking/g_PLR.aspx	1	pr_g_sb_plr
HO/retailBanking/IntrBkLendingConfig.aspx	2	pr_b_getintrbklendingconfig;pr_b_saveintrbklendingconfig
HO/retailBanking/tr_TradingRateCard.aspx	2	pr_sb_gettradingratecard;pr_tr_sb_tradingratecardselect
HO/retailBanking/x_MICREcsMandate.aspx	7	pr_b_getrsqecscompany;pr_b_getrsqecstype;pr_x_generateecsschedule;pr_x_generateglobalecsschedule;pr_x_getecsfirstdatedurationandamount;pr_x_getrsqtransactionaccountnumber;pr_x_sb_getglobalecsmandate
HO/retailBanking/x_MICREcsPaymentMandate.aspx	4	pr_b_getrsqecscompany;pr_x_generateglobalecsschedule;pr_x_getecsfirstdatedurationandamount;pr_x_sb_getglobalecsmandate
HO/retailBanking/x_SweepTrfConfig.aspx	2	pr_x_sb_sweeptrfconfig;pr_x_sweeptrfconfig
HO/retailBanking/x_WHTMaster.aspx	1	pr_x_sb_whtmaster
HR/h_DiscipAction.aspx	1	pr_h_sb_getdiscpactions
HR/h_LeaveApplication.aspx	3	pr_h_getemployeeslist;pr_h_getleavetypelist;pr_h_sb_getleaveapplications
HR/h_PromHistory.aspx	4	pr_h_getdesignations;pr_h_getemployeeslist;pr_h_getstepnumbers;pr_h_sb_getpromotionhistory
HR/h_Promotion.aspx	4	pr_h_getdesignations;pr_h_getemployeeslist;pr_h_getstepnumbers;pr_h_sb_getpromotion
HR/h_TransferHistory.aspx	5	pr_h_getdesignations;pr_h_getemployeeslist;pr_h_getorgelementdepartmentlist;pr_h_getorgelementlist;pr_h_sb_gettransferhistory
Inventory/i_AssetSale.aspx	4	pr_i_depriciationcalculation;pr_i_getbookvaluebyinvetoryregisterdetail;pr_i_inventorytran;pr_i_sb_assetsale
Inventory/i_AssetScrap.aspx	4	pr_i_depriciationcalculation;pr_i_getbookvaluebyinvetoryregisterdetail;pr_i_inventorytran;pr_i_sb_assetscrap
Inventory/i_ConsumableDisposal.aspx	3	pr_i_consumabledisposaldotracation;pr_i_inventorytran;pr_i_sb_consumabledisposalselect
Inventory/i_Depriciation.aspx	1	pr_i_sb_getdepreciation
Inventory/i_DepriciationCalculation.aspx	1	pr_i_depriciationcalculation
Inventory/i_EstimateReport.aspx	9	pr_i_budgetestimatereportcategorywise;pr_i_completebudgetestimatereport;pr_i_completebudgetestimatereportzonewise;pr_i_notewisebudgetreport;pr_i_notewisetotalbudgetreport;pr_i_regularbudgetestimatereportzonewise;pr_x_getbudgetcreateddate;pr_x_getbudgettypefortransaction;pr_x_getfinancialyear
Inventory/i_Item.aspx	2	pr_i_sb_getitems;pr_i_sb_item
Inventory/i_ItemPurchase.aspx	2	pr_i_inventorytran;pr_i_sb_getitempurchase
Inventory/i_Object.aspx	1	pr_i_sb_getobjectmaster
Inventory/i_PurchaseReq.aspx	1	pr_i_sb_getpurchasereq
Inventory/i_Supplier.aspx	1	pr_i_sb_getsupplier
Inventory/i_transactionReport.aspx	11	pr_i_assetregisterreport;pr_i_assetregisterreport_v1;pr_i_getstockposition;pr_i_gettransactionmonths;pr_i_r_categorywisedepriciation;pr_i_r_depriciationcalculationreport;pr_i_r_headwisedepriciation;pr_i_r_itemwisedepriciation;pr_i_r_purchasereqstatus;pr_i_r_yearlydepriciation;pr_x_r_getinvdepriciation
Inventory/i_UnitOfMeasurement.aspx	1	pr_i_sb_getunitofmeasurement
Lockers/k_LockerIssue.aspx	4	pr_k_getissuedlocker;pr_k_getlockernumberlist;pr_k_getlockertypelist;pr_x_calculationofservicetaxcommon
Lockers/k_LockerNotation.aspx	3	pr_k_getlockerfornotation;pr_k_getlockerforrelease;pr_k_sb_getlockernotation
Lockers/k_LockerReturn.aspx	2	pr_k_getlockerreturnaccountlist;pr_k_getlockerreturnlist
Lockers/k_LockerVisiting.aspx	3	pr_k_getlockerfornotation;pr_k_getlockerreturnaccountlist;pr_k_getlockerreturnlist
Reconciliation/re_AccountMapping.aspx	7	pr_re_getaccountnumberwithbalanceamount;pr_re_getbankname;pr_re_gettrustbankaccounthead;pr_re_gettrustbankbranchaccountdetails;pr_re_gettrustbankbranchaccountlist;pr_re_gettrustbankbranchlist;pr_re_gettrustbankmappedbranchaccountlist
Reconciliation/re_AuthenticateRecord.aspx	4	pr_re_authenticatereconcile;pr_re_authenticaterecord;pr_re_authenticaterollback;pr_re_getunauthenticated
Reconciliation/re_Authentication.aspx	5	pr_re_authenticatereconcile;pr_re_authenticaterollback;pr_re_getaccountnumberwithbalanceamount;pr_re_getbankname;pr_re_getunauthenticated
Reconciliation/re_BankAccountInformation.aspx	2	pr_re_checkduplicataccountnumber;pr_re_getbankaccountinformation
Reconciliation/re_LedgerEntry.aspx	5	pr_re_getaccountnumberwithbalanceamount;pr_re_getbankname;pr_re_getoledger;pr_re_gettledger;pr_re_ledgerentrygriddata
Reconciliation/re_MultiReconciliation.aspx	6	pr_re_getaccountnumberwithbalanceamount;pr_re_getbankname;pr_re_getoledger;pr_re_gettledger;pr_re_sb_getreconciledata;pr_re_unreconcileotledger
Reconciliation/re_OurLedgerImport.aspx	5	pr_re_getaccountnumberwithbalanceamount;pr_re_getbankname;pr_re_gettrustbankbranchaccountdetails;pr_re_gettrustbankmappedbranchaccountlist;pr_re_ourledgerimport
Reconciliation/Re_OutPutType.aspx	4	pr_re_checkduplicatecriterianame;pr_re_getcode;pr_re_getoutputtype;pr_re_getsinglecode
Reconciliation/re_Owner.aspx	1	pr_re_getreportheaderdetail
Reconciliation/re_ProcessTypeMatchCriteria.aspx	3	pr_re_getoutputtype;pr_re_getprocesstypematchcriteria;pr_re_getprocesstypenotin
Reconciliation/re_Reconciliation.aspx	8	pr_re_getaccountnumberwithbalanceamount;pr_re_getbankname;pr_re_getlastreconciliationdate;pr_re_getoledger;pr_re_getreconciledchilddata;pr_re_getreconciledmasterdata;pr_re_gettledger;pr_re_getunreconcileddata
Reconciliation/re_ReconciliationRollBack.aspx	4	pr_re_getaccountnumberwithbalanceamount;pr_re_getbankname;pr_re_getreconciliationdate;pr_re_reconciliationrollback
Reconciliation/re_SelfReconciliation.aspx	3	pr_re_getaccountnumberwithbalanceamount;pr_re_getbankname;pr_re_getunreconcilecrdrdata
Reconciliation/re_SingleReconciliationRollback.aspx	4	pr_re_getaccountnumberwithbalanceamount;pr_re_getbankname;pr_re_reconciledgetdata;pr_re_singlereconciliationrollback
Reconciliation/re_TextFileConfiguration.aspx	2	pr_re_getaccountnumberwithbalanceamount;pr_re_getbankname
Reconciliation/re_TheirLedgerExcelDataTransfer.aspx	3	pr_re_getaccountnumberwithbalanceamount;pr_re_getbankname;pr_re_getdateformat
Reports/ReportSelector.aspx	1	pr_g_getreportsbymoduleid
Reports/ReportsTargetHandler.aspx	1	pr_rsrv_managesession
Reports/Admin/AdminReport.aspx	12	pr_a_getlogtimebydate;pr_a_getlogtimeforalluser;pr_a_getlogtimeforuser;pr_a_getrightsassignrevoke;pr_a_getuserconnectedstatus;pr_a_getuserinformation;pr_a_getuserinformationdetails;pr_a_getusermoduledetails;pr_a_getuserrightsdetails;pr_a_r_getuserstatusdetails;pr_a_r_userrights;pr_x_r_getuseraccessrevoke
Reports/CBLReports/CBLReports.aspx	1	pr_cbl_reports
Reports/CBLReportsV1/CBLReportsV1.aspx	2	pr_cbl_reportsv1;pr_cbl_xmloutreportsv1
Reports/HelpDesk/HelpDeskReportSetting.aspx	4	pr_hd_r_getfundtransfertransactionrequest;pr_hd_r_getuseractivity;pr_hd_r_getuserlist;pr_hd_r_pendingrequeststatus
Reports/ProjectFormulation/LoanClientFile.aspx	5	pr_b_getapplicantfile;pr_b_getapplicantname;pr_b_getclientfile;pr_b_getclientname;pr_g_getcustomisedrpt
Reports/ProjectFormulation/LoanContractLetter.aspx	2	pr_b_getapplicantnameforfile;pr_p_getloancontractletter
Reports/RBI Report/rp_RBIConfiguration.aspx	9	pr_rp_createreporttreev1;pr_rp_errorlog;pr_rp_getchangelog;pr_rp_r_getutilityoutput;pr_rp_reportitem;pr_rp_savechangelog;pr_rp_utilityreportbasetype;pr_rp_utilityreportlist;pr_rp_utilityreporttypelist
Reports/RBI Report/rp_RBIConfigurationLog.aspx	1	pr_rp_getchangelog
Reports/Reconciliation/OutPutTypeReport.aspx	3	pr_re_getaccountnumberwithbalanceamount;pr_re_getbankname;pr_re_getoutputtypereport
Reports/Reconciliation/re_LedgerReport.aspx	3	pr_re_getaccountnumberwithbalanceamount;pr_re_getbankname;pr_re_getledgerreportdata
Reports/Reconciliation/re_OutPutTypeSummaryReport.aspx	5	pr_re_getaccountnumberwithbalanceamount;pr_re_getbankname;pr_re_getledgeropeningbalance;pr_re_getoutputtypesummary;pr_re_getoutputtypesummaryv1
Reports/Reconciliation/re_ProcessTypeReport.aspx	5	pr_re_getaccountnumberwithbalanceamount;pr_re_getbankname;pr_re_getprocesstypereportdata;pr_re_getreconcilecrdrdata;pr_re_getreconcilemanytomanycrdrdata
Reports/Reconciliation/re_UnRecInterBrAdjEntrReport.aspx	1	pr_re_getunrecinterbradjcons
Reports/RetailBanking/BankerChequeReport.aspx	2	pr_x_r_paidunpaidbankercheque;pr_x_r_unpassaccount
Reports/RetailBanking/CashierReport.aspx	4	pr_a_getuserlist;pr_x_r_cashierreport;pr_x_r_cashiertocashiertrftran;pr_x_r_usertransactionreport
Reports/RetailBanking/Corporateaccounts.aspx	2	pr_b_r_get_corporateacccrdtrnovercons;pr_b_r_getlogview
Reports/RetailBanking/GSTReport.aspx	1	pr_g_r_getgstrpt
Reports/RetailBanking/InactiveDormantReport.aspx	4	pr_x_r_dailybalancingjournal;pr_x_r_inactivedormantreport;pr_x_r_inactivedormantreportcons;pr_x_r_unpassaccount
Reports/RetailBanking/LogViewReport.aspx	1	pr_b_r_getlogview
Reports/RetailBanking/PendingChequeBookRequest.aspx	4	pr_x_r_dailybalancingjournal;pr_x_r_pendingchequebookrequest;pr_x_r_pendingchequebookrequestcons;pr_x_r_unpassaccount
Reports/RetailBanking/ReportOptions.aspx	197	pr_a_r_getblockusers;pr_b_accountbalancing;pr_b_getcashposition;pr_b_loadextcounter;pr_b_otherrecaccountbalancing;pr_b_r_getaccstatusbybranchcons;pr_b_r_newaccopenreport;pr_b_r_signatureunavailableacc;pr_c_getloansuit;pr_c_r_getprovisionalcertificate;pr_c_renewedinsurance;pr_d_r_gettransactioncode403;pr_d_r_gettransactioncode409;pr_d_r_gettransactioncode410;pr_g_loadtemplate;pr_p_getapplicantfinancialanalysis;pr_r_getcashbookdetailstemplatereport;pr_r_getprofitandlosstemplatereport;pr_r_gettrialbalancetemplatereport;pr_re_getbankname;pr_si_r_getundonesireport;pr_st_statement5;pr_tr_r_getforexroundoffgainloss;pr_x_cashbookdetails;pr_x_duplicateservicecharges;pr_x_generatedayendbalance;pr_x_getaccheadandagentwise;pr_x_getaccountnumber;pr_x_getcashierwithholdamount;pr_x_getclearingamount;pr_x_getcustomerlist;pr_x_getnoticeacc;pr_x_getpigmyaccountdetails;pr_x_getrealisedledgerentries;pr_x_getservicecharges;pr_x_getunrealisedledgerentries;pr_x_getunrealisedledgerentriescredit;pr_x_getunrealisedledgerentriesdebit;pr_x_isstandardaccount;pr_x_ledger;pr_x_r_accountmodifyregister;pr_x_r_accountopenclosereg;pr_x_r_accountstatus;pr_x_r_accountstatuscons;pr_x_r_acctivationdormantaccountregister;pr_x_r_agentcommision;pr_x_r_agentcommisiondetails;pr_x_r_authorizerights;pr_x_r_balancecertificate;pr_x_r_batchtransaction;pr_x_r_bookbalancecertificate;pr_x_r_calldepositaccounts;pr_x_r_cashbook;pr_x_r_cashiersummary;pr_x_r_cashiersummarynew;pr_x_r_cashscrollreceiptpayment;pr_x_r_cashsummary;pr_x_r_cashtransactionreportcons;pr_x_r_checkledger;pr_x_r_checkountopencloseregister;pr_x_r_chestscrollreceipt;pr_x_r_clearancecertificate;pr_x_r_clientstatement;pr_x_r_dailybalancingjournal;pr_x_r_dailydepositdaybook;pr_x_r_dailyinvestmenttransactionjournal;pr_x_r_dailylctransactionjournal;pr_x_r_dailytranjournalv1;pr_x_r_dailytransactionjournal;pr_x_r_daybooksummary;pr_x_r_deletedtransaction;pr_x_r_depositschemeslab;pr_x_r_dormantaccount;pr_x_r_dormantaccountregister;pr_x_r_expirysecuritydocuments;pr_x_r_fixeddepositinterest;pr_x_r_generalledger;pr_x_r_generalledgercons;pr_x_r_getaccountheads;pr_x_r_getagentinfo;pr_x_r_getamountunderclearing;pr_x_r_getbillno;pr_x_r_getcashflowstatements;pr_x_r_getcashiertreasury;pr_x_r_getcashierusertranlimitcons;pr_x_r_getcashtranatbranch;pr_x_r_getcashtranbybranch;pr_x_r_getcheckclearingtransaction;pr_x_r_getclientaddress;pr_x_r_getclientlist;pr_x_r_getclosingadjustmentcashbook;pr_x_r_getcoaaccledgerbalances;pr_x_r_getcoaaccountbalance;pr_x_r_getctrcons;pr_x_r_getcustomernamebychartofaccount;pr_x_r_getdaybookdetails;pr_x_r_getdormantreactivationcons;pr_x_r_getdrawnbanklist;pr_x_r_getfdcertinfo;pr_x_r_getflexiaccountdetails;pr_x_r_getflexiaccountno;pr_x_r_getgaurantoraccidviz;pr_x_r_getgenderwiseloananddeposits;pr_x_r_getibcintimationletter;pr_x_r_getibcobccitylist;pr_x_r_getintonduedeposit;pr_x_r_getloaninterestamount;pr_x_r_getloantoaccountnumber;pr_x_r_getmaturedfds;pr_x_r_getnotlasttranaccount;pr_x_r_getodcompstatement;pr_x_r_getorgelement;pr_x_r_getotherreceivable;pr_x_r_getoutstandingunrealisedpayorder;pr_x_r_getoverdrawnaccountbalance;pr_x_r_getpltemplatereport;pr_x_r_getprofitlosssummary;pr_x_r_getprofitlosssummarycons;pr_x_r_getreturnedibcobc;pr_x_r_getsbminimumbalancecharges;pr_x_r_getsbminimumbalancedate;pr_x_r_getstoppedcheques;pr_x_r_getstr;pr_x_r_gettbtemplatereport;pr_x_r_gettbtemplatereportcons;pr_x_r_gettdsapplicabelrpt;pr_x_r_gettdsceritificate;pr_x_r_gettdsexemption;pr_x_r_gettransactionamount;pr_x_r_getunappliedstatement;pr_x_r_getuserdefndnoticeletter;pr_x_r_getwiretransactioncons;pr_x_r_getwiretransactiondetails;pr_x_r_headwisetransactionjournal;pr_x_r_insuranceduedateregister;pr_x_r_interestdaybook;pr_x_r_investmentaccountopenreg;pr_x_r_investmentotherreport;pr_x_r_lcaccountreg;pr_x_r_ledger;pr_x_r_ledgerinvestment;pr_x_r_lieninformationregister;pr_x_r_loanbalancing;pr_x_r_loanschemeslabdetails;pr_x_r_master;pr_x_r_maturityfixeddeposit;pr_x_r_mstclsadv;pr_x_r_obcibcrealised;pr_x_r_obcrealisationbill;pr_x_r_obcreturnbill;pr_x_r_oldnewaccountlist;pr_x_r_passingscrollstatement;pr_x_r_passingscrollstatementcons;pr_x_r_profitandlossdaybook;pr_x_r_queryonamount;pr_x_r_queryonamountbalance;pr_x_r_reacledger;pr_x_r_reactivationdormantaccountregister;pr_x_r_registeredrecordeddelivery;pr_x_r_savingabstractcontrol;pr_x_r_sbintprovision;pr_x_r_scheduleofloanrepayment;pr_x_r_scheduleofremittances;pr_x_r_specialinstructionregister;pr_x_r_termdeposit;pr_x_r_transactiondetails;pr_x_r_treasuryexternal;pr_x_r_treasuryinternal;pr_x_r_trialbalance;pr_x_r_unpassaccount;pr_x_r_unpassagclnacccls;pr_x_r_unpassbatch;pr_x_r_unpasscashiertocashiertran;pr_x_r_unpasscashiertransaction;pr_x_r_unpasschequeissuetransaction;pr_x_r_unpasschqrevstoppay;pr_x_r_unpasschqstoppayment;pr_x_r_unpassclearingtransaction;pr_x_r_unpassecstrans;pr_x_r_unpassedbatch;pr_x_r_unpassedsbcardaccountclosing;pr_x_r_unpassfdrtransaction;pr_x_r_unpassibttransaction;pr_x_r_unpassinwardclearinglottransaction;pr_x_r_unpassinwardreturntransaction;pr_x_r_unpasslockerissuetransaction;pr_x_r_unpasspigmytransaction;pr_x_r_unpassstandinginstructionschedule;pr_x_r_unpassstatusmodacc;pr_x_r_unpasstransaction;pr_x_r_unpasswsdormantreactivation;pr_x_r_unrealisedibcobc;pr_x_r_userwiseheadwisejournal;pr_x_r_userwisetransactionjournal;pr_x_saveaccstatementlog;pr_x_trialbalance;pr_x_unpassedsitransctions
Reports/RetailBanking/ReportSubDetails.aspx	4	pr_x_cashbookdetails;pr_x_getcontratransactioninfo;pr_x_getctscontratransactioninfo;pr_x_isstandardaccount
Reports/RetailBanking/Account/AccountReportSetting.aspx	23	pr_c_r_standardassetspa;pr_g_applypigmynewtheme;pr_x_getaccountnumber;pr_x_getstartdatefinancialyear;pr_x_r_accountopenclosereg;pr_x_r_dormantaccountregister;pr_x_r_getaccountchargesconfig;pr_x_r_getaccountturnover;pr_x_r_getagentclientcollection;pr_x_r_getagentclientcollectionv1;pr_x_r_getagentinfo;pr_x_r_getamountwiseclassificationofloansandadvances;pr_x_r_getcategorywiseclassificationofdeposits;pr_x_r_getchangedintratespaidondeposits;pr_x_r_getclientinfo;pr_x_r_getcustomernamebychartofaccount;pr_x_r_getdenominatorlist;pr_x_r_getmaturitypatternsdepositloanadv;pr_x_r_getotherreceivable;pr_x_r_gettopdepositorscons;pr_x_r_ledger;pr_x_r_listofaccounts;pr_x_r_oldnewaccountlist
Reports/RetailBanking/ATM/ATM Reports.aspx	3	pr_b_r_atmbranchwisecons;pr_b_r_atmcardreportcons;pr_b_r_getatmtran
Reports/RetailBanking/Balancing/BalancingReportSetting.aspx	15	pr_x_getclientaccountbalancing;pr_x_getpnlminrate;pr_x_getstartdatefinancialyear;pr_x_r_balancesheet;pr_x_r_getagentclientinfo;pr_x_r_getagentinfo;pr_x_r_getgroupwiseprofitlossstatement;pr_x_r_getpnlbynotescons;pr_x_r_nilbalance;pr_x_r_profitandlossstatement;pr_x_r_profitandlossstatementhov1;pr_x_r_profitandlossstatementhov1nformat;pr_x_r_profitandlossstatementhov1nformatv1;pr_x_r_profitandlossstatementnformat;pr_x_r_profitandlossstatementnformatv1
Reports/RetailBanking/CBLReportsV1/CBLReportsV1.aspx	2	pr_cbl_reportsv1;pr_cbl_xmloutreportsv1
Reports/RetailBanking/Clearing/ClearingReportSettings.aspx	22	pr_b_r_getinwardreturnregisterv1;pr_r_cts_getfiledetails;pr_x_r_dailybalancingjournal;pr_x_r_dormantaccountregister;pr_x_r_exportunexportregister;pr_x_r_getbankbranchlist;pr_x_r_getinwardclearingtrandetailscons;pr_x_r_getinwardoutwardreturnregister;pr_x_r_getinwardretruntransaction;pr_x_r_getinwardreturnmemo;pr_x_r_getinwardreturnmemoibt;pr_x_r_getinwardreturnmemov1;pr_x_r_getinwardreturnregister;pr_x_r_getlotandcreditdate;pr_x_r_getout;pr_x_r_getoutwardclearing;pr_x_r_getoutwardclearingcons;pr_x_r_getoutwardreturnclearingcons;pr_x_r_getoutwardreturnmemo;pr_x_r_getpdcaccwisedetail;pr_x_r_getpdcdatewisetrans;pr_x_r_getunpaidchequecons
Reports/RetailBanking/Forex/ForexReportSetting.aspx	2	pr_x_r_getforexbuysellcons;pr_x_r_getforexlist
Reports/RetailBanking/HeadOffice/HeadofficeReportSetting.aspx	39	pr_x_gettbminrate;pr_x_r_balancesheet;pr_x_r_dailytrialbalance;pr_x_r_getaveragedeposit;pr_x_r_getconsolidatedaveragedeposit;pr_x_r_getconsolidatedtrialbalance;pr_x_r_getdepositclassification;pr_x_r_getformaauditedbalancesheet;pr_x_r_getnpaannexure2;pr_x_r_gettbminratebynotes;pr_x_r_gettrialbalance;pr_x_r_gettrialbalanceminrate;pr_x_r_gettrialbalanceminrateglcons;pr_x_r_headofficebalancesheet;pr_x_r_headofficetrialbalance;pr_x_r_trialbalancehorizontal;pr_x_r_trialbalancehorizontal_islamic;pr_x_r_trialbalancehorizontalho;pr_x_r_trialbalancehorizontalho_islamic;pr_x_r_trialbalancehorizontalhonformat;pr_x_r_trialbalancehorizontalhonformatv1;pr_x_r_trialbalancehorizontalnformat;pr_x_r_trialbalancehorizontalnformatv1;pr_x_r_trialbalancehorizontalwithacc;pr_x_r_trialbalancehorizontalwithacc_islamic;pr_x_r_trialbalancehorizontalwithaccho;pr_x_r_trialbalancehorizontalwithaccho_islamic;pr_x_r_trialbalancehorizontalwithaccwithoption;pr_x_r_trialbalancehorizontalwithaccwithoption_islamic;pr_x_r_trialbalancehorizontalwithaccwithoptionho;pr_x_r_trialbalancehorizontalwithaccwithoptionho_islamic;pr_x_r_trialbalancehorizontalwithoption;pr_x_r_trialbalancehorizontalwithoption_islamic;pr_x_r_trialbalancehorizontalwithoptionho;pr_x_r_trialbalancehorizontalwithoptionho_islamic;pr_x_r_trialbalancehorizontalwithoptionhonformat;pr_x_r_trialbalancehorizontalwithoptionhonformatv1;pr_x_r_trialbalancehorizontalwithoptionnformat;pr_x_r_trialbalancehorizontalwithoptionnformatv1
Reports/RetailBanking/LC/ReportSettings.aspx	18	pr_x_r_dailylctransactionjournal;pr_x_r_getchequeclearingdetail;pr_x_r_getlccitylist;pr_x_r_getlcdrawnbanklist;pr_x_r_getlcno;pr_x_r_getlieninformationregister;pr_x_r_getoverduedetailreport;pr_x_r_getoverduereportforloanheadwise;pr_x_r_getperiodwiseoverduesstatement;pr_x_r_gettdscategoryreport;pr_x_r_getunclearedtransactionregister;pr_x_r_getuserdefndlcletter;pr_x_r_lcaccountreg;pr_x_r_lcrealisation;pr_x_r_lcrealised;pr_x_r_lcreturn;pr_x_r_lcscheduleofremittances;pr_x_r_unrealisedlc
Reports/RetailBanking/loan/ReportOptions.aspx	72	pr_b_accountbalancing;pr_b_r_getblacklistclient;pr_b_r_getcategorycons;pr_b_r_getrepeatclientsloanscons;pr_b_r_getstatedateperiodcons;pr_b_r_getstatedatewisecons;pr_b_r_gettopborrowerscons;pr_c_r_calculateprovision;pr_c_r_getageing;pr_c_r_getarrearscons;pr_c_r_getdeletedloanrepayments;pr_c_r_getguarantorsandcollateral;pr_c_r_getindicators;pr_c_r_getloancyclecons;pr_c_r_getloanguarantors;pr_c_r_getloanhistorycons;pr_c_r_getloansizesanalysis;pr_c_r_getportfolio;pr_c_r_getportfolioanalysis;pr_c_r_getportfolioriskcons;pr_c_r_repaymentnoticecons;pr_p_getapplicantfinancialanalysis;pr_p_r_getactiveportfoliocreditofficercons;pr_p_r_getapprovedrejectedpendingloans;pr_p_r_getfundutilisation;pr_p_r_getloancasedetails;pr_x_duplicateservicecharges;pr_x_ledger;pr_x_r_acctivationdormantaccountregister;pr_x_r_cashbook;pr_x_r_cashiersummary;pr_x_r_checkountopencloseregister;pr_x_r_chestscrollreceipt;pr_x_r_dailybalancingjournal;pr_x_r_dormantaccountregister;pr_x_r_getamountsduecons;pr_x_r_getamountsduetodaycons;pr_x_r_getcustomernamebychartofaccount;pr_x_r_getdisbursementcons;pr_x_r_getexpectedrepaymentspastpresentdues;pr_x_r_getfeesreceivedcons;pr_x_r_getflexiaccountdetails;pr_x_r_getflexiaccountno;pr_x_r_getfullyrepaidloans;pr_x_r_getledgercard;pr_x_r_getlistingofrepayments;pr_x_r_getloanledgercard;pr_x_r_getloanswithguarantorcons;pr_x_r_getloanswithoutguarantorcons;pr_x_r_getloantillsheet;pr_x_r_getloantoaccountnumber;pr_x_r_getmissednoncompletedpayments;pr_x_r_getontimerepaymentspercyclecons;pr_x_r_getoutstandingbalancecons;pr_x_r_getpaymentsmadedisbursementcons;pr_x_r_getpaymentsmadeduringperiodcons;pr_x_r_getpenaltieschargedpaid;pr_x_r_getprepaymentsmadeperiodcons;pr_x_r_getrepaymentsduescons;pr_x_r_getrepaymentspastduescons;pr_x_r_getrepaywrittenoffloanscons;pr_x_r_getreprintrepayment;pr_x_r_getrescheduleloanscons;pr_x_r_gettransactionamount;pr_x_r_getupcomingmaturityloanscons;pr_x_r_getwrittenoffandrescheduleloans;pr_x_r_guarantornotanyloan;pr_x_r_guarantorofloan;pr_x_r_indivisualloandisbursement;pr_x_r_loanwrittenoffcons;pr_x_r_reacledger;pr_x_trialbalance
Reports/RetailBanking/New RetailBanking Report/ReportSettings.aspx	139	pr_b_getagentidfromacno;pr_d_getchartofaccountbydepositclassficationheadsetting;pr_d_getdepinsheadsetting;pr_databankdates;pr_g_applypigmynewtheme;pr_r_ccaddlimitexpirylist;pr_x_getrsqdailydepositagentnumber;pr_x_r_getaccountheadwisereport;pr_x_r_getadvanceagainstdeposit;pr_x_r_getagentcommission;pr_x_r_getagentcommissionv1;pr_x_r_getagenttransactionstatement;pr_x_r_getagenttransactionstatementv1;pr_x_r_getalltransactionreconcilation;pr_x_r_getbankaccountcashbook;pr_x_r_getbankemployeeslist;pr_x_r_getbanknominalmemberslist;pr_x_r_getbillsentforcollection;pr_x_r_getbookbalancecertificate;pr_x_r_getcashcreditadditionallimitexpiryregister;pr_x_r_getcashcreditlimitandoverdraftpaandnpaaccount;pr_x_r_getcashflowstatement;pr_x_r_getchequebookregister;pr_x_r_getchequeclearingdetail;pr_x_r_getchequeclearingdetailbankwise;pr_x_r_getchequeclearinghousesummary;pr_x_r_getclienttransactionstatement;pr_x_r_getclienttransactionstatementv1;pr_x_r_getclosingcashbalance;pr_x_r_getdailyaccountlist;pr_x_r_getdailyaccountlistv1;pr_x_r_getdailydepositdaybook;pr_x_r_getdailydepositdueregister;pr_x_r_getdaywisereceiptpaymentcashbook;pr_x_r_getdemanddraftpayabledaybook;pr_x_r_getdemanddraftpayabledaybookcons;pr_x_r_getdemanddraftschedulesummary;pr_x_r_getdemanddraftschedulesummarycons;pr_x_r_getdepositclassification;pr_x_r_getdepositcls_v2;pr_x_r_getdepositinsurance;pr_x_r_getdepositinsurancecons;pr_x_r_getdepositmaturitypattern;pr_x_r_getdepositmaturitypatterndetails;pr_x_r_getdepositregister;pr_x_r_getdirector;pr_x_r_getexpiryofstockstatement;pr_x_r_getexportedtransactionregister;pr_x_r_getexportimportdataofclearing;pr_x_r_getfdinterestcertificate;pr_x_r_getfixeddepositcomparativereport;pr_x_r_getfixeddepositcomparativesummaryreport;pr_x_r_getfixeddepositdetail;pr_x_r_getform26q;pr_x_r_getform26qa;pr_x_r_getform26qaa;pr_x_r_getgenderwisedistribution;pr_x_r_getibcdaybook;pr_x_r_getibcunrealised;pr_x_r_getinsuranceregister;pr_x_r_getinterestadjustmentdaybook;pr_x_r_getinterestdaybook;pr_x_r_getinterestpaidonfd;pr_x_r_getinterestprovisioncertificate;pr_x_r_getinterestprovisioningstatement;pr_x_r_getinterestreceivabledetail;pr_x_r_getinterestreceivablestatement;pr_x_r_getinwardbillcollection;pr_x_r_getinwardbillcollectionreport;pr_x_r_getlieninformationregister;pr_x_r_getlieninformationregistercons;pr_x_r_getloanaccountheads;pr_x_r_getloandisbursementrecovery;pr_x_r_getloandisbursementrecoveryoverduestatementofgoldloan;pr_x_r_getloandisbursementrecoverysummary;pr_x_r_getloanduedateregister;pr_x_r_getloanexpiryinformation;pr_x_r_getloanschemeslabdetails;pr_x_r_getlockerdaybook;pr_x_r_getlockerregister;pr_x_r_getmaturedbutnotpaid;pr_x_r_getmonthlyoverduestatement;pr_x_r_getnomineedetails;pr_x_r_getnpaannexure2;pr_x_r_getnpaannexure2detail;pr_x_r_getnpadetailprovision;pr_x_r_getnparecoveryreport;pr_x_r_getobcscheduleremittance;pr_x_r_getoccupationwisecustomerlist;pr_x_r_getoutwardbillcollectionreport;pr_x_r_getoutwardclearingpattiwithbank;pr_x_r_getoutwardclearingpattiwithbankbranch;pr_x_r_getoutwardscrollwiseclearing;pr_x_r_getoverduedetailreport;pr_x_r_getoverdueletter;pr_x_r_getoverduelettercorrespondance;pr_x_r_getoverduereport;pr_x_r_getoverduereportforloanheadwise;pr_x_r_getperiodwiseoverduesstatement;pr_x_r_getpigmyagentcommission;pr_x_r_getprimarysecuritydetails;pr_x_r_getpriorityweakersectiondetails;pr_x_r_getpriorityweakersectionsegmentwise;pr_x_r_getpriorityweakersectionsummary;pr_x_r_getpriorweaksecsectsummarycons;pr_x_r_getpriorweaksecsegwisecons;pr_x_r_getrbistatementiii;pr_x_r_getrddetails;pr_x_r_getreceivableinterestdaybook;pr_x_r_getreconcilationdaybook;pr_x_r_getreconcilationrealiseddaybook;pr_x_r_getreconcilationscrollreport;pr_x_r_getreconcilationunrealised;pr_x_r_getrecurringdepositduedateregister;pr_x_r_getresidualmaturityreport;pr_x_r_getresidualmaturityreportcons;pr_x_r_getsalarybatchtransaction;pr_x_r_getsecurtiywiseanalysisofloanandadvances;pr_x_r_getsocietywisereportofloansandoverdue;pr_x_r_getstatementno12b;pr_x_r_getstatementno4;pr_x_r_getstatementno9;pr_x_r_getstatementno9simple;pr_x_r_getstockstatementduedateregister;pr_x_r_getstoppaymentregister;pr_x_r_gettdscategoryreport;pr_x_r_gettdsreport;pr_x_r_gettermdepositanddetail;pr_x_r_gettermdepositregister;pr_x_r_getunappliedinterestbalancing;pr_x_r_getunappliedinterestdetaildaybook;pr_x_r_getunappliedinterestdetaildaybookcons;pr_x_r_getunappliedinterestsummarydaybook;pr_x_r_getunappliedinterestsummarydaybookcons;pr_x_r_getunclearedtransactionregister;pr_x_r_getunexportedtransactionregister;pr_x_r_getunpassedreconcilation;pr_x_r_getvacantlockerlist;pr_x_r_getweeklyloanoverduestatement
Reports/RetailBanking/SeedReports/AccountsReport.aspx	2	pr_g_r_getaccountheadcreaterpt;pr_x_r_getreceivablechargescons
Reports/RetailBanking/SeedReports/SeedReportOptions.aspx	201	pr_a_getuserscashsummaryrpt;pr_b_accountbalancing;pr_b_accountbalancingcons;pr_b_getcashpositioncons;pr_b_getcreditofficer;pr_b_getdepositsector;pr_b_isaccmanforaccledrpt;pr_b_r_getaccountdepoandexpobal;pr_b_saveviewlog;pr_d_getdepschemebyheadmap;pr_lra_getunauthcstmstran;pr_lra_getunauthcstmstranrev;pr_lra_r_getcstmpaydetails;pr_lra_r_getunauthbillpayments;pr_omb_r_getcbslogdata;pr_p_r_getcrofficersportfoliodetails;pr_r_lra_gettaxpayreceipt;pr_x_cashbookdetails;pr_x_getaccheadandagentwise;pr_x_getaccountdetails;pr_x_getaccountnumber;pr_x_getbookbalancecertificate;pr_x_getbookbalancecertificatecons;pr_x_getbookbalatsetting;pr_x_getcalculatedfdinterest;pr_x_getcalculatedfdinterestcons;pr_x_getclearingamount;pr_x_getpigmyaccountdetails;pr_x_getservicecharges;pr_x_getundrawnodamountcons;pr_x_r_accnolistsummarycons;pr_x_r_accountclassificationreport;pr_x_r_accountmodifyregister;pr_x_r_accountmodifyregistercons;pr_x_r_accountopenclosereg;pr_x_r_accountopencloseregcons;pr_x_r_accountopencloseregv2cons;pr_x_r_accountstatusreportv2;pr_x_r_accountstatussummarycons;pr_x_r_accruvalodinterest;pr_x_r_arrearsreportcons;pr_x_r_batchtransaction;pr_x_r_batchtransactioncons;pr_x_r_calldepositaccounts;pr_x_r_calloverreport;pr_x_r_cashiersummary;pr_x_r_cashiersummary_v1;pr_x_r_cashscrollreceiptpayment;pr_x_r_cawithoverdraftlimit;pr_x_r_chequerangeissuedreport;pr_x_r_customeraccountbalancereport;pr_x_r_dealsbookedreport;pr_x_r_deletedtransaction;pr_x_r_deletedtransactioncons;pr_x_r_deliquencycalculationreport;pr_x_r_depositschemeslab;pr_x_r_depositwithrangeofvols;pr_x_r_expiredoverdraftlimits;pr_x_r_fixeddepositinterestcons;pr_x_r_fixeddepositreport;pr_x_r_generalledger;pr_x_r_getaccmovementdata;pr_x_r_getaccountheads;pr_x_r_getaccountledger;pr_x_r_getadditionallimitdetails;pr_x_r_getallowdebittransaccheaddetails;pr_x_r_getamountwiseclassificationofloansandadvancescons;pr_x_r_getcashdepositdetails;pr_x_r_getcashiertreasury;pr_x_r_getcashintransitdetails;pr_x_r_getcategorywisedepositcons;pr_x_r_getcheckclearingtransaction;pr_x_r_getclientaddress;pr_x_r_getclosingadjustmentcashbook;pr_x_r_getcustomernamebychartofaccount;pr_x_r_getdenominatorlist;pr_x_r_getdormantreactivation;pr_x_r_getexpiryofcclimitreminderv1;pr_x_r_getexternaltreasurytrans;pr_x_r_getfixeddepositcomparativereport;pr_x_r_getfixeddepositcomparativesummaryreport;pr_x_r_getfixeddepositdetailcons;pr_x_r_getflexiaccountdetails;pr_x_r_getflexiaccountno;pr_x_r_getgaurantorlist;pr_x_r_getglmovementcons;pr_x_r_getgovtaxpaymentdetails;pr_x_r_getinterestpaidonfd;pr_x_r_getinterestpaidonfdcons;pr_x_r_getloandisbursementrecovery;pr_x_r_getloandisbursementrecoverycons;pr_x_r_getloandisbursementrecoverysummary;pr_x_r_getloandisbursrecoverysummarycons;pr_x_r_getloosechequedetailscons;pr_x_r_getotherreceivable;pr_x_r_getoutwardclearingreport;pr_x_r_getoverdrawnaccountbalancecons;pr_x_r_getpurposewiseanalysisofadvances;pr_x_r_getpurposewiseanalysisofadvancescons;pr_x_r_getpurposewiseclassification;pr_x_r_getpurposewiseclassificationofadvances;pr_x_r_getsavinginterestcertificate;pr_x_r_getsftiwtran;pr_x_r_getsurityregister;pr_x_r_gettermdepositanddetailcons;pr_x_r_gettodregisterv1;pr_x_r_gettopdepositors;pr_x_r_gettransactionsourcelist;pr_x_r_gettransactionsourcewiselist;pr_x_r_gettrialbalance;pr_x_r_getunauthcashswapsettlement;pr_x_r_getunauthcashswaptran;pr_x_r_getunauthdcouttran;pr_x_r_getunauthforextran;pr_x_r_getunauthorizebankercheque;pr_x_r_getunauthorizoutwardtran;pr_x_r_getundrawnccbalancesv1;pr_x_r_getuserstatus;pr_x_r_inoutchequereturnedreport;pr_x_r_interestinsuspensereport;pr_x_r_inwardclearingreport;pr_x_r_ledger;pr_x_r_listofaccounts;pr_x_r_loanbalancingcons;pr_x_r_loanschemeslabdetails;pr_x_r_maturedloanaccounts;pr_x_r_monthendreportcons;pr_x_r_monthlyprovisionforbaddebt;pr_x_r_oldnewaccountlistcons;pr_x_r_overdrawnpositiononinwardclearing;pr_x_r_passingscrolldetail;pr_x_r_profitandlossdaybook;pr_x_r_queryonamount;pr_x_r_riskassetreportcons;pr_x_r_scheduleofloanrepaymentv1cons;pr_x_r_sectorialdepositreport;pr_x_r_standinginstructionreport;pr_x_r_transactiondetails;pr_x_r_turnoverreport;pr_x_r_unauthlendingsettlementtran;pr_x_r_unauthlendingtran;pr_x_r_unauthorizeatmcardregistration;pr_x_r_unauthorizecashintransittran;pr_x_r_unauthorizechargesreceivablerev;pr_x_r_unauthorizechequebookreq;pr_x_r_unauthorizeclassbyproductreport;pr_x_r_unauthorizeclassificationreport;pr_x_r_unauthorizeclientreport;pr_x_r_unauthorizedgovtaxtran;pr_x_r_unauthorizedloancancellation;pr_x_r_unauthorizedloansettlement;pr_x_r_unauthorizedloansettlementrebate;pr_x_r_unauthorizedloanwrittenoff;pr_x_r_unauthorizedlocalfundtran;pr_x_r_unauthorizedoverdraftreport;pr_x_r_unauthorizedtreasurytran;pr_x_r_unauthorizedwiretransaction;pr_x_r_unauthorizeexcesswithdrawal;pr_x_r_unauthorizefdmatpreclosing;pr_x_r_unauthorizeforextradingtran;pr_x_r_unauthorizegovernmentrevenuetran;pr_x_r_unauthorizeholdingamounttran;pr_x_r_unauthorizeinwardfileupdate;pr_x_r_unauthorizeloandisbursementtran;pr_x_r_unauthorizeloanreshedule;pr_x_r_unauthorizelocalfundtranferreversal;pr_x_r_unauthorizemanagerchequereversal;pr_x_r_unauthorizemanytomanytran;pr_x_r_unauthorizememoonaccaddition;pr_x_r_unauthorizeodreduction;pr_x_r_unauthorizeoutwardreturntran;pr_x_r_unauthorizepenalinterestrev;pr_x_r_unauthorizescaccountclosuretran;pr_x_r_unauthorizesignimageupload;pr_x_r_unauthorizestopchequepayment;pr_x_r_unauthorizewrittenoffreversetran;pr_x_r_unauthsfttran;pr_x_r_unpassaccount;pr_x_r_unpassagclnacccls;pr_x_r_unpassbatch;pr_x_r_unpasscashiertocashiertran;pr_x_r_unpasscashiertransaction;pr_x_r_unpasscashiertransactioncons;pr_x_r_unpasschequeissuetransaction;pr_x_r_unpasschqrevstoppay;pr_x_r_unpasschqstoppayment;pr_x_r_unpassclearingtransaction;pr_x_r_unpassecstrans;pr_x_r_unpassedbatch;pr_x_r_unpassedbatchcons;pr_x_r_unpassfdrtransaction;pr_x_r_unpassibttransaction;pr_x_r_unpassinwardclearinglottransaction;pr_x_r_unpassinwardreturntransaction;pr_x_r_unpasslockerissuetransaction;pr_x_r_unpasspigmytransaction;pr_x_r_unpassstandinginstructionschedule;pr_x_r_unpassstatusmodacc;pr_x_r_unpasstransaction;pr_x_r_vaultmovement;pr_x_unpassedsitransctions
Reports/RetailBanking/STR/Version2/STR.aspx	5	pr_bw_addtoquestrtemplate;pr_bw_getprocessstatusstr;pr_x_r_getstr_xmlfile;pr_x_r_getstrdatafileconsjson;pr_x_r_getstrdatafileconsv1
Reports/RetailBanking/TDBG/TDBGReportOptions.aspx	10	pr_tdbg_r_getbgclientduerenewal;pr_tdbg_r_getbgcommissiondaybook;pr_tdbg_r_getbgdaybook;pr_tdbg_r_getbgduerenewal;pr_tdbg_r_getbgregister;pr_tdbg_r_getclientrenewal;pr_tdbg_r_getclosingregister;pr_tdbg_r_getrenewal;pr_tdbg_r_getrevokeregister;pr_x_r_getbgtemplatereport
Reports/RetailBanking/Transaction/TransactionReportSettings.aspx	11	pr_p_getsqbranches;pr_x_getworkingdate;pr_x_r_exceptionaltransactions;pr_x_r_getagentinfo;pr_x_r_getagenttransactionchartunposted;pr_x_r_gettransactionsourcelist;pr_x_r_gettransactionsourcewiselist;pr_x_r_gettransactionsourcewiselistcons;pr_x_r_passingscrolldetail;pr_x_r_transactionexception;pr_x_r_unpasscashiertransaction
Reports/Treasury/TreasuryReportOptions.aspx	9	pr_tr_r_backdateddeal;pr_tr_r_brokerdetails;pr_tr_r_confirmeddealfireport;pr_tr_r_dealsettlementreport;pr_tr_r_fimaturityduereport;pr_tr_r_fxcurrencyanalysisreport;pr_tr_r_fxdealinput;pr_tr_r_fxmaturityduereport;pr_tr_r_unconfirmedfxcontractsreport
RetailBanking/AccInfo.aspx	2	pr_d_getfdinformation;pr_x_getaccinfo
RetailBanking/AccountStatusLogPopup.aspx	1	pr_x_getaccountstatuslog
RetailBanking/b_AccHoldingAmount.aspx	3	pr_x_getaccountdetails;pr_x_saveaccholdingamount;pr_x_sb_getaccholdingamount
RetailBanking/b_AccountSearchDetailView.aspx	1	pr_b_getallaccountsearch
RetailBanking/b_AccStatementRequest.aspx	6	pr_b_getaccstatementrequest;pr_x_calculationofservicetaxcommon;pr_x_duplicateservicecharges;pr_x_saveaccstatementrequest;pr_x_scrollsave;pr_x_scrolsave
RetailBanking/b_AccStatusModConfig.aspx	2	pr_b_accstatusmodconfig;pr_b_sb_accstatusmodconfig
RetailBanking/b_CrOfficerAccTrfLog.aspx	4	pr_b_getcreditofficer;pr_b_loadcrofficeracctrflog;pr_b_savecrofficeracctrflog;pr_b_sb_crofficeracctrflog
RetailBanking/b_DayEndParamLogs.aspx	12	pr_c_dailynpaauth;pr_c_dailynpaprocess;pr_c_getnpaaccdetails;pr_c_npaupdateaccountsetting_v1;pr_c_npaupdatesecuritynatureandvalue_v1;pr_g_checkloggedinusers;pr_sys_insertautoprocess;pr_x_dayend;pr_x_dayendcheck;pr_x_dayendvalidator;pr_x_savedayendlogdetails;pr_x_updatechestopening
RetailBanking/b_Document.aspx	3	pr_b_getaccountlist;pr_b_getsqdocuments;pr_b_loaddocuments
RetailBanking/b_DocumentType.aspx	2	pr_b_getsbqdocumentsname;pr_b_sb_getdocumenttype
RetailBanking/b_EcsCompany.aspx	1	pr_b_getsbqecscompany
RetailBanking/b_EstmtConfig.aspx	2	pr_b_estmtconfig;pr_b_sb_estmtconfig
RetailBanking/b_GovTaxMapping.aspx	1	pr_b_savegovtaxmapping
RetailBanking/b_IbtHeadMapping.aspx	1	pr_b_sb_getibtheadmappingdetail
RetailBanking/b_MinBalExistAccUpdation.aspx	2	pr_b_getfromaccountnumber;pr_b_gettoaccountnumber
RetailBanking/b_RdFdReadyRecknor.aspx	2	pr_b_getschemebyamountandperiod;pr_b_rdfdreadyrecknor
RetailBanking/b_SecurityWaiveOff.aspx	5	pr_b_sb_securitywaiveoff;pr_b_sb_securitywaiveoffloancasepass;pr_x_duplicateservicecharges;pr_x_passchequebookprintdata;pr_x_scrollsave
RetailBanking/b_Signature_V1.aspx	5	pr_b_validatesignimage;pr_k_getlockerforsignature;pr_x_sb_getsignature_v1;pr_x_sb_getsignaturelocker;pr_x_sb_getunpassedsignature_v1
RetailBanking/b_SignatureHistory.aspx	5	pr_b_deletesignature;pr_b_getdeletedsignatures;pr_b_getsignatures;pr_b_passsignaturehistory;pr_b_sb_getdeletedsignatures
RetailBanking/b_SpecialInstruction.aspx	2	pr_b_deletespecailinstruction;pr_b_sb_getspecialinstructions
RetailBanking/b_SwiftBankAccMap.aspx	4	pr_b_saveswiftbankaccmap;pr_b_sb_accountagent;pr_b_sb_swiftbankaccmap;pr_x_getaccounts
RetailBanking/b_UpdateCertificateNumber.aspx	1	pr_b_updatecertificatenumber
RetailBanking/b_WaiveOff.aspx	1	pr_b_waiveoffsave
RetailBanking/c_EmployerMaster.aspx	4	pr_c_sb_getemployermaster;pr_g_getcity;pr_g_getcitylist;pr_g_getstate
RetailBanking/c_LNEnhancement_V1.aspx	10	pr_b_getloanproducts;pr_c_getloanschemeslabinterestrate;pr_c_loanrepayment;pr_c_sb_getlnenhancement_v1;pr_x_calculationofservicetaxcommon;pr_x_getaccounts;pr_x_getnextuniquetranseqno;pr_x_lnenhancementamt;pr_x_lnenhancementpassing;pr_x_reschedulecharges
RetailBanking/CashierWithholdLimit.aspx	1	pr_x_getcashierwithholdamount
RetailBanking/ChargesPosting.aspx	3	pr_x_calcfoliocharges;pr_x_calcothercharges;pr_x_postfoliocharges
RetailBanking/ChequeBookReturn.aspx	3	pr_x_getchequelist;pr_x_getchequereturnemployee;pr_x_loosechequecan
RetailBanking/daybegin.aspx	4	pr_x_daybegin;pr_x_getstandinginstructionscheduletoexecute;pr_x_savesitranlog;pr_x_siprocesspass
RetailBanking/DayEnd.aspx	13	pr_b_getlastdateoffinyear;pr_g_blockprocess;pr_g_disconnectusersinhoexceptloggeduser;pr_g_isprocessblocked;pr_g_releaseprocess;pr_x_dayend;pr_x_dayendcheck;pr_x_dayendvalidator;pr_x_getglentrydata;pr_x_getprocessbufferstatus;pr_x_insertabnormalbalancesbranchhoconnsame;pr_x_savedayendlogdetails;pr_x_updatehoworkingdate
RetailBanking/DayEndSchedule.aspx	3	pr_x_getdayendschedule;pr_x_getfinancialyear;pr_x_savedayendschedule
RetailBanking/DDPOParameterSetting.aspx	1	pr_b_getdebitaccountnumber
RetailBanking/DirectCreditExport.aspx	2	pr_x_gendirectcreditexportfiledata;pr_x_getdirectcreditexportfiledata
RetailBanking/g_AllowDebitTranAddLimit.aspx	5	pr_x_addodcharges;pr_x_getcodlimitcharge;pr_x_getnextuniquetranseqno;pr_x_saveaccholdingamount;pr_x_sb_allowdebittranaddlimit
RetailBanking/g_AllowDebitTransactionAccountHeads_v1.aspx	11	pr_b_getcreditofficer;pr_b_updatecreditofficer;pr_g_allowdebittransactionaccountheadspass;pr_g_sb_allowdebittransactionaccounthead;pr_p_getloanpurposelist;pr_x_calculationofservicetaxcommon;pr_x_getcodlimitcharge;pr_x_getnextuniquetranseqno;pr_x_getsecurityledger;pr_x_overdraftcharges;pr_x_scrollsave
RetailBanking/g_CustomerDetailView.aspx	2	pr_x_getglobalclient;pr_x_getglobalclientlos
RetailBanking/g_DebtCollector.aspx	2	pr_g_getemplist;pr_g_sb_getdebtcollector
RetailBanking/lineUpdateBalance.aspx	5	pr_b_updateledgeragentclientbalance;pr_b_updatelinebalance;pr_b_updatelinebalanceclient;pr_x_getrsqdailydepositagentnumber;pr_x_getrsqdailydepositclientaccountnumber
RetailBanking/LoanDisbursement.aspx	10	pr_c_getloanchargesondisb;pr_c_hpleaseloandisbpassing;pr_c_loandisbtaxonchargesho;pr_c_loandisbursement_islamic;pr_c_loandisbursementpassing_islamic;pr_c_loandisbursementpassingtrf;pr_sb_c_loandisbursement_islamic;pr_x_calculationofservicetaxcommon;pr_x_getaccounts;pr_x_gethplduetorepay
RetailBanking/LoanInterestUpdation.aspx	2	pr_b_getfromaccountnumber;pr_b_gettoaccountnumber
RetailBanking/LoanSettlementRebate.aspx	4	pr_x_getduetorepay_islamic;pr_x_getearlysetllementend;pr_x_loansettlementrebate_islamic;pr_x_sb_getloansettlementrebate_islamic
RetailBanking/LRA_BillPayment.aspx	9	pr_lra_billpayment;pr_lra_billpaymentauth;pr_lra_getdetailsforbillpayment;pr_lra_sb_getbillpayment;pr_lra_validateapiresponse;pr_x_getchargesamount;pr_x_getnextuniquetranseqno;pr_x_getrsqsipigmyagentno;pr_x_interbranchtransaction
RetailBanking/LRA_custom_accounts.aspx	1	pr_lra_savecustomaccs
RetailBanking/LRA_CustomsPayment.aspx	6	pr_lra_customspayment;pr_lra_customspaymentauth;pr_lra_getlracustomspaymentdetails;pr_lra_sb_getcustomspayment;pr_x_getchargesamount;pr_x_interbranchtransaction
RetailBanking/LRA_CustomsPaymentReversal.aspx	4	pr_lra_customspaymentreversal;pr_lra_customspaymentreversalauth;pr_lra_getlracstmpayreversaldet;pr_lra_sb_getcustomspaymentreversal
RetailBanking/LRABillPayReversal.aspx	3	pr_lra_billpaymentauth;pr_lra_billpaymentreversal;pr_lra_getfailedbillinfo
RetailBanking/LraCstmCtrlAccStmt.aspx	1	pr_lra_getcstmctrlaccstmtdata
RetailBanking/LraQueryTrans.aspx	1	pr_lra_getquerytrans
RetailBanking/omb_registration.aspx	4	pr_omb_getcustomerinfo;pr_omb_registration;pr_sb_omb_registration;pr_x_getrsqsipigmyagentno
RetailBanking/omb_unRegistration.aspx	2	pr_omb_getcustomerinfo;pr_omb_registration
RetailBanking/openingBalance.aspx	4	pr_g_accountheadopeningbalancesave;pr_g_getnoncbsglopbalance;pr_g_gettotalglbalance;pr_g_sb_getglbalance
RetailBanking/PrintDDPO.aspx	4	pr_b_chequeprint;pr_b_ddpoprintsetting;pr_b_fdprintsetting;pr_x_getddponumbers
RetailBanking/QueryLPN.aspx	1	pr_lra_lpnstatusresp
RetailBanking/Reversal.aspx	1	pr_x_gettranforreversal
RetailBanking/SearchUtility.aspx	5	pr_x_getaccountsbychequenumber;pr_x_getaccountsbyddnumber;pr_x_getaccountsbynameoraccountnumber;pr_x_getaccountsbysearchutility;pr_x_getaccountstransactionswithcriteria
RetailBanking/SFTOutTracking.aspx	1	pr_b_sftouttracking
RetailBanking/SFTOutwardRecall.aspx	1	pr_x_sftoutwardrecall
RetailBanking/StationaryChargesCalculationPosting.aspx	5	pr_x_sb_getmiscchargeslist;pr_x_stationarychargescalculation;pr_x_stationarychargesposting;pr_x_stationaychargescalculation;pr_x_stationaychargesposting
RetailBanking/StatusModification_v1.aspx	3	pr_b_getaccountlist;pr_b_getunpassedaccountstatuslog;pr_b_validatestatusmod
RetailBanking/SwiftFileDownload.aspx	5	pr_swift_createswiftmessagexmlmt103;pr_swift_createswiftmessagexmlmt199;pr_swift_processinwardswiftfilexml;pr_x_getentryforswiftfile;pr_x_processswiftoutwardfilexml
RetailBanking/SwiftMT103CsvExport.aspx	1	pr_x_r_getswiftdataforcsvexport
RetailBanking/UCCDetails.aspx	1	pr_c_getuccdetails
RetailBanking/WireFundTransferRequestPopUp.aspx	1	pr_hd_wirefundtrfdetails
RetailBanking/x_BankAccMappingOtw.aspx	1	pr_x_bankaccmappingotw
RetailBanking/x_BankerCheque.aspx	11	pr_x_bankerchequebyid;pr_x_bankerchequecashpaybyid;pr_x_bankerchequepassing;pr_x_bankerchequepassingcashpay;pr_x_deletebankercheque;pr_x_deletebankerchequecashpay;pr_x_savebankercheque;pr_x_savebankerchequecashpay;pr_x_sb_getbankercheque;pr_x_sb_getbankerchequecashpay;pr_x_scrollsave
RetailBanking/x_BankerChequePayClg.aspx	8	pr_x_bankerchequebyid;pr_x_bankerchequecashpayclgbyid;pr_x_bankerchequepassingcashpay;pr_x_deletebankerchequecashpayclg;pr_x_savebankerchequecashpaybyclg;pr_x_sb_getbankercheque;pr_x_sb_getbankerchequecashpaybyclg;pr_x_scrollsave
RetailBanking/x_BankerChequeReport.aspx	1	pr_x_r_managerchequereport
RetailBanking/x_bankerChequeReversal.aspx	4	pr_x_bankerchequereversalauth;pr_x_getnextuniquetranseqno;pr_x_sb_getbankerchequereversal;pr_x_scrollsave
RetailBanking/x_cashswapSettlement.aspx	2	pr_x_cashswapsettlement;pr_x_sb_cashswapsettlement
RetailBanking/x_cashswaptransaction.aspx	3	pr_x_cashswaptransaction;pr_x_cashswaptransactionauth;pr_x_sb_getcashswaptransaction
RetailBanking/x_ChargeForMinimumBalanceProvision.aspx	4	pr_x_chargeforminimumbalancecalculationv1;pr_x_chargeforminimumbalanceposting;pr_x_getcalculatedfdinterest;pr_x_getchargeforminimumbalanceprovision
RetailBanking/x_ChargesRecReverse.aspx	5	pr_x_chargesrecreversepass;pr_x_getchargesrec;pr_x_getnextuniquetranseqno;pr_x_sb_getchargesrecreverse;pr_x_scrollsave
RetailBanking/x_ChequeBook.aspx	9	pr_x_duplicateservicecharges;pr_x_getchequebooklist;pr_x_getchequebookrequest;pr_x_getissuetoemployee;pr_x_getservicecharges;pr_x_gettargetcurrencyvalue;pr_x_passchequebook;pr_x_savechequebookdetails;pr_x_sb_chequebookissue
RetailBanking/x_chequeBookPrintData.aspx	8	pr_b_holdchargesamt;pr_x_calculationofservicetaxcommon;pr_x_duplicateservicecharges;pr_x_getnextuniquetranseqno;pr_x_gettargetcurrencyvalue;pr_x_passchequebook;pr_x_passchequebookprintdata;pr_x_sb_getchequebookprinting
RetailBanking/x_ChequePrintDataExport.aspx	4	pr_x_chequedataexport;pr_x_getchequeprintdataexport;pr_x_getmanagerchequebookprintexport;pr_x_getrsqsipigmyagentno
RetailBanking/x_ChequeStopPaymentDetails.aspx	8	pr_g_getaccounthead;pr_x_calculationofservicetaxcommon;pr_x_chequestoppaymentpass;pr_x_chequestoppaymentrevert;pr_x_chequestoppaymentsave;pr_x_getchargesamount;pr_x_getchequelist;pr_x_gettargetcurrencyvalue
RetailBanking/x_ChequeStopPaymentDetailsV1.aspx	11	pr_b_holdchargesamt;pr_g_getaccounthead;pr_x_calculationofservicetaxcommon;pr_x_chequestoppaymentpass;pr_x_chequestoppaymentsavev1;pr_x_deletetransaction;pr_x_getchequelist;pr_x_getnextuniquetranseqno;pr_x_gettargetcurrencyvalue;pr_x_sb_getchequestoppaymentdetail;pr_x_scrollsave
RetailBanking/x_DirectCredit.aspx	9	pr_x_directcreditauth;pr_x_directcreditdelete;pr_x_directcreditsave;pr_x_getdirectcreditdetails;pr_x_getnextuniquetranseqno;pr_x_gettargetcurrencyvalue;pr_x_ischeckaccnoexist;pr_x_sb_directcredit;pr_x_scrollsave
RetailBanking/x_GovTaxTran.aspx	5	pr_x_getnextuniquetranseqno;pr_x_govtaxtranauth;pr_x_govtaxtrandelete;pr_x_govtaxtransave;pr_x_sb_govtaxtran
RetailBanking/x_InterBankLendingSettlment.aspx	4	pr_x_genintrbanklendingschedule;pr_x_getintrbnklendingentry;pr_x_intrbnklendingsettletran;pr_x_sb_intrbklendingsettletran
RetailBanking/x_InterBankLendingTran.aspx	4	pr_x_genintrbanklendingschedule;pr_x_interbanklendingtran;pr_x_interbanklendingtranauth;pr_x_sb_interbanklendingtran
RetailBanking/x_LoanCancellation.aspx	7	pr_x_getaccountdetails;pr_x_gethplduetorepay;pr_x_gettargetcurrencyvalue;pr_x_loancancellation;pr_x_loanchargesrecovery;pr_x_loaninterestdebit;pr_x_sb_getloancancellation
RetailBanking/x_LoanRepayment.aspx	7	pr_x_getaccountdetails;pr_x_gethplduetorepay;pr_x_gettargetcurrencyvalue;pr_x_loanchargesrecovery;pr_x_loanrepayment;pr_x_loanrepaymentpassing;pr_x_sb_getloanrepayment
RetailBanking/x_LoanSettlementTran_Islamic.aspx	5	pr_x_getduetorepay_islamic;pr_x_getearlysetllementend;pr_x_loaninterestdebit;pr_x_loansettlementtran;pr_x_sb_getloansettlementtran_islamic
RetailBanking/x_localfundtrf.aspx	5	pr_x_getaccountdetails;pr_x_localfundtrfauth;pr_x_localfundtrfdelete;pr_x_localfundtrfsave;pr_x_sb_localfundtrf
RetailBanking/x_localfundtrfPay.aspx	4	pr_x_localfundtrfauth;pr_x_localfundtrfpaydelete;pr_x_localfundtrfpaysave;pr_x_sb_localfundpaytrf
RetailBanking/x_LocalFundTrfRev.aspx	4	pr_x_localfundtrfrev;pr_x_localfundtrfrevauth;pr_x_sb_getlocalfundtrfrev;pr_x_scrollsave
RetailBanking/x_LooseChequeDetail.aspx	3	pr_x_getnextuniquetranseqno;pr_x_loosechequedetailssave;pr_x_validatecounterchequeissue
RetailBanking/x_ODReduction.aspx	3	pr_g_sb_getodreduction;pr_x_getcasualadditionoddetails;pr_x_scrollsave
RetailBanking/x_OverdueLetterTemplate.aspx	1	pr_b_getbanklist
RetailBanking/x_PenalInterestReversal.aspx	3	pr_x_penalinterestreversal;pr_x_penalinterestreversalpass;pr_x_sb_getpenalinterestrevrsal
RetailBanking/x_TFPTran.aspx	4	pr_x_sb_getgovrevenuedetails;pr_x_tfptranauth;pr_x_tfptranprocess;pr_x_tfptransave
RetailBanking/x_TransactionViewer.aspx	2	pr_x_gettransactionviewerdetails;pr_x_r_getaccountchargesconfig
RetailBanking/x_WireTransfer.aspx	12	pr_hd_updateguidofwiretransfer;pr_hd_wirefundtrfrequestdetails;pr_x_deletewiretransfer;pr_x_getaccountdetails;pr_x_getrsqsipigmyagentno;pr_x_getscrollidforwiretrf;pr_x_interbranchtransaction;pr_x_r_getwiretransactiondetails;pr_x_savewiretransfer;pr_x_sb_wirefundtransferrequest;pr_x_sb_wiretransfer;pr_x_wiretranauth
RetailBanking/x_WireTransferViewer.aspx	1	pr_x_wiretransferviewer
RetailBanking/x_WrittenOff.aspx	5	pr_x_getaccountdetails;pr_x_sb_getwrittenoff;pr_x_writtenoffauth;pr_x_writtenoffauthatho;pr_x_writtenoffsave
RetailBanking/x_WrittenOffReverse.aspx	4	pr_x_sb_getwrittenoff;pr_x_writtenoffauth;pr_x_writtenoffauthatho;pr_x_writtenoffsave
RetailBanking/Account/AccountEnquiry.aspx	13	pr_b_getaccountinquiry;pr_b_gettdspaid;pr_b_saveviewlog;pr_g_getaccounthead;pr_sys_extractvaluefromxml;pr_x_getaccountdetails;pr_x_getaccountnumber;pr_x_getaccounts;pr_x_getaccountstatuslog;pr_x_r_getclientaddress;pr_x_r_getflexiaccountdetails;pr_x_r_getflexiaccountno;pr_x_r_ledger
RetailBanking/Account/AccountEnquiryV2.aspx	13	pr_b_getaccountinquiry;pr_b_gettdspaid;pr_b_saveviewlog;pr_g_getaccounthead;pr_sys_extractvaluefromxml;pr_x_getaccountdetails;pr_x_getaccountnumber;pr_x_getaccounts;pr_x_getaccountstatuslog;pr_x_r_getclientaddress;pr_x_r_getflexiaccountdetails;pr_x_r_getflexiaccountno;pr_x_r_ledger
RetailBanking/Account/AccountRenewalDetails.aspx	1	pr_d_getfdaccountrenewaldetail
RetailBanking/Account/AccReschedule.aspx	2	pr_b_getloaninformationforaccreschedule;pr_b_saveaccreschedule
RetailBanking/Account/AlertMessages.aspx	1	pr_b_globalacctdetails
RetailBanking/Account/bankCurrentAccount.aspx	6	pr_b_deletebkaccount;pr_b_getbanklist;pr_b_isaccountlocked;pr_b_lockunlockaccount;pr_g_getcity;pr_g_getstate
RetailBanking/Account/c_CCODEnhancement.aspx	4	pr_b_isaccountlocked;pr_b_lockunlockaccount;pr_x_passingccodenhancement;pr_x_sb_ccodenhancement
RetailBanking/Account/c_CorpPerSecDetails.aspx	1	pr_x_gettargetcurrencyvalue
RetailBanking/Account/c_FdLineInfo.aspx	4	pr_d_getfddetails;pr_d_getrddetails;pr_x_getrsqdailydepositclientaccountnumber;pr_x_gettargetcurrencyvalue
RetailBanking/Account/c_Insurance.aspx	1	pr_x_gettargetcurrencyvalue
RetailBanking/Account/c_Loan.aspx	36	pr_b_getclientcategorylist;pr_b_getcreditofficer;pr_b_getcustomerdetails;pr_b_getfdacno;pr_b_isaccountlocked;pr_b_lockunlockaccount;pr_b_updatecreditofficer;pr_c_getaccountnumberlist;pr_c_getdepositacnumberlist;pr_c_getguarantorlist;pr_c_getprioritylist;pr_c_getsecuritylist;pr_c_hpleaseloandisbpassing;pr_c_loanaccountdelete;pr_c_loandisbursement_islamic;pr_c_loandisbursementpassing_islamic;pr_c_loandisbursementpassingho;pr_c_loandisbursementpassingtrf;pr_d_getfddetails;pr_d_getrddetails;pr_g_applypigmynewtheme;pr_g_getcitylist;pr_g_getlgalist;pr_g_getstatelist;pr_p_getloancasedetails;pr_p_getloancaselist;pr_p_getloanpurposelist;pr_p_getloanschemes;pr_p_getsanctionedloancase;pr_x_getaccounts;pr_x_getagentnumber;pr_x_getglobalclient;pr_x_gethhddailydepositagentno;pr_x_getrsqdailydepositclientaccountnumber;pr_x_getrsqpigmydepositclientaccno;pr_x_getsecurityledger
RetailBanking/Account/c_Loan_Islamic.aspx	26	pr_b_getclientcategorylist;pr_b_getcustomerdetails;pr_b_getfdacno;pr_b_getrepaysch;pr_b_isaccountlocked;pr_b_lockunlockaccount;pr_c_getaccountnumberlist;pr_c_getdepositacnumberlist;pr_c_getguarantorlist;pr_c_getprioritylist;pr_c_getsecuritylist;pr_d_getfddetails;pr_d_getrddetails;pr_g_applypigmynewtheme;pr_g_getcitylist;pr_g_getlgalist;pr_g_getstatelist;pr_p_getloancasedetails;pr_p_getloancaselist;pr_p_getloanpurposelist;pr_p_getloanschemes;pr_x_getagentnumber;pr_x_getglobalclient;pr_x_gethhddailydepositagentno;pr_x_getrsqdailydepositclientaccountnumber;pr_x_getrsqpigmydepositclientaccno
RetailBanking/Account/c_LoanSecurity.aspx	4	pr_b_lockunlockaccount;pr_c_getsecuritylist;pr_x_getaccounts;pr_x_getsecurityledger
RetailBanking/Account/c_LoanV1.aspx	37	pr_b_getaccopenemailtext;pr_b_getclientcategorylist;pr_b_getcustomerdetails;pr_b_getfdacno;pr_b_isaccountlocked;pr_b_lockunlockaccount;pr_c_accountdeletelos;pr_c_genloanclient;pr_c_getaccountnumberlist;pr_c_getdepositacnumberlist;pr_c_getguarantorlist;pr_c_getlosloancase;pr_c_getprioritylist;pr_c_getsecuritylist;pr_c_hpleaseloandisbpassing;pr_c_loadlosdata;pr_c_loandisbursement_islamic;pr_c_loandisbursementpassing_islamic;pr_c_loandisbursementpassingho;pr_c_loandisbursementpassingtrf;pr_d_getfddetails;pr_d_getrddetails;pr_g_applypigmynewtheme;pr_g_getcitylist;pr_g_getlgalist;pr_g_getstatelist;pr_p_getloancasedetails;pr_p_getloanpurposelist;pr_p_getloanschemes;pr_p_getsanctionedloancase;pr_x_getaccounts;pr_x_getaccountsv1;pr_x_getagentnumber;pr_x_getglobalclient;pr_x_gethhddailydepositagentno;pr_x_getrsqdailydepositclientaccountnumber;pr_x_getrsqpigmydepositclientaccno
RetailBanking/Account/c_OtherSecurity.aspx	1	pr_x_gettargetcurrencyvalue
RetailBanking/Account/c_RepayScheduleHold.aspx	2	pr_c_repayschedulehold;pr_c_sb_getrepayschedulehold
RetailBanking/Account/c_SecurityProperty.aspx	1	pr_x_gettargetcurrencyvalue
RetailBanking/Account/c_StockDetails.aspx	1	pr_c_sb_stockdetails
RetailBanking/Account/c_VehicleDetails.aspx	1	pr_x_gettargetcurrencyvalue
RetailBanking/Account/CCODRenewal.aspx	3	pr_b_isaccountlocked;pr_b_lockunlockaccount;pr_x_getaccounts
RetailBanking/Account/DailyDepositAgentAccount.aspx	7	pr_b_getdevicemaster;pr_d_getrsqfdinfo;pr_g_getcirclelist;pr_g_getddelist;pr_x_getrsqdailydepositsavingaccountnumber;pr_x_getrsqdailydepositsecurityaccountnumber;pr_x_sb_getdailydepositagentaccount
RetailBanking/Account/DailyDepositClientAccount.aspx	6	pr_b_getagentjointdetails;pr_b_getagentnomineedetails;pr_b_getnewdailyagentclientnumber;pr_x_getdailydepositmaturity;pr_x_getrsqdailydepositagentnumber;pr_x_sb_getdailydepositclientaccount
RetailBanking/Account/depositAccount.aspx	23	pr_b_deletedepositaccount;pr_b_depositaccount;pr_b_getaccountlist;pr_b_getclientcategorylist;pr_b_getdepositproducts;pr_b_getdepositsector;pr_b_logmodification;pr_b_logoldvalues;pr_b_setfdintamount;pr_b_validatesignimage;pr_g_getcity;pr_g_getjointdetails;pr_x_fdsitransave;pr_x_generatefdschedule;pr_x_getaccountdetails;pr_x_getaccounts;pr_x_getagentnumber;pr_x_getdailydepositmaturity;pr_x_getglobalclient;pr_x_gethhddailydepositagentno;pr_x_getrsqdailydepositagentnumber;pr_x_savefdpaymentschedule;pr_x_validatecreatedaccountfororg
RetailBanking/Account/depositAccount_Islamic.aspx	12	pr_b_getclientcategorylist;pr_b_logmodification;pr_b_logoldvalues;pr_g_getcity;pr_x_fdsitransave_islamic;pr_x_generatefdschedule;pr_x_getagentnumber;pr_x_getdailydepositmaturity;pr_x_getexistingfdschedule;pr_x_getglobalclient;pr_x_gethhddailydepositagentno;pr_x_getrsqdailydepositagentnumber
RetailBanking/Account/DepositAccountv1.aspx	27	pr_b_deletedepositaccount;pr_b_getaccopenemailtext;pr_b_getaccountlist;pr_b_getclientcategorylist;pr_b_logmodification;pr_b_logoldvalues;pr_b_setfdintamount;pr_c_processtfsapicall;pr_c_processuccapicall1;pr_c_processuccapicall2;pr_d_gendepositclient;pr_d_getdepositcase;pr_d_loaddepositcasedata;pr_g_getcity;pr_g_getjointdetails;pr_g_syncwithglobalaccount;pr_x_fdsitransave;pr_x_generatefdschedule;pr_x_getaccountdetails;pr_x_getaccounts;pr_x_getaccountsv1;pr_x_getagentnumber;pr_x_getdailydepositmaturity;pr_x_getglobalclient;pr_x_gethhddailydepositagentno;pr_x_getrsqdailydepositagentnumber;pr_x_savefdpaymentschedule
RetailBanking/Account/FDReadyRecknor_Islamic.aspx	1	pr_x_generatefdschedule
RetailBanking/Account/generalAccount.aspx	5	pr_b_deletegnaccount;pr_b_isaccountlocked;pr_b_lockunlockaccount;pr_g_getcity;pr_g_getstate
RetailBanking/Account/generalAccount_Islamic.aspx	4	pr_b_isaccountlocked;pr_b_lockunlockaccount;pr_g_getcity;pr_g_getstate
RetailBanking/Account/investmentAccount.aspx	4	pr_b_isaccountlocked;pr_b_lockunlockaccount;pr_g_getcity;pr_g_getstate
RetailBanking/Account/ModificationLog.aspx	1	pr_b_getmodificationlogdetails
RetailBanking/Account/SecurityCommon.aspx	1	pr_x_gettargetcurrencyvalue
RetailBanking/Account/SecurityViewer.aspx	2	pr_b_lockunlockaccount;pr_c_getforsecurityviewer
RetailBanking/Account/showMultipleAccountInfo.aspx	1	pr_x_getmultipleaccountinfo
RetailBanking/Account/SiTran.aspx	4	pr_b_setfdintamount;pr_x_fdsitransave;pr_x_getfdsitran;pr_x_sb_getfdsitran
RetailBanking/Account/UCC3PickUpMail.aspx	2	pr_c_getaccdetailsforpickupmail;pr_c_processpickupmailresp
RetailBanking/Account/x_AccChargesConfig.aspx	4	pr_x_saveaccchargesconfig;pr_x_sb_getaccountchargesconfg;pr_x_sb_getaccountchargesconfig;pr_x_scrolsave
RetailBanking/Account/x_CBLAccMapDetails.aspx	2	pr_x_getcblaccmapconfig;pr_x_reprocblaccmap
RetailBanking/Account/x_CBLAccMapEnqLog.aspx	2	pr_x_cblaccmapenqlog;pr_x_getcblaccmapconfig
RetailBanking/Alerts/AutoAlertsConfig.aspx	1	pr_al_getibrequestforautopopup
RetailBanking/ATM/b_CardInfo.aspx	8	pr_b_getcardno;pr_b_holdchargesamt;pr_b_passcardinfo;pr_b_sb_getcardinfo;pr_b_validateatmcardno;pr_x_getchargesamount;pr_x_getnextuniquetranseqno;pr_x_interbranchtransaction
RetailBanking/cash/ExchangeDenomination.aspx	1	pr_x_cashexchangetransaction
RetailBanking/cash/x_CashierScroll.aspx	7	pr_a_getcashierlimitamount;pr_b_validatecashierscroll;pr_getcashierlimitamount;pr_x_cashierscrolltransaction;pr_x_getcashtransactiondetail;pr_x_getcurrentcashinbank;pr_x_iscashtransactionalreadydone
RetailBanking/cash/x_CashInTransit.aspx	10	pr_b_sb_accountagent;pr_x_cashintransitcontra;pr_x_cashintransitreceipt;pr_x_cashintransittran;pr_x_getcashopeningcreditdebit;pr_x_getnextuniquetranseqno;pr_x_savedenominationscashintransit;pr_x_sb_cashintransit;pr_x_scrollsave;pr_x_updatedeletedenominationstransit
RetailBanking/cash/x_ChestCashierLedger.aspx	7	pr_g_authenticatecashier;pr_x_checkcashieropening;pr_x_chestcashierledgertransaction;pr_x_chestcashierledgertransactionpass;pr_x_getcurrentcashinbank;pr_x_getexternalcashtransactiondetails;pr_x_gettargetcurrencyvalue
RetailBanking/cash/x_ChestCashierLedger_V1.aspx	11	pr_g_authenticatecashier;pr_x_checkcashieropening;pr_x_chestcashierledgertransaction;pr_x_chestcashierledgertransaction_v1;pr_x_chestcashierledgertransactionpass;pr_x_chestcashierledgertransactionpassing;pr_x_getcashopeningcreditdebit;pr_x_getcurrentcashinbank;pr_x_getexternalcashtransactiondetails;pr_x_gettargetcurrencyvalue;pr_x_sb_chestcashierledger_v1
RetailBanking/cash/x_ChestCashierToCashierLedger.aspx	7	pr_g_authenticatecashier;pr_x_getcahsierdenominationpass;pr_x_getchestcashierdata;pr_x_intercashiertrandelete;pr_x_intercashiertranpass;pr_x_intercashiertransave;pr_x_sb_intercashiertran
RetailBanking/cash/x_ChestOpening.aspx	2	pr_getbranchlist;pr_x_getdenomination
RetailBanking/clearing/addOutwardClearingTransaction.aspx	4	pr_b_getjointnames;pr_util_getnextid;pr_x_chequeprocesscharges;pr_x_gettargetcurrencyvalue
RetailBanking/clearing/addOutwardClearingTransactionV1.aspx	9	pr_b_getjointnames;pr_util_getnextid;pr_x_chequeprocesscharges;pr_x_chequeprocesschargestrf;pr_x_getlotcreditdate;pr_x_getnextuniquetranseqno;pr_x_gettargetcurrencyvalue;pr_x_gettransactionsinalot;pr_x_validateclearingtransaction
RetailBanking/clearing/b_inwardClgFileV2.aspx	20	pr_b_accountddetailsforpassing;pr_b_getinwardclgfiledetails;pr_b_loadinwarddetailsforpassing;pr_b_updateinwardclgfiledetails;pr_b_validateinwardclgfile;pr_cts_dumpinwardfiledata;pr_cts_getaccballistforupdate;pr_cts_getaccountlist;pr_cts_getcellconstringname;pr_cts_getfiledatatopass;pr_cts_getfiledetails;pr_cts_getimagepath;pr_cts_updateinwardclgfiledetails;pr_cts_validatedumpingfile;pr_x_getgetinwardclgfiledata;pr_x_getservicebranch;pr_x_inwardclgfileatcounter;pr_x_inwardclgfileatcustomer;pr_x_inwardclgfileatho;pr_x_inwardclgfilereturnatcustomer
RetailBanking/clearing/CTSInwardReturn.aspx	2	pr_cts_createdownloadreturnfilename;pr_cts_getinwardreturnfile
RetailBanking/clearing/executeInwardClearingTransaction.aspx	8	pr_x_calculationofservicetaxcommon;pr_x_geinwardclearingtransactionlist;pr_x_getexecutedinwardclearinglotsummary;pr_x_inwardclearingexecutionpass;pr_x_inwardclearingexecutionrevert;pr_x_inwardclearinglotexecution;pr_x_outwardclearingexecution;pr_x_outwardclearingexecutionpass
RetailBanking/clearing/executeOutwardClearingTransactionV1.aspx	19	pr_x_calculationofservicetaxcommon;pr_x_getclearingtransactionlist;pr_x_getclearingtransactionlistv1;pr_x_getexecutedclearinglotsummary;pr_x_getexecutedclearinglotsummaryv1;pr_x_getoutwardretruncharges;pr_x_getoutwardreturnexecutionstatus;pr_x_getservicebranch;pr_x_interbranchtransaction;pr_x_lockibtamount;pr_x_outwardclearingexecution;pr_x_outwardclearingexecutionatcustomer;pr_x_outwardclearingexecutionpass;pr_x_outwardclearingexecutionpassv1;pr_x_outwardclearingexecutionrevert;pr_x_outwardclearingexecutionrevertatcustomer;pr_x_outwardclearingexecutionrevertatho;pr_x_outwardclearingexecutionv1;pr_x_outwardreturnexecution
RetailBanking/clearing/OutwardExecution.aspx	4	pr_x_getclearingtransactionlistv1;pr_x_interbranchtransaction;pr_x_outwardclearingexecutionpass;pr_x_outwardclearingexecutionv1
RetailBanking/clearing/PopupReasonCodeV1.aspx	3	pr_x_calculationofservicetaxcommon;pr_x_getclearingtransactionlistv1;pr_x_getoutwardretruncharges
RetailBanking/dd/DDPO_Mapping.aspx	1	pr_x_getdemanddraftaccountheadstomap
RetailBanking/dormant/b_DormantHistory.aspx	2	pr_x_dormantaccountpass;pr_x_dormantaccountsave
RetailBanking/dormant/DormantClosing.aspx	1	pr_x_dormantclosepassing
RetailBanking/dormant/DormantReactivationViewer.aspx	1	pr_x_getdormantreactdetails
RetailBanking/dormant/x_DormantReactivationv1.aspx	6	pr_x_dormantreactivationpassv1;pr_x_dormantreactivationsavev1;pr_x_getchargesamount;pr_x_getdormantaccountdetailsv1;pr_x_interbranchtransaction;pr_x_sb_dormantreactivationv1
RetailBanking/HPL/x_HplCharges.aspx	4	pr_x_calculationofservicetaxcommon;pr_x_hplchargespassing;pr_x_sb_gethplcharges;pr_x_scrollsave
RetailBanking/Insurance/c_LoanInsurance.aspx	14	pr_b_getaccountsforloanrepay;pr_b_sbgroupforloanrepay;pr_b_sbsocietyforloanrepay;pr_c_getinsuranceloandet;pr_g_getaccounthead;pr_g_getfde;pr_x_deleteloaninsurance;pr_x_deleteloanrepaybatchxml;pr_x_getloaninsuracne;pr_x_getloaninsurancedetail;pr_x_passloaninsurance;pr_x_passloanrepaybatchxml;pr_x_saveloaninsurance;pr_x_saveloanrepaybatchxml
RetailBanking/Insurance/c_LoanInsuranceClaim.aspx	15	pr_b_getaccountsforloanrepay;pr_b_sbgroupforloanrepay;pr_b_sbsocietyforloanrepay;pr_c_getinsuranceloandet;pr_g_getaccounthead;pr_g_getfde;pr_x_deleteloaninsuranceclaim;pr_x_deleteloanrepaybatchxml;pr_x_getloaninsuracneclaim;pr_x_getloaninsuranceclaimdet;pr_x_loadloaninsurancedata;pr_x_passloaninsuranceclaim;pr_x_passloanrepaybatchxml;pr_x_saveloaninsuranceclaim;pr_x_saveloanrepaybatchxml
RetailBanking/LC/LCApplicationV1.aspx	4	pr_lc_chargespassing;pr_lc_lcamendment;pr_td_bg_getlcclient;pr_x_getaccountsbyclientid
RetailBanking/LC/LCClaimV1.aspx	10	pr_lc_passscrolltran;pr_td_bg_getlcclient;pr_x_bankerchequepassing;pr_x_deletelcclaim;pr_x_getaccountsbyclientid;pr_x_getlcclaimdetails_v1;pr_x_getlctranvoucherpass;pr_x_gettargetcurrencyvalue;pr_x_savebankercheque;pr_x_scrollsave
RetailBanking/LC/LCCollection.aspx	14	pr_lc_billcollectiondelete;pr_lc_billcollectionsave;pr_lc_collectionpass;pr_lc_collectionrealise;pr_lc_collectionrealisepass;pr_lc_collectionreturn;pr_lc_lccollectionamendment;pr_x_getlcamendmentpassing;pr_x_getlccollectiondetails;pr_x_getlcnumberlist;pr_x_gettargetcurrencyvalue;pr_x_lccollectionreturnpass;pr_x_sb_getlcamendmentpassing;pr_x_sb_getlccollection
RetailBanking/LC/LCPurchase.aspx	10	pr_b_getcreditaccountnumber;pr_b_getdebitaccountnumber;pr_x_getlccollectionpurchase;pr_x_getlcpurchasevoucherentry;pr_x_getlcpurchasevoucherentrydisplay;pr_x_getrsqclearingtransaction;pr_x_lcpurchasesave;pr_x_lcpurchasetran;pr_x_lcpurchasetrans;pr_x_sb_getlcpurchasepassing
RetailBanking/LC/LCTemplate.aspx	4	pr_lc_deletelctemplate;pr_lc_loadlctemplate;pr_lc_saveupdatelctemplate;pr_lc_sb_getlctemplates
RetailBanking/LC/LCTransfer.aspx	2	pr_lc_getlcapplicationfortransfer;pr_lc_savetransferlc
RetailBanking/Legal/lg_ActivityMaster.aspx	1	pr_lg_sb_getsectionname
RetailBanking/Legal/lg_Consultant.aspx	1	pr_lg_sb_getconsultantname
RetailBanking/Legal/lg_Section.aspx	1	pr_lg_sb_getsectionname
RetailBanking/Legal/lg_SuitCase.aspx	5	pr_lg_sb_getcasesuit;pr_lg_sb_getconsultantname;pr_lg_sb_getsectionname;pr_x_getloanandadvanceaccountdailyposition;pr_x_getoverdueamountandnoofinstallment
RetailBanking/Legal/lg_SuitCaseClosing.aspx	3	pr_lg_sb_getcasesuit;pr_lg_sb_getsectionname;pr_lg_sb_suitcasehistory
RetailBanking/Legal/lg_SuitCaseHistory.aspx	3	pr_lg_sb_getcasesuit;pr_lg_sb_getsectionname;pr_lg_sb_suitcasehistory
RetailBanking/MTS/MTS_addOutwardClearingTransaction.aspx	12	pr_b_getjointnames;pr_mts_getmtsaccount;pr_mts_getmtstran;pr_mts_pass_tran;pr_mts_save_api_status;pr_mts_save_tran;pr_util_getnextid;pr_x_chequeprocesscharges;pr_x_chequeprocesschargestrf;pr_x_getlotcreditdate;pr_x_getnextuniquetranseqno;pr_x_gettargetcurrencyvalue
RetailBanking/MTS/MTS_CashTransaction.aspx	25	pr_a_getcashierlimitamount;pr_b_checkrollback;pr_b_updatelinebalance;pr_mts_getmtsaccount;pr_mts_getmtstran;pr_mts_pass_tran;pr_mts_save_api_status;pr_mts_save_tran;pr_mts_sb_getcashtransfertransaction;pr_x_cashierscrolltransaction;pr_x_cashtransaction;pr_x_chargestransaction;pr_x_getchargesamount;pr_x_getservicebranch;pr_x_gettargetcurrencyvalue;pr_x_interbranchrecontransaction;pr_x_interbranchtransaction;pr_x_istokennoused;pr_x_odrecrecovery;pr_x_passibttranloginbr;pr_x_passtransactioncurrency;pr_x_saveibttranloginbranch;pr_x_saveibttrantrfbr;pr_x_transactioncurrency;pr_x_transactionvalidate
RetailBanking/MTS/MTS_Transaction.aspx	7	pr_mts_get_tran_not_sent_to_mts;pr_mts_getmtsaccount;pr_mts_getmtstran;pr_mts_pass_tran;pr_mts_save_api_status;pr_mts_save_tran;pr_mts_sb_gettransaction
RetailBanking/MTS/MTS_TransferTransaction.aspx	17	pr_g_getaccounthead;pr_hd_ibtfundtrfrequestdetails;pr_hd_updatefundtransferstatus;pr_hd_updateguidoffundtransfer;pr_mts_getmtsaccount;pr_mts_getmtstran;pr_mts_pass_tran;pr_mts_save_api_status;pr_mts_save_tran;pr_x_getnextuniquetranseqno;pr_x_gettargetcurrencyvalue;pr_x_odrecrecovery;pr_x_passtransfertransactioncurrency;pr_x_saveanywheretransaction;pr_x_sb_fundtransferrequest;pr_x_sb_getcashtransfertransaction;pr_x_transfertransaction
RetailBanking/npa/b_NPAClassMaster.aspx	2	pr_b_getnpaclassmaster;pr_b_getnpaclassmastername
RetailBanking/npa/b_NPAMaster.aspx	1	pr_b_getnpaclassmastername
RetailBanking/npa/c_NPAAccountSetting.aspx	2	pr_c_sb_getnpaacsetting;pr_x_isnparecordupdateallowed
RetailBanking/npa/x_NPACalculation.aspx	5	pr_c_npacalculationcons;pr_c_npacalculationforemi_v1;pr_p_getloanpurposelist;pr_x_npacalculationsave;pr_x_sb_getnpacalculation
RetailBanking/PAPPS/PAPSS_Exchange_rate.aspx	2	pr_get_papss_charges;pr_x_papss_trans_exch_rate
RetailBanking/PAPPS/Papss_GetAccounts.aspx	6	pr_get_acc_enq_xml;pr_papss_acc_enq_res;pr_papss_get_positions;pr_x_generate_papss_pacs028_xml;pr_x_papss_out_trans_response;pr_x_papss_participant_status
RetailBanking/PAPPS/PAPSS_Inward_Console.aspx	2	pr_papss_iw_pacs008_post_tran;pr_x_papss_iw_process_console
RetailBanking/PAPPS/PAPSS_Inward_Recall.aspx	5	pr_get_iw_recall_accp_pacs004_xml;pr_get_iw_recall_rjct_camt029_xml;pr_papss_iw_pacs004_post_tran;pr_papss_iw_recall_res;pr_x_papss_iw_recall
RetailBanking/PAPPS/PAPSS_Outward_Recall.aspx	5	pr_generate_ow_recall_camt056_xml;pr_papss_iw_pacs008_post_tran;pr_x_papss_iw_process_console;pr_x_papss_ow_recall;pr_x_papss_ow_recall_resp
RetailBanking/PAPPS/PAPSS_Participant.aspx	2	pr_papss_participants;pr_papss_participants_api_response
RetailBanking/PAPPS/PAPSS_Tax_Configuration.aspx	1	pr_x_taxconfig
RetailBanking/PAPPS/PapssMessageConsole.aspx	1	pr_papss_msg_console
RetailBanking/PAPPS/x_PAPSS_Out_Transfer.aspx	16	pr_b_getaccountinquiry;pr_get_acc_enq_xml;pr_get_papss_charges;pr_papss_acc_enq_res;pr_sys_extractvaluefromxml;pr_x_generate_papss_xml;pr_x_get_papss_hold_amt;pr_x_getaccountdetails;pr_x_getpapss_out_trans;pr_x_papps_response_mgmt;pr_x_papss_hold_release_amt;pr_x_papss_out_trans;pr_x_papss_out_trans_response;pr_x_papss_participant_status;pr_x_papss_trans_exch_rate;pr_x_scrollsave
RetailBanking/PAPPS/x_PAPSS_Out_Transfer_reprocess.aspx	6	pr_x_getpapss_out_trans;pr_x_getpapss_out_trans_reprocess;pr_x_papps_save_trans;pr_x_papss_hold_release_amt;pr_x_papss_out_trans;pr_x_papss_out_trans_reprocess
RetailBanking/Printing/DepositSlipPrinting.aspx	8	pr_g_preparename;pr_g_rupeesinwords;pr_tr_getforeignexchangereceiptprint;pr_x_getcashdepositslip;pr_x_getibtdepositslip;pr_x_getibttransferslip;pr_x_getibtwithdrawalslip;pr_x_gettransferslip
RetailBanking/SI/standingInstructionProcessing.aspx	6	pr_x_getstandinginstructionscheduletoexecute;pr_x_savesitranlog;pr_x_siprocess;pr_x_siprocessdelete;pr_x_siprocesspass;pr_x_transaction
RetailBanking/SI/standingInstructionProcessingPopup.aspx	1	pr_x_getstandinginstructionscheduletoexecute
RetailBanking/SI/x_StandingInstruction.aspx	17	pr_x_calculationofservicetaxcommon;pr_x_duplicateservicecharges;pr_x_getnoofexecutedschedule;pr_x_getnoofnonexecutedschedule;pr_x_getrsqdailydepositclientaccountnumber;pr_x_getrsqsipigmyagentno;pr_x_getservicecharges;pr_x_getsibatchdetails;pr_x_getstandinginstructionsch;pr_x_getstandinginstructionschedule;pr_x_gettargetcurrencyvalue;pr_x_sb_getstandinginstruction;pr_x_sicancelpass;pr_x_sidelete;pr_x_sipass;pr_x_sisave;pr_x_siupdate
RetailBanking/SMS/sms_registeredAccount.aspx	6	pr_b_pushsmsmessage;pr_sms_registeredaccount_save;pr_sms_registeredaccount_save_branch;pr_sms_registeredaccountlog_save;pr_sms_renewregaccount_save;pr_sms_sb_getregisteredaccount
RetailBanking/swift/index.aspx	5	pr_apbs_inward_export_return;pr_atm_en_getreportdata;pr_swift_createswiftmessagexmlmt199;pr_swift_processinmsgcaller;pr_swift_processinwardswiftfilexml
RetailBanking/swift/SFTAccStmt.aspx	1	pr_x_getsftaccstmt
RetailBanking/swift/SFTOutTracking.aspx	1	pr_b_sftouttracking
RetailBanking/swift/SFTOutwardRecall.aspx	2	pr_x_sftoutwardrecall;pr_x_sftoutwardresp
RetailBanking/swift/x_SFTBankCode.aspx	2	pr_x_sb_sftbankcode;pr_x_sftbankcode
RetailBanking/swift/x_SFTInward.aspx	2	pr_x_getsftinward;pr_x_processsftinward
RetailBanking/swift/x_SFTOutward.aspx	7	pr_x_getgetchargesforsftow;pr_x_getrsqsipigmyagentno;pr_x_getsftbankcode;pr_x_getsftpurpose;pr_x_sb_getsftoutwardtran;pr_x_sftoutwardresp;pr_x_sftoutwardtran
RetailBanking/swift/x_SFTOutwardCsv.aspx	1	pr_x_sftoutwardcsv
RetailBanking/swift/x_SFTOutwardReversal.aspx	4	pr_x_sb_getsftoutwardtranrev;pr_x_sftoutwardtranrev;pr_x_sftoutwardtranrevauth;pr_x_sftoutwardtranrevdet
RetailBanking/TDBG/TD_BG_Client.aspx	3	pr_td_bg_getclientdetails;pr_td_sb_getbgclient;pr_x_scrollsave
RetailBanking/TDBG/TD_Bg_ClientRenewal.aspx	5	pr_bg_sb_getbgclientname;pr_bg_sb_getclientreneval;pr_td_bg_sb_getbgclientname;pr_td_bg_sb_getclientreneval;pr_x_scrollsave
RetailBanking/TDBG/Td_bg_Close.aspx	6	pr_bg_passscrolltran;pr_bg_sb_getbgclose;pr_bg_sb_getbgissuedetails;pr_td_bg_passscrolltran;pr_td_bg_sb_getbgissuedetails;pr_x_scrollsave
RetailBanking/TDBG/Td_Bg_IssueRenewalTran.aspx	7	pr_bg_getissuerenewalunpasstran;pr_bg_sb_getbgclientname;pr_bg_sb_getbgissuedetails;pr_bg_sb_getbgissueforrevoke;pr_td_bg_gettdbgissuedetails;pr_td_bg_sb_getbgissueforrevoke;pr_x_scrollsave
RetailBanking/TDBG/Td_Bg_IssueV1.aspx	10	pr_bg_passscrolltran;pr_bg_sb_getbgissue;pr_td_bg_getclientlimit;pr_td_bg_getclientlimitn;pr_td_bg_gethoadjustmentaccount;pr_td_bg_passscrolltran;pr_td_bg_sb_getbgclientname;pr_td_bg_sb_getissue;pr_x_gettargetcurrencyvalue;pr_x_scrollsave
RetailBanking/TDBG/Td_Bg_LienNotationRelease.aspx	5	pr_td_bg_getcashliendetails;pr_td_bg_getfdlienaccount;pr_td_bg_savefdlieninfolog;pr_td_bg_sb_getbgclientname;pr_td_bg_sb_getbgissueforrevoke
RetailBanking/TDBG/TD_BG_PaymentToBeneficiary.aspx	9	pr_td_bg_gethoadjustmentaccount;pr_td_bg_getrevoketran;pr_td_bg_passscrolltran;pr_td_bg_saverevokepaymentdetails;pr_td_bg_sb_getrevokepaymentdetails;pr_x_bankerchequepassing;pr_x_gettargetcurrencyvalue;pr_x_savebankercheque;pr_x_scrollsave
RetailBanking/TDBG/Td_Bg_RevokeTran_v1.aspx	13	pr_bg_passscrolltran;pr_bg_sb_getbgclientname;pr_bg_sb_getbgissueforrevoke;pr_bg_sb_getbgrevoketran;pr_td_bg_gethoadjustmentaccount;pr_td_bg_getrevoketransactiondetails;pr_td_bg_passscrolltran;pr_td_bg_saverevoketran;pr_td_bg_sb_getbgclientname;pr_td_bg_sb_getbgissueforrevoke;pr_td_bg_sb_gettdbgrevoketran;pr_x_gettargetcurrencyvalue;pr_x_scrollsave
RetailBanking/Transaction/AccountSearchByClient.aspx	1	pr_x_getaccountsbyclientid
RetailBanking/Transaction/AccountSearchByClientName.aspx	1	pr_x_getaccountsbyclientname
RetailBanking/Transaction/b_AccountClosingTransaction.aspx	13	pr_b_lockunlockaccount;pr_x_closedailydepositaccount;pr_x_dailydepositinterestcalculation;pr_x_deletetransaction;pr_x_getclientaccclosingtran;pr_x_getdayscomp_acccltran;pr_x_getrsqdailydepositagentnumber;pr_x_getrsqdailydepositclientaccountnumber;pr_x_istokennoused;pr_x_passtransaction;pr_x_pigmypenalty;pr_x_sb_getagentclienttransactionforclosing;pr_x_transaction
RetailBanking/Transaction/b_AccountClosingTransactionNew.aspx	18	pr_x_dailydepositinterestcalculation;pr_x_deletepigmyclientaccclose;pr_x_getdayscomp_acccltran;pr_x_getispigmyclientlienacno;pr_x_getlastinterestchron;pr_x_getpigmyaccclosingtran;pr_x_getpigmyclientdetails;pr_x_getrsqdailydepositagentnumber;pr_x_getrsqdailydepositclientaccountnumber_new;pr_x_getrsqpigmyclientaccno;pr_x_getrsqpigmydepositclientaccno;pr_x_ispigmytokennoused;pr_x_passpigmyclientaccclose;pr_x_pigmyclientpenalty;pr_x_pigmyinterestcalculation;pr_x_pigmyinterestprematurecal;pr_x_savepigmyclientaccclose;pr_x_sb_getpigmytransactionforclosing
RetailBanking/Transaction/b_Chequeacknowledgement.aspx	13	pr_a_getbranchesforrm;pr_b_deletechequeacknowledge;pr_b_getaccountforchqentry;pr_b_getbatchdisbdetailv1;pr_b_getbatchforchequeacknoledge;pr_b_getbranch;pr_b_getchequeacknoledg;pr_b_getfundtransfer;pr_b_savechequeacknowledge;pr_h_getemployeeslist;pr_x_fundtransferpassing;pr_x_getaccounts;pr_x_sb_getchequeacknoledgment
RetailBanking/Transaction/b_DailyDepositInterestCalculationNew.aspx	3	pr_x_getpigmyproduct;pr_x_pigmyinterestcalculation;pr_x_pigmyinterestposting
RetailBanking/Transaction/CashTransaction.aspx	27	pr_a_getcashierlimitamount;pr_b_checkrollback;pr_b_getcashierscrollinfo;pr_b_gettrancharges;pr_b_holdchargesamt;pr_b_updatelinebalance;pr_x_cashierscrolltransaction;pr_x_cashtransaction;pr_x_chargestranbulkibt;pr_x_chargestranbulklogin;pr_x_chargestransaction;pr_x_getchargesamount;pr_x_getservicebranch;pr_x_gettargetcurrencyvalue;pr_x_interbranchrecontransaction;pr_x_interbranchtransaction;pr_x_istokennoused;pr_x_odrecrecovery;pr_x_passibttranloginbr;pr_x_passtransactioncurrency;pr_x_saveibttranloginbranch;pr_x_saveibttrantrfbr;pr_x_sb_getcashtransfertransaction;pr_x_transactioncurrency;pr_x_transactionvalidate;pr_x_updatecounterchequestatus;pr_x_validatecountercheque
RetailBanking/Transaction/DirectDCReturnFile.aspx	1	pr_ach_10rcp_create_return_file
RetailBanking/Transaction/DirectDDReturnFile.aspx	1	pr_ach_20rcp_create_return_file
RetailBanking/Transaction/FundTransferRequestPopUp.aspx	1	pr_hd_intrafundtrfdetails
RetailBanking/Transaction/ibt_headmap.aspx	2	pr_b_saveibtheadmapping;pr_b_sbibtheadmapping
RetailBanking/Transaction/RelatedAccountSearchByClient.aspx	1	pr_g_getaccountsbyglobalclientid
RetailBanking/Transaction/RTGSTransfer.aspx	4	pr_hd_allrequestdetails;pr_x_getrtgsrequests;pr_x_interbranchtransaction;pr_x_rtgstransactionatho
RetailBanking/Transaction/TransferTransaction.aspx	14	pr_b_gettrancharges;pr_hd_ibtfundtrfrequestdetails;pr_hd_updatefundtransferstatus;pr_hd_updateguidoffundtransfer;pr_x_chargestranbulkibt;pr_x_chargestranbulklogin;pr_x_getnextuniquetranseqno;pr_x_gettargetcurrencyvalue;pr_x_odrecrecovery;pr_x_passtransfertransactioncurrency;pr_x_saveanywheretransaction;pr_x_sb_fundtransferrequest;pr_x_sb_getcashtransfertransaction;pr_x_transfertransaction
RetailBanking/Transaction/x_AgentDepositTransaction.aspx	10	pr_b_lockunlockaccount;pr_g_applypigmynewtheme;pr_x_dailydepositinterestcalculation;pr_x_deletetransaction;pr_x_getrsqdailydepositagentnumber;pr_x_getrsqdailydepositclientaccountnumber;pr_x_getrsqpigmyclientaccno;pr_x_passtransaction;pr_x_sb_getagentdeposittransaction;pr_x_transaction
RetailBanking/Transaction/x_BatchTransactionTemplate.aspx	4	pr_g_getaccounthead;pr_x_getrsqtransactionaccountnumber;pr_x_gettargetcurrencyvalue;pr_x_sb_getbatchtransactiontemplate
RetailBanking/Transaction/x_BranchToBranchTransactionCash_v1.aspx	24	pr_a_getcashierlimitamount;pr_a_getiscashieruser;pr_b_getjointnames;pr_b_iscardissue;pr_b_lockunlockaccount;pr_x_cashierscrolltransaction;pr_x_checkddpoinstrumentno;pr_x_deletetransaction;pr_x_getaccountdetails;pr_x_getibtchequeused;pr_x_getrsqdailydepositclientaccountnumber;pr_x_getservicebranch;pr_x_gettargetcurrencyvalue;pr_x_ispresentservicebranch;pr_x_istokennoused;pr_x_passibttranloginbr;pr_x_passtransaction;pr_x_saveibttrandrbranchv1;pr_x_saveibttranloginbranch;pr_x_saveibttrantrfbr;pr_x_sb_getfundtransfertrananywhere;pr_x_sb_gettransaction;pr_x_transaction;pr_x_transactionvalidate
RetailBanking/Transaction/x_BranchToBranchTransactionTrf.aspx	29	pr_b_getjointnames;pr_b_isaccountlocked;pr_b_lockunlockaccount;pr_hd_ibtfundtrfrequestdetails;pr_hd_updatefundtransferstatus;pr_hd_updateguidoffundtransfer;pr_x_checkddpoinstrumentno;pr_x_deletetransaction;pr_x_getaccountdetails;pr_x_getibtchequeused;pr_x_getrsqdailydepositclientaccountnumber;pr_x_getrsqtransactionaccountnumber;pr_x_getservicebranch;pr_x_gettargetcurrencyvalue;pr_x_ispresentservicebranch;pr_x_passtransaction;pr_x_saveibttran;pr_x_saveibttrancrbranchv1;pr_x_saveibttrandrbranchv1;pr_x_saveibttranloginbranch;pr_x_saveibttranservicebranch;pr_x_saveibttranthisbranchv1;pr_x_saveibttrftransaction;pr_x_savetransferibtchargeslogin;pr_x_savetrftransactioninibt;pr_x_sb_getfundtransfertrananywhere;pr_x_sb_gettransfer;pr_x_transaction;pr_x_transactionvalidate
RetailBanking/Transaction/x_BranchToBranchTransactionTrf_v1.aspx	30	pr_b_getjointnames;pr_b_isaccountlocked;pr_b_lockunlockaccount;pr_hd_ibtfundtrfrequestdetails;pr_hd_updatefundtransferstatus;pr_hd_updateguidoffundtransfer;pr_x_checkddpoinstrumentno;pr_x_deletetransaction;pr_x_getaccountdetails;pr_x_getibtchequeused;pr_x_getrsqdailydepositclientaccountnumber;pr_x_getrsqtransactionaccountnumber;pr_x_getservicebranch;pr_x_gettargetcurrencyvalue;pr_x_ispresentservicebranch;pr_x_odrecrecovery;pr_x_passtransaction;pr_x_saveibttran;pr_x_saveibttrancrbranchv1;pr_x_saveibttrandrbranchv1;pr_x_saveibttranloginbranch;pr_x_saveibttranservicebranch;pr_x_saveibttranthisbranchv1;pr_x_saveibttrftransaction;pr_x_savetransferibtchargeslogin;pr_x_savetrftransactioninibt;pr_x_sb_getfundtransfertrananywhere;pr_x_sb_gettransfer;pr_x_transaction;pr_x_transactionvalidate
RetailBanking/Transaction/x_CashBatchTransaction.aspx	16	pr_a_iscashier;pr_x_batchtransactionupdate;pr_x_cashbatchtransactiondelete;pr_x_cashbatchtransactionpass;pr_x_cashbatchtransactionsave;pr_x_cashierscrollbatchtransaction;pr_x_checkincashierscroll;pr_x_countbatchtranbybatchid;pr_x_deletetransaction;pr_x_getsbintpayable;pr_x_gettargetcurrencyvalue;pr_x_passtransaction;pr_x_sb_getcashbatchtransaction;pr_x_sb_getmanytomanytransaction;pr_x_scrollsave;pr_x_transaction
RetailBanking/Transaction/x_DailyTransferEntry.aspx	5	pr_b_updateledgeragentclientbalance;pr_x_dailytransferclientpassing;pr_x_getrsqdailydepositagentnumber;pr_x_getrsqdailydepositclientaccountnumber;pr_x_sb_getdailytransferpassing
RetailBanking/Transaction/x_EcsMandate.aspx	4	pr_b_getrsqecscompany;pr_b_getrsqecstype;pr_x_generateecsschedule;pr_x_getrsqtransactionaccountnumber
RetailBanking/Transaction/x_EcsTransactionV1.aspx	6	pr_x_ecstransactionexecuation;pr_x_getecsmandatedetails;pr_x_getecstransactiondetails;pr_x_getecstransactionsummary;pr_x_getrsqecstransaction;pr_x_getsumecstypeamount
RetailBanking/Transaction/x_ExcessWithdrawal.aspx	2	pr_x_sb_excesswithdrawal;pr_x_scrollsave
RetailBanking/Transaction/x_FDRAutoTransferTransaction.aspx	21	pr_b_getdaydifference;pr_b_rdfdreadyrecknor;pr_b_rdfdreadyrecknor_v3;pr_g_getmonthsdays;pr_g_preparename;pr_x_getcashcontroltranno;pr_x_getdatedifference;pr_x_getdaysdifference;pr_x_getfdautotransferinterest;pr_x_getinterestdependonperiod;pr_x_getledgertdsamount;pr_x_getmatintamount;pr_x_getrsqfdrautotransferaccountnumber;pr_x_getrsqtransactionaccountnumber;pr_x_gettdscalculateamount;pr_x_passfdrautotransfertransaction;pr_x_passtransaction;pr_x_savefdautotransfer;pr_x_sb_getfdrautotransfertransaction;pr_x_transaction;pr_x_transactioncurrency
RetailBanking/Transaction/x_FDRAutoTransferTransactionV1.aspx	7	pr_g_getmonthsdays;pr_x_calculationofservicetaxcommon;pr_x_getfdprematuredetails;pr_x_getrsqtransactionaccountnumber;pr_x_passfdautotransfertransactionv1;pr_x_savefdautotransferv1;pr_x_sb_getfdrautotransfertransaction
RetailBanking/Transaction/x_FDRenewalTransaction.aspx	22	pr_b_getdaydifference;pr_b_getenddateofyear;pr_b_rdfdreadyrecknor;pr_b_rdfdreadyrecknor_v3;pr_g_getyearsmonthsdays;pr_x_deletetransaction;pr_x_fdautotransfer;pr_x_fdrvalidate;pr_x_getdatedifference;pr_x_getdaysdifference;pr_x_getfdautotransferdetails;pr_x_getfdautotransferinterest;pr_x_getinterestdependonperiod;pr_x_getledgertdsamount;pr_x_getrsqfdrautotransferaccountnumber;pr_x_getrstranaccnofdrenewal;pr_x_passtransaction;pr_x_postfdmatrenewaltran;pr_x_savefdautotransfer;pr_x_sb_getfdrautotransfertransaction;pr_x_sb_getfdrenewaltran;pr_x_transaction
RetailBanking/Transaction/x_FDRMaturedButNotPaidPayment.aspx	26	pr_b_getdaydifference;pr_b_getenddateofyear;pr_b_rdfdreadyrecknor_v3;pr_g_getyearsmonthsdays;pr_x_countcashfdmatbutnotpaid;pr_x_counttrffdmatbutnotpaid;pr_x_deletefdmatbutnotpaidpayment;pr_x_deletetransaction;pr_x_fdautotransfer;pr_x_fdmatbutnotpaidpaydetails;pr_x_fdmatbutnotpaidpaymentvoucher;pr_x_getdatedifference;pr_x_getdaysdifference;pr_x_getfdautotransferdetails;pr_x_getfdautotransferinterest;pr_x_getfdmaturednotpaiddet;pr_x_getinterestdependonperiod;pr_x_getledgertdsamount;pr_x_getrsqfdmaturebutnotpaid;pr_x_getrsqfdrautotransferaccountnumber;pr_x_passtransaction;pr_x_postfdmaturednotpaidpayment;pr_x_savefdmatbutnotpaidpayment;pr_x_sb_getfdmatbutnotpaidpayment;pr_x_sb_getfdrautotransfertransaction;pr_x_transaction
RetailBanking/Transaction/x_InvestmentRenewalTransaction.aspx	8	pr_x_deleteinvrenewaltran;pr_x_getdebtinvestmentdetails;pr_x_getinvrenewaltrandetails;pr_x_getinvrenewaltranvoucherpass;pr_x_passinvestmentrenewaltran;pr_x_saveinvestmentrenewaltran;pr_x_sb_getinvrenewaltran;pr_x_sb_getinvtran
RetailBanking/Transaction/x_InvestmentTransaction.aspx	9	pr_b_getinvinfodetails;pr_x_deleteinvtran;pr_x_getinvestmentdetails;pr_x_getinvtrandetails;pr_x_getinvtranvoucherpass;pr_x_passinvestmenttran;pr_x_saveinvestmenttran;pr_x_sb_getfdrautotransfertransaction;pr_x_sb_getinvtran
RetailBanking/Transaction/x_LockRelease.aspx	3	pr_b_lockunlockaccount;pr_b_unlockaccount;pr_x_getrsqlockreleaseaccountnumber
RetailBanking/Transaction/x_ManyToManyTransaction.aspx	14	pr_b_getjointnames;pr_g_getaccounthead;pr_x_batchtranibt;pr_x_deletetransaction;pr_x_getaccountdetails;pr_x_getaccountheadbalance;pr_x_getaddlimitsanctionamount;pr_x_getcurrdrtranamountbatch;pr_x_getrsqtransactionaccountnumber;pr_x_gettargetcurrencyvalue;pr_x_ischeckaccnoexist;pr_x_passtransaction;pr_x_sb_getmanytomanytransaction;pr_x_transaction
RetailBanking/Transaction/x_ManyToManyTransaction_Adj.aspx	17	pr_b_getjointnames;pr_g_getaccounthead;pr_g_getaccountheadadj;pr_x_getaccountdetails;pr_x_getaccountheadbalance;pr_x_getaddlimitsanctionamount;pr_x_getcurrdrtranamountbatch;pr_x_getmanytomanytransactiondetails;pr_x_getmanytomanytransactiondetailsadj;pr_x_getrsqtransactionaccountnumber;pr_x_gettargetcurrencyvalue;pr_x_interbranchtransaction;pr_x_ischeckaccnoexist;pr_x_loadmanytomanyadjtran;pr_x_sb_getmanytomanytransaction;pr_x_sb_getmanytomanytransactionadj;pr_x_transaction_adjbatch
RetailBanking/Transaction/x_ManyToManyTransaction_v1.aspx	15	pr_b_getjointnames;pr_g_getaccounthead;pr_x_deletetransaction;pr_x_getaccountdetails;pr_x_getaccountheadbalance;pr_x_getaddlimitsanctionamount;pr_x_getcurrdrtranamountbatch;pr_x_getnextuniquetranseqno;pr_x_getrsqtransactionaccountnumber;pr_x_gettargetcurrencyvalue;pr_x_interbranchtransaction;pr_x_ischeckaccnoexist;pr_x_passtransaction;pr_x_sb_getmanytomanytransaction;pr_x_transaction
RetailBanking/Transaction/x_MICRECSGenerateFileData.aspx	1	pr_x_getecsmandatedata
RetailBanking/Transaction/x_MICREcsMandate.aspx	7	pr_b_getrsqecscompany;pr_b_getrsqecstype;pr_x_generateecsschedule;pr_x_generateglobalecsschedule;pr_x_getecsfirstdatedurationandamount;pr_x_getrsqtransactionaccountnumber;pr_x_sb_getglobalecsmandate
RetailBanking/Transaction/x_MICRECSPaymentProcessFile.aspx	1	pr_ach_20rcp_save_file
RetailBanking/Transaction/x_MICRECSPaymentTransactionPosting.aspx	7	pr_ach_20rcp_getdataforupdate;pr_ach_20rcp_getdataforupdatestatus;pr_ach_20rcp_tran_at_customer;pr_ach_20rcp_tran_at_ho;pr_ach_20rcp_tran_get_xml;pr_ach_20rcp_tran_status_at_master;pr_x_getservicebranch
RetailBanking/Transaction/x_MICRECSProcessFileData.aspx	2	pr_x_ecstransactioninformationdata;pr_x_sb_getdailydeposittransaction
RetailBanking/Transaction/x_MICRECSProcessFileData_v1.aspx	3	pr_ach_10rcp_save_file;pr_x_saveecsfiledata;pr_x_sb_getdailydeposittransaction
RetailBanking/Transaction/x_MICRECSTransactionPosting.aspx	7	pr_ach_10rcp_getdataforupdate;pr_ach_10rcp_getdataforupdatestatus;pr_ach_10rcp_tran_at_customer;pr_ach_10rcp_tran_at_ho;pr_ach_10rcp_tran_get_xml;pr_ach_10rcp_tran_status_at_master;pr_x_getservicebranch
RetailBanking/Transaction/x_OtherAccountPigmyTransaction.aspx	5	pr_x_getrsqdailydepositagentnumber;pr_x_getrsqdailydepositclientaccountnumber;pr_x_otheraccpigmytran;pr_x_passotheraccpigmytran;pr_x_sb_getotheraccpigmytran
RetailBanking/Transaction/x_ProfitLossSummation.aspx	2	pr_b_profitlosscalculation;pr_b_profitlossposting
RetailBanking/Transaction/x_SbCaRdAccountClosing.aspx	5	pr_x_calculationofservicetaxcommon;pr_x_savinginterestcalculationv2;pr_x_sb_getsbcardaccclosing;pr_x_sbcardaccclosingpassing;pr_x_sbcardaccclosingsave
RetailBanking/Transaction/x_SbCaRdAccountClosing_Islamic.aspx	5	pr_x_calculationofservicetaxcommon;pr_x_savinginterestcalculationv2_islamic;pr_x_sb_getsbcardaccclosing_islamic;pr_x_sbcardaccclosingpassing_islamic;pr_x_sbcardaccclosingsave_islamic
RetailBanking/Transaction/x_SbCaRdAccountClosing_V1.aspx	5	pr_x_calculationofservicetaxcommon;pr_x_savinginterestcalculationv2;pr_x_sb_getsbcardaccclosing;pr_x_sbcardaccclosingpassing;pr_x_sbcardaccclosingsave
RetailBanking/Transaction/x_SbCaRdAccountClosingV1.aspx	14	pr_x_areallduesrecoverablewhileclosing;pr_x_caaccountclosing;pr_x_caaccountclosingpassing;pr_x_calculationofservicetaxcommon;pr_x_currentaccountinterestaccural;pr_x_currentpenalinterestaccrual;pr_x_deletecaaccountclosure;pr_x_getaccountdetails;pr_x_getchargesamount;pr_x_sb_getsbcardaccclosingv1;pr_x_sbcaaccclosingpaybycash;pr_x_sbcaintaccural;pr_x_sbcardaccclosingpassing;pr_x_sbcardaccclosingsavev1
RetailBanking/Transaction/x_TranReversal.aspx	4	pr_x_gettranreversaldetails;pr_x_sb_gettranreversaldetails;pr_x_tranreversal;pr_x_tranreversalauth
RetailBanking/Transaction/x_Transaction.aspx	20	pr_b_getjointnames;pr_b_getlimitsanction;pr_b_iscardissue;pr_c_ccintproductcalculationwithlimit;pr_c_getlastdateofdisburse;pr_x_cashierscrolltransaction;pr_x_checkddpoinstrumentno;pr_x_deletetransaction;pr_x_getaccountdetails;pr_x_getrsqdailydepositclientaccountnumber;pr_x_gettargetcurrencyvalue;pr_x_gettransactiondebitamount;pr_x_gettransactiondebitamount_v1;pr_x_istokennoused;pr_x_passtransaction;pr_x_passtransactioncurrency;pr_x_sb_getaccholdingamount;pr_x_sb_gettransaction;pr_x_transaction;pr_x_transactioncurrency
RetailBanking/Transaction/x_TransactionOtherDetails.aspx	26	pr_a_getuseraccessrights;pr_b_getcardinformation;pr_b_getglimitsanctiondetail;pr_b_getpigmyintcommchartlink;pr_c_getamortizationchart;pr_c_getemilogdetails;pr_c_securityledger;pr_c_securityledgerdetails;pr_d_rdpenaltyinstallment;pr_sh_getledger;pr_x_getaccountnumber;pr_x_getcounterchequedetails;pr_x_getcustomercontactnumber;pr_x_getecsschedulechart;pr_x_getfdrenewalinfo;pr_x_getglobalecsschedulechart;pr_x_getledgerinvestment;pr_x_getlegviewclientaccno;pr_x_getlegviewclientaccnoinfo;pr_x_getpigmyclientintchart;pr_x_getrsqdailydepositagentnumber;pr_x_getsidetails;pr_x_getunappliedledger;pr_x_getunclearedamountdetails;pr_x_r_getcustomernamebychartofaccount;pr_x_r_ledger
RetailBanking/Transaction/x_transactionv1.aspx	10	pr_a_getcashierlimitamount;pr_x_deletetransaction;pr_x_getaccountdetails;pr_x_gettargetcurrencyvalue;pr_x_gettranforreversal;pr_x_gettransactiondetails;pr_x_r_unpasstransaction;pr_x_sb_gettransactionv1;pr_x_transactionanywheresave;pr_x_transactionquick
RetailBanking/Transaction/x_transactionv1_new.aspx	11	pr_a_getcashierlimitamount;pr_x_deletetransaction;pr_x_getaccountdetails;pr_x_gettargetcurrencyvalue;pr_x_gettranforreversal;pr_x_gettransactiondetails;pr_x_r_unpasstransaction;pr_x_sb_gettransactionv1;pr_x_transactionanywheresave;pr_x_transactionquick;pr_x_transactionquick_new
RetailBanking/Transaction/x_TransactionV2.aspx	19	pr_b_getjointnames;pr_b_getlimitsanction;pr_b_iscardissue;pr_c_ccintproductcalculationwithlimit;pr_c_getlastdateofdisburse;pr_x_calculationofservicetaxcommon;pr_x_checkddpoinstrumentno;pr_x_deletetransaction;pr_x_getrsqdailydepositclientaccountnumber;pr_x_gettargetcurrencyvalue;pr_x_gettransactiondebitamount;pr_x_gettransactiondebitamount_v1;pr_x_istokennoused;pr_x_passtransaction;pr_x_passtransactioncurrency;pr_x_sb_getaccholdingamount;pr_x_sb_gettransaction;pr_x_transaction;pr_x_transactioncurrency
RetailBanking/Transaction/x_TransferV2.aspx	23	pr_b_getjointnames;pr_b_isaccountlocked;pr_b_lockunlockaccount;pr_hd_ibtfundtrfrequestdetails;pr_hd_updatefundtransferstatus;pr_hd_updateguidoffundtransfer;pr_x_checkddpoinstrumentno;pr_x_deletetransaction;pr_x_getaccountdetails;pr_x_getrsqdailydepositclientaccountnumber;pr_x_getrsqtransactionaccountnumber;pr_x_gettargetcurrencyvalue;pr_x_gettransactiondebitamount;pr_x_gettransactiondebitamount_v1;pr_x_passtransaction;pr_x_passtransfertransactioncurrency;pr_x_sb_fundtransferreqtran;pr_x_sb_fundtransferrequest;pr_x_sb_getaccholdingamount;pr_x_sb_gettransaction;pr_x_sb_gettransfer;pr_x_transaction;pr_x_transfertransactioncurrency
RetailBanking/Transaction/FdTransactions/x_FdDepositTransaction.aspx	12	pr_d_getfdinformation;pr_g_getheadcodename;pr_g_preparename;pr_x_deletefddeposittran;pr_x_getfddeposittrandetails;pr_x_getfddeposittranvoucher;pr_x_getfdintamount;pr_x_getinvtranvoucherpass;pr_x_passfddeposittran;pr_x_savefddeposittransaction;pr_x_sb_getfddeposittran;pr_x_sb_getinvtran
RetailBanking/Transaction/FdTransactions/x_FdInterestPaymentCash.aspx	15	pr_d_getfdinformation;pr_g_getheadcodename;pr_x_deletefdintpaycash;pr_x_getfdintamountacwise;pr_x_getfdintamountacwise_islamic;pr_x_getfdintpaycashvoucher;pr_x_getfdintpaytrandetails;pr_x_getfdpaymentschedule;pr_x_getinvtranvoucherpass;pr_x_getsaveintpaycash;pr_x_passfdintpaycashtran;pr_x_savefdintpaycashtran;pr_x_sb_getfddeposittran;pr_x_sb_getfdintpaycashtran;pr_x_sb_getinvtran
RetailBanking/Transaction/FdTransactions/x_FdInterestPostOtherBankAccount.aspx	20	pr_b_getbkaccinformation;pr_g_getaccounthead;pr_g_getheadcodename;pr_g_preparename_nospace;pr_x_deletefdintpaycash;pr_x_deletefdinttoothbkacc;pr_x_getdatefortran;pr_x_getfdintpaycashvoucher;pr_x_getfdinttoothbkaccsche;pr_x_getfdinttoothbkdetail;pr_x_getfdinttoothbkdetail_xl;pr_x_getmaxdatefdintothbkacc;pr_x_gettdscalculateamount;pr_x_postfdintotherbkaccount;pr_x_savefdintotherbkaccount;pr_x_savefdintpaycashtran;pr_x_sb_getfdintpaycashtran;pr_x_sb_getfdinttoothbkacc;pr_x_scrollsave;pr_x_transaction
RetailBanking/Transaction/FdTransactions/x_FDIntPayCheque.aspx	7	pr_g_sb_getfdintchequeacc;pr_x_getaccounts;pr_x_getfdintchequeacc;pr_x_getfdintchequeacc_islamic;pr_x_savefdintchequeacc;pr_x_savefdintchequeacc_islamic;pr_x_scrollsave
RetailBanking/Transaction/FdTransactions/x_ManageFDPayCheque.aspx	4	pr_g_sb_getfdintchequeacc;pr_x_getaccounts;pr_x_getfdintchequeacc;pr_x_savefdintchequeacc
RetailBanking/Transaction/userControls/ClientInfo.ascx	1	pr_x_getaccountdetails
RetailBanking/Transaction/userControls/ReceiptPayment.ascx	3	pr_x_getcashierscrolldetailsv1;pr_x_getdenominationwithcashieropening;pr_x_getdenominationwithchestcashieropening
RetailBanking/Utilities/CentralizedDayBegin.aspx	3	pr_x_daybegin;pr_x_daybeginlogsave;pr_x_getdaybeginbranchlist
RetailBanking/Utilities/ClientAccountsInfo.aspx	1	pr_uc_getclientaccounts
RetailBanking/Utilities/DayEndCenJS.aspx	1	pr_x_dayendbulkinsertjs
RetailBanking/Utilities/DayendLog.aspx	1	pr_b_deletedayendparamlog
RetailBanking/YearEndActivities/BalanceTransfer.aspx	1	pr_g_carryforwardglopbalbranch
Treasury/FX/tr_FDTransferTransaction.aspx	17	pr_b_getdaydifference;pr_b_rdfdreadyrecknor_v3;pr_g_getyearsmonthsdays;pr_tr_deletefdtransfer;pr_tr_getcalcfdintshow;pr_tr_getfdautotransferdetails;pr_tr_getfdautotransferinterest;pr_tr_getfdpremature;pr_tr_getfdtransfertransaction;pr_tr_getfdtransfertransactionvoucher;pr_tr_passfdtransfertransaction;pr_tr_savefdautotransfer;pr_tr_sb_getfdtransaction;pr_x_getfdautotransferdetails;pr_x_getledgertdsamount;pr_x_getrsqfdrautotransferaccountnumber;pr_x_sb_getinvtran
Treasury/FX/tr_FIDealSchedule.aspx	2	pr_tr_generatefidealschedule;pr_tr_getdealmmfisheduledetails
Treasury/FX/tr_FxDealInput.aspx	5	pr_sb_getdealinputs;pr_sb_getpassdealinputs;pr_x_deletedealinputs;pr_x_gettargetcurrencyvalue;pr_x_passdealfx
Treasury/FX/tr_FXMonitoring.aspx	2	pr_x_getdealwiseposition;pr_x_getpositionmonitoring
Treasury/FX/tr_FxTransferPayment_v1.aspx	9	pr_x_deleteforexpaytran;pr_x_forexpaytranauth;pr_x_getaccountheadbalance;pr_x_getrsqsipigmyagentno;pr_x_getscrollforfxtransfer;pr_x_gettargetcurrencyvalue;pr_x_saveforexpaytran;pr_x_sb_getforexpaymenttran;pr_x_sb_getforextran
Treasury/FX/tr_FxTransferReceipt_v1.aspx	8	pr_x_deleteforextran;pr_x_forextran;pr_x_forextranpass;pr_x_getaccountdetails;pr_x_getaccountheadbalance;pr_x_getscrollforfxtransfer;pr_x_gettargetcurrencyvalue;pr_x_sb_getforextran
Treasury/FX/tr_GovtSecDealInput.aspx	5	pr_sb_getsecdealinputs;pr_sb_getsecpassdealinputs;pr_tr_deletesecdealinputs;pr_x_gettargetcurrencyvalue;pr_x_passdealgovtsec
Treasury/FX/tr_MMFIDealInput.aspx	8	pr_sb_getdealmmfi;pr_sb_getpassdealmmfi;pr_tr_generatefidealschedule;pr_tr_validateclientlimit;pr_tr_validatedealerlimit;pr_x_deletemmfidealinputs;pr_x_gettargetcurrencyvalue;pr_x_passdealmmfi
Treasury/FX/tr_SharesDealInput.aspx	6	pr_sb_getsharedealinputs;pr_sb_getsharepassdealinputs;pr_tr_deletesharesdealinputs;pr_tr_getsharesavailabledetails;pr_x_gettargetcurrencyvalue;pr_x_passdealshares
Treasury/FX/x_ForexTradingTran.aspx	5	pr_x_forextradingtran;pr_x_getfxtradingtrandetails;pr_x_getrsqsipigmyagentno;pr_x_sb_getforextradingtran;pr_x_scrollsave
Treasury/Masters/g_Currency.aspx	1	pr_g_sb_currencyselect
Treasury/Masters/tr_BankAccounts.aspx	1	pr_tr_sb_getbankaccount
Treasury/Masters/tr_Broker.aspx	1	pr_tr_sb_getbrokerdetails
Treasury/Masters/tr_ClientLimit.aspx	1	pr_tr_sb_getclientlimit
Treasury/Masters/tr_CurrencyGLMapping.aspx	1	pr_tr_sb_getcurrencyglmapping
Treasury/Masters/tr_Customer.aspx	1	pr_tr_sb_getcustomer
Treasury/Masters/tr_DealersAddLimit.aspx	1	pr_tr_sb_getdealeraddlimit
Treasury/Masters/tr_DealersLimit.aspx	1	pr_tr_sb_getdealerlimit
Treasury/Masters/tr_DealType.aspx	1	pr_tr_sb_getdealtype
Treasury/Masters/tr_GovtSecDealInput.aspx	5	pr_sb_getsecdealinputs;pr_sb_getsecpassdealinputs;pr_tr_deletesecdealinputs;pr_x_gettargetcurrencyvalue;pr_x_passdealgovtsec
Treasury/Masters/tr_Holiday.aspx	1	pr_tr_sb_getholiday
Treasury/Masters/tr_Product.aspx	1	pr_tr_sb_getproduct
Treasury/Masters/tr_RateReasonabilitySpread.aspx	1	pr_tr_sb_getspreaddetails
UserControls/Alerts.ascx	3	pr_al_getalertsmapped;pr_al_showalerts;pr_al_showuserallalerts
UserControls/ClientAccountsInfo.ascx	1	pr_uc_getclientaccounts
UserControls/DDPO.ascx	8	pr_b_getdebitaccountnumber;pr_g_getaccounthead;pr_x_calculationofservicetaxcommon;pr_x_dddelete;pr_x_ddnumbervalidation;pr_x_ddpass;pr_x_ddsave;pr_x_getaccountdetailsforddpo
UserControls/RecordSelector.aspx	2	pr_util_execqueryforrecsel;pr_x_getaccounts
UserControls/RecordSelectorV2.aspx	3	pr_util_execqueryforrecsel;pr_util_execqueryforrecselv2;pr_x_getaccounts
UserControls/SecurityInfo.ascx	4	pr_c_getsavedsecurities;pr_c_getsecuritylist;pr_x_getsecurityledger;pr_x_gettargetcurrencyvalue
UserControls/TransactionViewer.ascx	1	pr_x_gettranviewerdata_islamic
UserControls/TssiplRecordSelector.ascx	2	pr_util_execqueryforrecsel;pr_x_getaccounts
UserControls/TssiplRecordSelectorV2.ascx	3	pr_util_execqueryforrecsel;pr_util_execqueryforrecselv2;pr_x_getaccounts
UserControls/ucEmiChart.ascx	1	pr_c_generaterepaymentschedule
UserControls/ucEmiChart_Islamic.ascx	1	pr_c_generaterepaymentschedule
