MenuId	Module	Caption	ParentMenuId	Active	LegacyUrl	Screen	Output	Match	Tech	Rpts	Procs	NewRoute
1157	Reconcillation	Reports		1			folder					
1158	Reconcillation	Our Ledger Report	1157	1	~/Reports/Reconciliation/re_LedgerReport.aspx?source=O	Reports/Reconciliation/re_LedgerReport.aspx	Crystal	screen	Crystal	ledgergroupbyreport.rpt;ledgergroupbyreportdmp.rpt;ledgerreport.rpt;ledgerreportdmp.rpt;ledgerreportnew.rpt	pr_re_getledgerreportdata	
1159	Reconcillation	Their Ledger Report	1157	1	~/Reports/Reconciliation/re_LedgerReport.aspx?source=T	Reports/Reconciliation/re_LedgerReport.aspx	Crystal	screen	Crystal	ledgergroupbyreport.rpt;ledgergroupbyreportdmp.rpt;ledgerreport.rpt;ledgerreportdmp.rpt;ledgerreportnew.rpt	pr_re_getledgerreportdata	
1160	Reconcillation	Process Type Report	1157	1	~/Reports/Reconciliation/re_ProcessTypeReport.aspx?	Reports/Reconciliation/re_ProcessTypeReport.aspx	Crystal	screen	Crystal	processtypereport.rpt;processtypereport1.rpt;processtypereportdmp.rpt	pr_re_getprocesstypereportdata;pr_re_getreconcilecrdrdata;pr_re_getreconcilemanytomanycrdrdata	
1161	Reconcillation	Out Put Type Report	1157	1	~/Reports/Reconciliation/OutPutTypeReport.aspx?	Reports/Reconciliation/OutPutTypeReport.aspx	Crystal	screen	Crystal	outputtypereport.rpt;outputtypereportdmp.rpt	pr_re_getoutputtypereport	
1162	Reconcillation	Summary Report	1157	1	~/Reports/Reconciliation/re_OutPutTypeSummaryReport.aspx?	Reports/Reconciliation/re_OutPutTypeSummaryReport.aspx	Crystal	screen	Crystal	outputtypesummaryreport.rpt;outputtypesummaryreportdmp.rpt;outputtypesummaryreportv1.rpt;outputtypesummaryreportv1dmp.rpt	pr_re_getoutputtypesummary;pr_re_getoutputtypesummaryv1	
1163	Reconcillation	Unreconcilied Inter Branch Adjustment Entries Report	1157	1	~/Reports/Reconciliation/re_UnRecInterBrAdjEntrReport.aspx?	Reports/Reconciliation/re_UnRecInterBrAdjEntrReport.aspx	Crystal	screen	Chart;Crystal	unrecinterbradjentrreport.rpt;unrecinterbradjentrreportdmp.rpt	pr_re_getunrecinterbradjcons	
2019	Retail and Corporate Operations	Daily Report		1			folder					
2020	Retail and Corporate Operations	Deleted Transaction Report	2050	1	~/Reports/RetailBanking/SeedReports/SeedReportOptions.aspx?source=DeletedTransaction	Reports/RetailBanking/SeedReports/SeedReportOptions.aspx	Crystal	case	Crystal;Grid	deletetransactionreport.rpt;deletetransactionreportdmp.rpt	pr_x_r_deletedtransactioncons	
2050	Retail and Corporate Operations	Transaction Reports	2019	1			folder					
2057	Retail and Corporate Operations	Accounts  Report		1			folder					
2058	Retail and Corporate Operations	FDR Reports	2423	1			folder					
2059	Retail and Corporate Operations	Deposit Product Slab report	2058	1	~/Reports/RetailBanking/SeedReports/SeedReportOptions.aspx?source=DepositScheme	Reports/RetailBanking/SeedReports/SeedReportOptions.aspx	Crystal	case	Crystal;Grid	depositschemereport.rpt;depositschemereportdmp.rpt	pr_x_r_depositschemeslab	
2060	Retail and Corporate Operations	UnAuthorized Transaction	2421	1	~/Reports/RetailBanking/SeedReports/SeedReportOptions.aspx?source=UnPassTransaction	Reports/RetailBanking/SeedReports/SeedReportOptions.aspx	Crystal	case	Crystal;Grid	unpasstransactionreport.rpt;unpasstransactionreportdmp.rpt	pr_x_r_unpasstransaction	
2061	Retail and Corporate Operations	Account Pending Authorization	2057	1	~/Reports/RetailBanking/SeedReports/SeedReportOptions.aspx?source=UnPassAccount	Reports/RetailBanking/SeedReports/SeedReportOptions.aspx	Crystal	case	Crystal;Grid	unpassaccountreport.rpt;unpassaccountreportdmp.rpt	pr_x_r_unpassaccount	
2062	Retail and Corporate Operations	Cashier Reports		1			folder					
2063	Retail and Corporate Operations	Cashier Receipt Scroll	2062	1	~/Reports/RetailBanking/SeedReports/SeedReportOptions.aspx?source=CashScrollReceipt	Reports/RetailBanking/SeedReports/SeedReportOptions.aspx	Crystal	case	Crystal;Grid	cashscrollreceiptpayment.rpt;cashscrollreceiptpaymentsubrptv1.rpt;cashscrollrptv1.rpt;cashscrollrptv1dmp.rpt	pr_x_r_cashscrollreceiptpayment	
2064	Retail and Corporate Operations	Cashier Payment Scroll	2062	1	~/Reports/RetailBanking/SeedReports/SeedReportOptions.aspx?source=CashScrollPayment	Reports/RetailBanking/SeedReports/SeedReportOptions.aspx	Crystal	case	Crystal;Grid	cashscrollreceiptpayment.rpt;cashscrollreceiptpaymentsubrptv1.rpt;cashscrollrptv1.rpt;cashscrollrptv1dmp.rpt	pr_x_r_cashscrollreceiptpayment	
2078	Retail and Corporate Operations	Cashier Summary Report	2062	1	~/Reports/RetailBanking/SeedReports/SeedReportOptions.aspx?source=CashierSummary	Reports/RetailBanking/SeedReports/SeedReportOptions.aspx	Crystal	case	Crystal;Grid	cashiersummary_v1.rpt;cashiersummarydmp_v1.rpt	pr_x_r_cashiersummary_v1	
2084	Retail and Corporate Operations	Account Statement	2057	1	~/Reports/RetailBanking/SeedReports/SeedReportOptions.aspx?source=AccountStatement	Reports/RetailBanking/SeedReports/SeedReportOptions.aspx	Crystal	case	Crystal;Grid	accountstatementnewv1.rpt;accountstatementnewv1dmp.rpt;flexiaccountstatement.rpt	pr_b_saveviewlog;pr_x_getaccountdetails;pr_x_getaccountnumber;pr_x_getservicecharges;pr_x_r_getclientaddress;pr_x_r_getflexiaccountdetails;pr_x_r_getflexiaccountno;pr_x_r_ledger	
2097	Retail and Corporate Operations	UnAuthorized Batch Summary Report	2421	1	~/Reports/RetailBanking/SeedReports/SeedReportOptions.aspx?source=UnpassBatch	Reports/RetailBanking/SeedReports/SeedReportOptions.aspx	Crystal	case	Crystal;Grid	unpassedbatchreportdmpv1.rpt;unpassedbatchreportv1.rpt	pr_x_r_unpassedbatchcons	
2098	Retail and Corporate Operations	Profit & Loss Daily Report	2419	1	~/Reports/RetailBanking/SeedReports/SeedReportOptions.aspx?Source=ProfitAndLoss	Reports/RetailBanking/SeedReports/SeedReportOptions.aspx	Crystal	case	Crystal;Grid	profitandlossdailyjournalreportdmpv1.rpt;profitandlossdailyjournalreportv1.rpt	pr_x_r_profitandlossdaybook	
2101	Retail and Corporate Operations	Transaction Amount Searching	2050	1	~/Reports/RetailBanking/SeedReports/SeedReportOptions.aspx?source=AmountInLedger	Reports/RetailBanking/SeedReports/SeedReportOptions.aspx	Crystal	case	Crystal;Grid	amountinledgerv1.rpt;amountinledgerv1dmp.rpt		
2102	Retail and Corporate Operations	Transaction Detail Report	2050	1	~/Reports/RetailBanking/SeedReports/SeedReportOptions.aspx?source=TransactionDetail	Reports/RetailBanking/SeedReports/SeedReportOptions.aspx	Crystal	case	Crystal;Grid	cashtransactionreport.rpt;cashtransactionreportdmp.rpt;transactiondetaillreportv1.rpt;transactiondetaillreportv1dmp.rpt	pr_x_r_transactiondetails	
2103	Retail and Corporate Operations	Call Deposit Schedule	2058	0	~/Reports/RetailBanking/SeedReports/SeedReportOptions.aspx?source=SchedulOfCall	Reports/RetailBanking/SeedReports/SeedReportOptions.aspx	Crystal	case	Crystal;Grid	scheduleofcaldepositreport_v1.rpt;scheduleofcaldepositreportdmp_v1.rpt	pr_x_r_calldepositaccounts	
2104	Retail and Corporate Operations	Batch Transaction Report	2050	1	~/Reports/RetailBanking/SeedReports/SeedReportOptions.aspx?source=BatchTransaction	Reports/RetailBanking/SeedReports/SeedReportOptions.aspx	Crystal	case	Crystal;Grid	batchtransactionreport.rpt;batchtransactionreportdmp.rpt	pr_x_r_batchtransactioncons	
2110	Retail and Corporate Operations	Account Open Register	2057	0	~/Reports/RetailBanking/ReportOptions.aspx?Source=AccountRegisterOpen	Reports/RetailBanking/ReportOptions.aspx	Crystal	case	Crystal;Excel;Grid	accountcloseregister.rpt;accountcloseregisterdmp.rpt;accountopenregister.rpt;accountopenregisterdmp.rpt	pr_x_r_accountopenclosereg	
2111	Retail and Corporate Operations	Account Close Register	2057	1	~/Reports/RetailBanking/SeedReports/SeedReportOptions.aspx?source=AccountRegisterClose	Reports/RetailBanking/SeedReports/SeedReportOptions.aspx	Crystal	case	Crystal;Grid	accnolist.rpt;accnolistdmp.rpt;accountcloseregister.rpt;accountcloseregisterdmp.rpt;accountopenregister.rpt;accountopenregisterdmp.rpt	pr_x_r_accountopenclosereg;pr_x_r_accountopencloseregcons;pr_x_r_oldnewaccountlistcons	
2112	Retail and Corporate Operations	Status wise  Report	2057	1	~/Reports/RetailBanking/ReportOptions.aspx?Source=AccountStatus	Reports/RetailBanking/ReportOptions.aspx	Crystal	case	Crystal;Excel;Grid	accountstatus.rpt;accountstatusdmp.rpt	pr_x_r_accountstatuscons	
2113	Retail and Corporate Operations	Account Number List	2057	1	~/Reports/RetailBanking/SeedReports/SeedReportOptions.aspx?source=AccNoList	Reports/RetailBanking/SeedReports/SeedReportOptions.aspx	Crystal	case	Crystal;Grid	accnolist.rpt;accnolistdmp.rpt	pr_x_r_oldnewaccountlistcons	
2114	Retail and Corporate Operations	Chart of Account List	2057	1	~/Reports/RetailBanking/SeedReports/SeedReportOptions.aspx?source=ChartofAccList	Reports/RetailBanking/SeedReports/SeedReportOptions.aspx	Crystal	case	Crystal;Grid	chartofacclist.rpt;chartofacclistdmp.rpt	pr_x_r_listofaccounts	
2115	Retail and Corporate Operations	Account Modification Register	2057	1	~/Reports/RetailBanking/SeedReports/SeedReportOptions.aspx?source=AccountModifyReg	Reports/RetailBanking/SeedReports/SeedReportOptions.aspx	Crystal	case	Crystal;Grid	accountmodifyregister.rpt;accountmodifyregisterdmp.rpt	pr_x_r_accountmodifyregistercons	
2116	Retail and Corporate Operations	Fix Deposit Detail Report	2058	0	~/Reports/RetailBanking/FDR/FDRReportSettings.aspx?Source=FDDetail	reports/retailbanking/fdr/fdrreportsettings.aspx	missing screen					
2117	Retail and Corporate Operations	Fixed Deposit Interest Report	2058	1	~/Reports/RetailBanking/SeedReports/SeedReportOptions.aspx?source=FixedDepositInterest	Reports/RetailBanking/SeedReports/SeedReportOptions.aspx	Crystal	case	Crystal;Grid	fixeddepositinterestreportdmpv1.rpt;fixeddepositinterestreportv1.rpt	pr_x_r_fixeddepositinterestcons	
2120	Retail and Corporate Operations	Cash Book 	2419	1	~/Reports/RetailBanking/ReportOptions.aspx?Source=CashBookDetails	Reports/RetailBanking/ReportOptions.aspx	Crystal	case	Crystal;Excel;Grid	adjustedfinalcashbookreport.rpt;adjustedfinalcashbookreportdmp.rpt;cashbook.rpt;cashbookdetailsreport.rpt;cashbookdetailsreportdmp.rpt;cashbookdmp.rpt;cashbooktreasury.rpt;voucherstasticsreport.rpt	pr_x_cashbookdetails;pr_x_r_cashbook;pr_x_r_getclosingadjustmentcashbook;pr_x_r_getorgelement	
2121	Retail and Corporate Operations	Loan Reports		1			folder					
2122	Retail and Corporate Operations	Loan Balancing Report	2121	1	~/Reports/RetailBanking/SeedReports/SeedReportOptions.aspx?Source=LoanBalancingReport	Reports/RetailBanking/SeedReports/SeedReportOptions.aspx	Crystal	case	Crystal;Grid	loanbalancingreport_v1.rpt;loanbalancingreportdmp_v1.rpt	pr_x_r_loanbalancingcons	
2125	Retail and Corporate Operations	Schedule Of Loan Repayment Report	2121	1	~/Reports/RetailBanking/SeedReports/SeedReportOptions.aspx?Source=ScheduleOfLoanRepayment	Reports/RetailBanking/SeedReports/SeedReportOptions.aspx	Crystal	case	Crystal;Grid	loanrepaymentreport.rpt;loanrepaymentreportdmp.rpt	pr_x_r_scheduleofloanrepaymentv1cons	
2130	Retail and Corporate Operations	Miscellaneous Reports		1			folder					
2132	Retail and Corporate Operations	Authorize Scroll Statement	2050	1	~/Reports/RetailBanking/ReportOptions.aspx?Source=PassingScroll	Reports/RetailBanking/ReportOptions.aspx	Crystal	case	Crystal;Excel;Grid	passingscroll.rpt;passingscrolldmp.rpt;scheduleofcaldepositreport.rpt;splinstruction.rpt;splinstructiondmp.rpt	pr_x_r_calldepositaccounts;pr_x_r_passingscrollstatementcons;pr_x_r_specialinstructionregister	
2135	Retail and Corporate Operations	General Ledger Report	2419	1	~/Reports/RetailBanking/ReportOptions.aspx?Source=GenLedger	Reports/RetailBanking/ReportOptions.aspx	Crystal	case	Crystal;Excel;Grid	genledgerreport.rpt;genledgerreportdmp.rpt	pr_x_r_generalledgercons	
2153	Retail and Corporate Operations	Account Ledger Report	2057	1	~/Reports/RetailBanking/SeedReports/SeedReportOptions.aspx?source=AccountLedger	Reports/RetailBanking/SeedReports/SeedReportOptions.aspx	Crystal	case	Crystal;Grid	accountledgerreport.rpt;accountledgerreportcons.rpt;accountledgerreportdmp.rpt;accountledgervoucherreport.rpt;accountledgervoucherreportdmp.rpt;accountotherreceivable.rpt;accountotherreceivabledmp.rpt	pr_b_isaccmanforaccledrpt;pr_x_getaccountnumber;pr_x_r_getaccountledger;pr_x_r_getotherreceivable;pr_x_r_ledger	
2155	Retail and Corporate Operations	Authorize Scroll Detail	2050	1	~/Reports/RetailBanking/SeedReports/SeedReportOptions.aspx?source=PassingScrollDetail	Reports/RetailBanking/SeedReports/SeedReportOptions.aspx	Crystal	case	Crystal;Grid	passingscrolldetailreporthorizontalv1.rpt;passingscrolldetailreporthorizontalv1dmp.rpt;passingscrolldetailreportv1.rpt;passingscrolldetailreportv1dmp.rpt	pr_x_r_passingscrolldetail	
2166	Retail and Corporate Operations	UnAuthorized Cashier Transaction Report	2062	1	~/Reports/RetailBanking/SeedReports/SeedReportOptions.aspx?Source=UnPassedCashierTransaction	Reports/RetailBanking/SeedReports/SeedReportOptions.aspx	Crystal	case	Crystal;Grid	unpassedcashiertransactiondmpv1.rpt;unpassedcashiertransactionv1.rpt	pr_x_r_unpasscashiertransactioncons	
2184	Retail and Corporate Operations	Profit And Loss Statement	2419	1	~/Reports/RetailBanking/Balancing/BalancingReportSetting.aspx?source=ProfitLossStatementNew	Reports/RetailBanking/Balancing/BalancingReportSetting.aspx	Crystal	case	Crystal	consolidateddetailedprofitandlossstatement.rpt;consolidatedexpenseprofitandlossstatement.rpt;consolidatedincomeprofitandlossstatement.rpt;detailedexpenseprofitandlossstatement.rpt;detailedincomeprofitandlossstatement.rpt	pr_x_r_getpnlbynotescons	
2196	Retail and Corporate Operations	Outward Clg Patti 	2406	0	~/Reports/RetailBanking/New RetailBanking Report/ReportSettings.aspx?Source=OutwardClearingPattiWithBankBranch	Reports/RetailBanking/New RetailBanking Report/ReportSettings.aspx	Crystal	case	Crystal;Grid	19_firstsecondclearingbranchreport.rpt;19_firstsecondclearingbranchreportdmp.rpt	pr_x_r_getoutwardclearingpattiwithbankbranch	
2200	Retail and Corporate Operations	FD Classification and Maturity Report	2058	1	~/Reports/RetailBanking/New RetailBanking Report/ReportSettings.aspx?Source=ResidualMaturity	Reports/RetailBanking/New RetailBanking Report/ReportSettings.aspx	Crystal	case	Crystal;Grid	75_residualmaturityreport.rpt;75_residualmaturityreportdmp.rpt	pr_x_r_getresidualmaturityreportcons	
2203	Retail and Corporate Operations	Outward Cheque Clearing Detail	2406	0	~/Reports/RetailBanking/New RetailBanking Report/ReportSettings.aspx?Source=OCHSummary	Reports/RetailBanking/New RetailBanking Report/ReportSettings.aspx	Crystal	case	Crystal;Grid	25_outwardclrhousesummary.rpt;25_outwardclrhousesummarydetails.rpt;25_outwardclrhousesummarydmp.rpt	pr_x_r_getchequeclearingdetail	
2205	Retail and Corporate Operations	Lien Information Register	2058	1	~/Reports/RetailBanking/New RetailBanking Report/Reportsettings.aspx?Source=LienInfoReg	Reports/RetailBanking/New RetailBanking Report/ReportSettings.aspx	Crystal	case	Crystal;Grid	38_lieninforegister.rpt;38_lieninforegisterdmp.rpt	pr_x_r_getlieninformationregistercons	
2219	Retail and Corporate Operations	Book Balance Certificate	2419	1	~/Reports/RetailBanking/SeedReports/SeedReportOptions.aspx?source=BookBalanceCertificate	Reports/RetailBanking/SeedReports/SeedReportOptions.aspx	Crystal	case	Crystal;Grid	bookbalancecertificatereportv1.rpt;bookbalancecertificatereportv1dmp.rpt	pr_x_getbookbalancecertificatecons;pr_x_getbookbalatsetting	
2220	Retail and Corporate Operations	Outward/Inward Scroll Wise Clearing Report	2406	0	~/Reports/RetailBanking/New RetailBanking Report/ReportSettings.aspx?Source=OutwardScrollWiseClearing	Reports/RetailBanking/New RetailBanking Report/ReportSettings.aspx	Crystal	case	Crystal;Grid	21_scrollwiseclearingreport.rpt;21_scrollwiseclearingreportdmp.rpt;bankwiseclearingregister.rpt;bankwiseclearingregisterdmp.rpt	pr_x_r_getoutwardscrollwiseclearing	
2225	Retail and Corporate Operations	Stock Statement Due Date Register	2121	0	~/Reports/RetailBanking/New RetailBanking Report/ReportSettings.aspx?Source=StockStatementDueDateReg	Reports/RetailBanking/New RetailBanking Report/ReportSettings.aspx	Crystal	case	Crystal;Grid	130_stockstatement.rpt;130_stockstatementdmp.rpt	pr_x_r_getstockstatementduedateregister	
2226	Retail and Corporate Operations	Interest Certificate	2058	1	~/Reports/RetailBanking/New RetailBanking Report/ReportSettings.aspx?Source=FdInterestCertificate	Reports/RetailBanking/New RetailBanking Report/ReportSettings.aspx	Crystal	case	Crystal;Grid	131_fdicertificate.rpt;131_fdicertificatedmp.rpt	pr_x_r_getfdinterestcertificate	
2227	Retail and Corporate Operations	Overdrawn Limit Reminder	2121	1	~/Reports/RetailBanking/SeedReports/SeedReportOptions.aspx?Source=CCAdditionalLimitReminder	Reports/RetailBanking/SeedReports/SeedReportOptions.aspx	Crystal	case	Crystal;Grid	cclimitreminder.rpt;cclimitreminderdmp.rpt	pr_x_r_getexpiryofcclimitreminderv1	
2229	Retail and Corporate Operations	Expiry Of Stock Statement	2121	0	~/Reports/RetailBanking/New RetailBanking Report/ReportSettings.aspx?Source=ExpiryOfStockStatement	Reports/RetailBanking/New RetailBanking Report/ReportSettings.aspx	Crystal	case	Crystal;Grid	134_stockstmtexpiry.rpt;134_stockstmtexpirydmp.rpt	pr_x_r_getexpiryofstockstatement	
2233	Retail and Corporate Operations	Advance Against Deposit	2121	0	~/Reports/RetailBanking/New RetailBanking Report/ReportSettings.aspx?Source=AdvanceAgainstDeposit	Reports/RetailBanking/New RetailBanking Report/ReportSettings.aspx	Crystal	case	Crystal;Grid	143_advanceagainstdeposit.rpt;143_advanceagainstdepositdmp.rpt	pr_x_r_getadvanceagainstdeposit	
2234	Retail and Corporate Operations	FDR Comparative Report	2058	1	~/Reports/RetailBanking/SeedReports/SeedReportOptions.aspx?source=FixedDepositComparativeReport	Reports/RetailBanking/SeedReports/SeedReportOptions.aspx	Crystal	case	Crystal;Grid	41_a_periodwisereport.rpt;41_a_periodwisereportdmp.rpt;41_a_periodwisesummary.rpt;41_a_periodwisesummarydmp.rpt;41_b_periodwisereportwithdate.rpt;41_b_periodwisereportwithdatedmp.rpt;41_b_periodwisesummarydmp.rpt;41_c_depositsummary.rpt;41_c_depositsummarydmp.rpt;41_d_maturitydatewise.rpt;41_d_maturitydatewisedmp.rpt;41_d_maturitysummary.rpt;41_d_maturitysummarydmp.rpt	pr_x_r_getfixeddepositcomparativereport;pr_x_r_getfixeddepositcomparativesummaryreport	
2243	Retail and Corporate Operations	Priority Sector and Weaker Section Report	2121	0	~/Reports/RetailBanking/PrioritySectorAndWeakerSectionReport.aspx?	reports/retailbanking/prioritysectorandweakersectionreport.aspx	missing screen					
2245	Retail and Corporate Operations	Loan Insurance Register	2121	1	~/Reports/RetailBanking/New RetailBanking Report/ReportSettings.aspx?Source=InsuranceRegister	Reports/RetailBanking/New RetailBanking Report/ReportSettings.aspx	Crystal	case	Crystal;Grid	57_insuranceregisterreport.rpt;57_insuranceregisterreportdmp.rpt	pr_x_r_getinsuranceregister	
2248	Retail and Corporate Operations	Loan Disbursement/Recovery Report	2121	1	~/Reports/RetailBanking/SeedReports/SeedReportOptions.aspx?source=LoanDisbursementRecovery	Reports/RetailBanking/SeedReports/SeedReportOptions.aspx	Crystal	case	Crystal;Grid	48_a_loandisbursement_v1.rpt;48_a_loandisbursementdmp_v1.rpt;48_a_loandisbursementrecovery_v1.rpt;48_a_loandisbursementrecoverydmp_v1.rpt;48_a_loanrecovery_v1.rpt;48_a_loanrecoverydmp_v1.rpt;48_b_loandisbursementsummary_v1.rpt;48_b_loandisbursementsummarydmp_v1.rpt	pr_x_r_getloandisbursementrecoverycons;pr_x_r_getloandisbursrecoverysummarycons	
2259	Retail and Corporate Operations	Term Deposit Detail Report	2058	1	~/Reports/RetailBanking/SeedReports/SeedReportOptions.aspx?Source=TermDepositAndDetail	Reports/RetailBanking/SeedReports/SeedReportOptions.aspx	Crystal	case	Crystal;Grid	79_termdepositanddetailreport_v1.rpt;79_termdepositanddetailreportdmp_v1.rpt	pr_x_r_gettermdepositanddetailcons	
2263	Retail and Corporate Operations	Interest Day Book Report	2121	0	~/Reports/RetailBanking/New RetailBanking Report/ReportSettings.aspx?Source=InterestDaybook	Reports/RetailBanking/New RetailBanking Report/ReportSettings.aspx	Crystal	case	Crystal;Grid	2_interestdaybookreport.rpt;2_interestdaybookreportdmp.rpt	pr_x_r_getinterestdaybook	
2265	Retail and Corporate Operations	Interest Receivable Statement	2121	0	~/Reports/RetailBanking/New RetailBanking Report/ReportSettings.aspx?Source=InterestReceivableStatement	Reports/RetailBanking/New RetailBanking Report/ReportSettings.aspx	Crystal	case	Crystal;Grid	50_interestreceivablestatmentreport.rpt;50_interestreceivablestatmentreportdmp.rpt	pr_x_r_getinterestreceivablestatement	
2266	Retail and Corporate Operations	Statement Of Fixed	2058	1	~/Reports/RetailBanking/SeedReports/SeedReportOptions.aspx?Source=FixedDepositDetail	Reports/RetailBanking/SeedReports/SeedReportOptions.aspx	Crystal	case	Crystal;Grid	74_fixeddepositdetailreport_v1.rpt;74_fixeddepositdetailreportdmp_v1.rpt	pr_x_r_getfixeddepositdetailcons	
2267	Retail and Corporate Operations	Statement Of ST/MT Loan Account	2121	0	~/Reports/RetailBanking/New RetailBanking Report/ReportSettings.aspx?Source=InterestReceivableDetail	Reports/RetailBanking/New RetailBanking Report/ReportSettings.aspx	Crystal	case	Crystal;Grid	58_interestreceivabledetailreport.rpt;58_interestreceivabledetailreportdmp.rpt	pr_x_r_getinterestreceivabledetail	
2268	Retail and Corporate Operations	Statement No 9 Simple	2121	0	~/Reports/RetailBanking/New RetailBanking Report/ReportSettings.aspx?Source=StatementNo9Simple	Reports/RetailBanking/New RetailBanking Report/ReportSettings.aspx	Crystal	case	Crystal;Grid	126_termloanccduedate.rpt;146_statementno9.rpt;146_statementno9dmp.rpt	pr_x_r_getloanduedateregister;pr_x_r_getstatementno9simple	
2276	Retail and Corporate Operations	Certificate For Interest Charged	2121	0	~/Reports/RetailBanking/New RetailBanking Report/ReportSettings.aspx?Source=InterestProvisionCertificate	Reports/RetailBanking/New RetailBanking Report/ReportSettings.aspx	Crystal	case	Crystal;Grid	149_interestprovisioncert.rpt	pr_x_r_getinterestprovisioncertificate	
2277	Retail and Corporate Operations	UnApplied Interest [Summary] Day Book	2121	1	~/Reports/RetailBanking/New RetailBanking Report/ReportSettings.aspx?Source=UnAppliedInterestSummaryDayBook	Reports/RetailBanking/New RetailBanking Report/ReportSettings.aspx	Crystal	case	Crystal;Grid	9_a_b_c_unappliedinterestdaybookreport.rpt	pr_x_r_getloanaccountheads;pr_x_r_getunappliedinterestsummarydaybookcons	
2279	Retail and Corporate Operations	UnApplied Interest [Detail] Charged Interest Day Book	2121	0	~/Reports/RetailBanking/New RetailBanking Report/ReportSettings.aspx?Source=UnAppliedInterestDetailChargedInterest	Reports/RetailBanking/New RetailBanking Report/ReportSettings.aspx	Crystal	case	Crystal;Grid	11_interestadjustmentdaybook.rpt;11_interestadjustmentdaybookdmp.rpt;145_statementno9.rpt;145_statementno9dmp.rpt;5_receivabledaybookreport.rpt;5_receivabledaybookreportdmp.rpt;9_a_b_c_unappliedinterestdaybookreport.rpt	pr_x_r_getinterestadjustmentdaybook;pr_x_r_getreceivableinterestdaybook;pr_x_r_getstatementno9;pr_x_r_getunappliedinterestdetaildaybookcons	
2280	Retail and Corporate Operations	UnApplied Interest [Detail] Recovered Interest DayBook	2121	1	~/Reports/RetailBanking/New RetailBanking Report/ReportSettings.aspx?Source=UnAppliedInterestDetailRecoveredInterest	Reports/RetailBanking/New RetailBanking Report/ReportSettings.aspx	Crystal	case	Crystal;Grid	11_interestadjustmentdaybook.rpt;11_interestadjustmentdaybookdmp.rpt;145_statementno9.rpt;145_statementno9dmp.rpt;5_receivabledaybookreport.rpt;5_receivabledaybookreportdmp.rpt;9_a_b_c_unappliedinterestdaybookreport.rpt	pr_x_r_getinterestadjustmentdaybook;pr_x_r_getreceivableinterestdaybook;pr_x_r_getstatementno9;pr_x_r_getunappliedinterestdetaildaybookcons	
2282	Retail and Corporate Operations	Interest Day Book	2121	0	~/Reports/RetailBanking/New RetailBanking Report/ReportSettings.aspx?Source=InterestAdjustmentDayBook	Reports/RetailBanking/New RetailBanking Report/ReportSettings.aspx	Crystal	case	Crystal;Grid	11_interestadjustmentdaybook.rpt;11_interestadjustmentdaybookdmp.rpt	pr_x_r_getinterestadjustmentdaybook	
2283	Retail and Corporate Operations	UnApplied Interest Balancing Report	2121	0	~/Reports/RetailBanking/New RetailBanking Report/ReportSettings.aspx?Source=UnAppliedInterestBalancing	Reports/RetailBanking/New RetailBanking Report/ReportSettings.aspx	Crystal	case	Crystal;Grid	15_unappliedinterestbalancingreport.rpt;15_unappliedinterestbalancingreportdmp.rpt	pr_x_r_getunappliedinterestbalancing	
2287	Retail and Corporate Operations	Receivable Interest Day Book	2121	0	~/Reports/RetailBanking/New RetailBanking Report/ReportSettings.aspx?Source=ReceivableInterestDayBook	Reports/RetailBanking/New RetailBanking Report/ReportSettings.aspx	Crystal	case	Crystal;Grid	5_receivabledaybookreport.rpt;5_receivabledaybookreportdmp.rpt	pr_x_r_getreceivableinterestdaybook	
2288	Retail and Corporate Operations	Statement No - 9 For Interest	2121	0	~/Reports/RetailBanking/New RetailBanking Report/ReportSettings.aspx?Source=StatementNo9	Reports/RetailBanking/New RetailBanking Report/ReportSettings.aspx	Crystal	case	Crystal;Grid	145_statementno9.rpt;145_statementno9dmp.rpt	pr_x_r_getstatementno9	
2289	Retail and Corporate Operations	Society Wise Report Of Loans And Overdue	2121	0	~/Reports/RetailBanking/New RetailBanking Report/ReportSettings.aspx?Source=SocietyWiseReportOfLoansAndOverdue	Reports/RetailBanking/New RetailBanking Report/ReportSettings.aspx	Crystal	case	Crystal;Grid	54_societywisereportloanandoverdue.rpt	pr_x_r_getsocietywisereportofloansandoverdue	
2290	Retail and Corporate Operations	Loan Product Slab Details Report	2121	1	~/Reports/RetailBanking/SeedReports/SeedReportOptions.aspx?source=LoanSchemeSlabDetails	Reports/RetailBanking/SeedReports/SeedReportOptions.aspx	Crystal	case	Crystal;Grid	loanschemeslabdetailsreport.rpt	pr_x_r_loanschemeslabdetails	
2291	Retail and Corporate Operations	Drawing Power Statement	2121	0	~/Reports/RetailBanking/New RetailBanking Report/ReportSettings.aspx?Source=PrimarySecurityDetails	Reports/RetailBanking/New RetailBanking Report/ReportSettings.aspx	Crystal	case	Crystal;Grid	56_prisecdetails.rpt	pr_x_r_getprimarysecuritydetails	
2297	Retail and Corporate Operations	Suit File Case	2121	0	~/Reports/RetailBanking/ReportOptions.aspx?Source=LoanSuit	Reports/RetailBanking/ReportOptions.aspx	Crystal	case	Crystal;Excel;Grid	loansuitreport.rpt	pr_c_getloansuit	
2298	Retail and Corporate Operations	Master Report	2050	0	~/Reports/RetailBanking/ReportOptions.aspx?Source=MasterReport	Reports/RetailBanking/ReportOptions.aspx	Crystal	case	Crystal;Excel;Grid	masterreport.rpt;masterreportdmp.rpt		
2320	Retail and Corporate Operations	TOD Register	2121	0	~/Reports/RetailBanking/SeedReports/SeedReportOptions.aspx?Source=TODRegister	Reports/RetailBanking/SeedReports/SeedReportOptions.aspx	Crystal	case	Crystal;Grid	todregisterreport.rpt;todregisterreportdmp.rpt	pr_x_r_gettodregisterv1	
2321	Retail and Corporate Operations	Master Classification Of Loan And Advances	2121	0	~/Reports/RetailBanking/Loan/LoanReportSettings.aspx?Source=MasterClassificationOfLoanAndAdvances	reports/retailbanking/loan/loanreportsettings.aspx	missing screen					
2328	Retail and Corporate Operations	Interest Pay	2058	1	~/Reports/RetailBanking/SeedReports/SeedReportOptions.aspx?source=InterestPaidOnFD	Reports/RetailBanking/SeedReports/SeedReportOptions.aspx	Crystal	case	Crystal;Grid	interestpaidonfixeddeposit.rpt;interestpaidonfixeddepositdmp.rpt	pr_x_r_getinterestpaidonfdcons	
2331	Retail and Corporate Operations	Classification Of Debtors To Borrower	2121	0	~/Reports/RetailBanking/Loan/LoanReportSettings.aspx?Source=ClassificationOfDebtors	reports/retailbanking/loan/loanreportsettings.aspx	missing screen					
2332	Retail and Corporate Operations	Purposewise Classification of Advances	2121	1	~/Reports/RetailBanking/SeedReports/SeedReportOptions.aspx?source=PurposewiseClassification	Reports/RetailBanking/SeedReports/SeedReportOptions.aspx	Crystal	case	Crystal;Grid	purposewiseanalysis_v1.rpt;purposewiseanalysisdmp_v1.rpt;purposewiseclassificationofadvancesnew_v1.rpt;purposewiseclassificationofadvancesnewdmp_v1.rpt	pr_x_r_getpurposewiseanalysisofadvancescons	
2333	Retail and Corporate Operations	Statement Of Minority Communities	2121	0	~/Reports/RetailBanking/Loan/LoanReportSettings.aspx?Source=StatementOfMinorityCommunities	reports/retailbanking/loan/loanreportsettings.aspx	missing screen					
2334	Retail and Corporate Operations	Stock Statement Register	2121	0	~/Reports/RetailBanking/Loan/LoanReportSettings.aspx?Source=StockStatementReg	reports/retailbanking/loan/loanreportsettings.aspx	missing screen					
2335	Retail and Corporate Operations	Surity Register	2121	0	~/Reports/RetailBanking/SeedReports/SeedReportOptions.aspx?source=SurityRegister	Reports/RetailBanking/SeedReports/SeedReportOptions.aspx	Crystal	case	Crystal;Grid	surityregisterreport.rpt;surityregisterreportdmp.rpt	pr_x_r_getsurityregister	
2336	Retail and Corporate Operations	Un Drawn Limit	2121	0	~/Reports/RetailBanking/SeedReports/SeedReportOptions.aspx?source=UnDrawnCCLimit	Reports/RetailBanking/SeedReports/SeedReportOptions.aspx	Crystal	case	Crystal;Grid	overdrawncclimitreport_v1.rpt;overdrawncclimitreportdmp_v1.rpt;undrawncclimitreport_v1.rpt;undrawncclimitreportdmp_v1.rpt	pr_x_r_getundrawnccbalancesv1	
2347	Retail and Corporate Operations	Transaction Source-Wise Report	2050	1	~/Reports/RetailBanking/Transaction/TransactionReportSettings.aspx?Source=TransactionSourceWiseList	Reports/RetailBanking/Transaction/TransactionReportSettings.aspx	Crystal	case	Crystal	transactionsourcewiselistreport.rpt;transactionsourcewiselistreportdmp.rpt	pr_x_r_gettransactionsourcelist;pr_x_r_gettransactionsourcewiselistcons	
2348	Retail and Corporate Operations	Balance Sheet	2419	0	~/Reports/RetailBanking/HeadOffice/HeadofficeReportSetting.aspx?source=BalanceSheetNew	Reports/RetailBanking/HeadOffice/HeadofficeReportSetting.aspx	Crystal	case	Crystal;Grid	balancesheetnewbynotes.rpt;balancesheetnewbynotesasset.rpt;balancesheetnewbynotesequityreserve.rpt;balancesheetnewbynotesliablities.rpt	pr_x_r_gettbminratebynotes	
2352	Retail and Corporate Operations	Fd Interest Provision	2058	1	~/Reports/RetailBanking/SeedReports/SeedReportOptions.aspx?source=FDinterestprovision	Reports/RetailBanking/SeedReports/SeedReportOptions.aspx	Crystal	case	Crystal;Grid	fdinterestv1.rpt;fdinterestv1dmp.rpt	pr_x_getcalculatedfdinterestcons	
2353	Retail and Corporate Operations	Profit & Loss summary	2419	0	~/Reports/RetailBanking/ReportOptions.aspx?Source=ProfitLossSummary	Reports/RetailBanking/ReportOptions.aspx	Crystal	case	Crystal;Excel;Grid	profitlosssummaryreport.rpt;profitlosssummaryreportcons.rpt;profitlosssummaryreportconsdmp.rpt;profitlosssummaryreportdmp.rpt	pr_x_r_getprofitlosssummarycons	
2360	Retail and Corporate Operations	Investment Register	2058	0	~/Reports/RetailBanking/FDR/FDRReportSettings.aspx?Source=InvestmentRegister	reports/retailbanking/fdr/fdrreportsettings.aspx	missing screen					
2361	Retail and Corporate Operations	All UnAuthorized Report	2421	1	~/Reports/RetailBanking/SeedReports/SeedReportOptions.aspx?source=UnPassedReports	Reports/RetailBanking/SeedReports/SeedReportOptions.aspx	Crystal	case	Crystal;Grid	allowdebittranaccounthead.rpt;unauthcashswapsettlement.rpt;unauthcashswaptran.rpt;unauthcstmstran.rpt;unauthcstmstranrev.rpt;unauthdcouttran.rpt;unauthlendingsettlementtran.rpt;unauthlendingtran.rpt;unauthorizeadditionallimit.rpt;unauthorizeatmcardregistration.rpt;unauthorizebankercheque.rpt;unauthorizecashintransittran.rpt;unauthorizechargesreceivablerev.rpt;unauthorizeclassbyproductreport.rpt;unauthorizeclassificationreport.rpt;unauthorizeclientreport.rpt;unauthorizedchequebookreq.rpt;unauthorizedforextradingtran.rpt;unauthorizedholdingamounttran.rpt;unauthorizedloancancellation.rpt;unauthorizedloandisbursementtran.rpt;unauthorizedloanrebate.rpt;unauthorizedloansettlement.rpt;unauthorizedloanwrittenoff.rpt;unauthorizedlocalfundtransfer.rpt;unauthorizedlrabillpayreport.rpt;unauthorizedormantrec.rpt;unauthorizedoutwardreturntran.rpt;unauthorizedsavingcheckingaccountclosure.rpt;unauthorizedtreasurytran.rpt;unauthorizedwiretransaction.rpt;unauthorizeexcesswithdrawal.rpt;unauthorizefdmatpreclosing.rpt;unauthorizeforextran.rpt;unauthorizegovernmentrevenuetran.rpt;unauthorizegovtaxtran.rpt;unauthorizeinwardfileupdate.rpt;unauthorizeloanreshedule.rpt;unauthorizeloanwrittenoffreversetran.rpt;unauthorizelocalfundtransferrev.rpt;unauthorizemanagerchequereversal.rpt;unauthorizemanytomanytransaction.rpt;unauthorizememoonaccaddition.rpt;unauthorizeodreductiontran.rpt;unauthorizeoutwardtransaction.rpt;unauthorizepenalinterestrev.rpt;unauthorizesignimageupload.rpt;unauthorizestopchequepayment.rpt;unauthsftiw.rpt;unauthsftow.rpt;unexternaltreasurytransaction.rpt;unpasscashiertocashiertran.rpt;unpasscashiertocashiertrandmp.rpt;unpasschqrevstoppay.rpt;unpasschqrevstoppaydmp.rpt;unpasschqstoppayment.rpt;unpasschqstoppaymentdmp.rpt;unpassedagclnacccls.rpt;unpassedagclnaccclsdmp.rpt;unpassedcashiertransactiondmpv1.rpt;unpassedcashiertransactionv1.rpt;unpassedecstrans.rpt;unpassedecstransdmp.rpt;unpassedreport.rpt;unpassedreportaccount.rpt;unpassedreportaccountdmp.rpt;unpassedreportbatch.rpt;unpassedreportbatchdmp.rpt;unpassedreportcashiertransaction.rpt;unpassedreportcashiertransactiondmp.rpt;unpassedreportchequeissuetransaction.rpt;unpassedreportchequeissuetransactiondmp.rpt;unpassedreportclearingtransaction.rpt;unpassedreportclearingtransactiondmp.rpt;unpassedreportdmp.rpt;unpassedreportfdrtransaction.rpt;unpassedreportfdrtransactiondmp.rpt;unpassedreportibttransaction.rpt;unpassedreportibttransactiondmp.rpt;unpassedreportinwardclearinglottransaction.rpt;unpassedreportinwardclearinglottransactiondmp.rpt;unpassedreportinwardreturntransaction.rpt;unpassedreportinwardreturntransactiondmp.rpt;unpassedreportloanrepayment.rpt;unpassedreportloanrepaymentdmp.rpt;unpassedreportpigmytransaction.rpt;unpassedreportpigmytransactiondmp.rpt;unpassedreportstandinginstructionschedule.rpt;unpassedreportstandinginstructionscheduledmp.rpt;unpassedreporttransaction.rpt;unpassedreporttransactiondmp.rpt;unpassedstatusmodiaccounts.rpt;unpassedstatusmodiaccountsdmp.rpt;unpasssitransaction.rpt;unpasssitransactiondmp.rpt	pr_lra_getunauthcstmstran;pr_lra_getunauthcstmstranrev;pr_lra_r_getunauthbillpayments;pr_x_r_getadditionallimitdetails;pr_x_r_getallowdebittransaccheaddetails;pr_x_r_getcheckclearingtransaction;pr_x_r_getdormantreactivation;pr_x_r_getexternaltreasurytrans;pr_x_r_getunauthcashswapsettlement;pr_x_r_getunauthcashswaptran;pr_x_r_getunauthdcouttran;pr_x_r_getunauthforextran;pr_x_r_getunauthorizebankercheque;pr_x_r_getunauthorizoutwardtran;pr_x_r_unauthlendingsettlementtran;pr_x_r_unauthlendingtran;pr_x_r_unauthorizeatmcardregistration;pr_x_r_unauthorizecashintransittran;pr_x_r_unauthorizechargesreceivablerev;pr_x_r_unauthorizechequebookreq;pr_x_r_unauthorizeclassbyproductreport;pr_x_r_unauthorizeclassificationreport;pr_x_r_unauthorizeclientreport;pr_x_r_unauthorizedgovtaxtran;pr_x_r_unauthorizedloancancellation;pr_x_r_unauthorizedloansettlement;pr_x_r_unauthorizedloansettlementrebate;pr_x_r_unauthorizedloanwrittenoff;pr_x_r_unauthorizedlocalfundtran;pr_x_r_unauthorizedtreasurytran;pr_x_r_unauthorizedwiretransaction;pr_x_r_unauthorizeexcesswithdrawal;pr_x_r_unauthorizefdmatpreclosing;pr_x_r_unauthorizeforextradingtran;pr_x_r_unauthorizegovernmentrevenuetran;pr_x_r_unauthorizeholdingamounttran;pr_x_r_unauthorizeinwardfileupdate;pr_x_r_unauthorizeloandisbursementtran;pr_x_r_unauthorizeloanreshedule;pr_x_r_unauthorizelocalfundtranferreversal;pr_x_r_unauthorizemanagerchequereversal;pr_x_r_unauthorizemanytomanytran;pr_x_r_unauthorizememoonaccaddition;pr_x_r_unauthorizeodreduction;pr_x_r_unauthorizeoutwardreturntran;pr_x_r_unauthorizepenalinterestrev;pr_x_r_unauthorizescaccountclosuretran;pr_x_r_unauthorizesignimageupload;pr_x_r_unauthorizestopchequepayment;pr_x_r_unauthorizewrittenoffreversetran;pr_x_r_unauthsfttran;pr_x_r_unpassaccount;pr_x_r_unpassagclnacccls;pr_x_r_unpassbatch;pr_x_r_unpasscashiertocashiertran;pr_x_r_unpasscashiertransaction;pr_x_r_unpasscashiertransactioncons;pr_x_r_unpasschequeissuetransaction;pr_x_r_unpasschqrevstoppay;pr_x_r_unpasschqstoppayment;pr_x_r_unpassclearingtransaction;pr_x_r_unpassfdrtransaction;pr_x_r_unpassibttransaction;pr_x_r_unpassinwardclearinglottransaction;pr_x_r_unpassinwardreturntransaction;pr_x_r_unpasslockerissuetransaction;pr_x_r_unpasspigmytransaction;pr_x_r_unpassstandinginstructionschedule;pr_x_r_unpassstatusmodacc;pr_x_r_unpasstransaction;pr_x_unpassedsitransctions	
2401	Retail and Corporate Operations	Category Wise Deposit Report	2058	1	~/Reports/RetailBanking/SeedReports/SeedReportOptions.aspx?source=CategoryWiseDeposit	Reports/RetailBanking/SeedReports/SeedReportOptions.aspx	Crystal	case	Crystal;Grid	categorywisedepositreport_v1.rpt;categorywisedepositreportdmp_v1.rpt	pr_x_r_getcategorywisedepositcons	
2405	Retail and Corporate Operations	Demand & Overdue Recovery Report	2121	0	~/Reports/RetailBanking/Loan/LoanReportSettings.aspx?Source=DemandOverdueRecovery	reports/retailbanking/loan/loanreportsettings.aspx	missing screen					
2406	Retail and Corporate Operations	Clearing Reports	2019	1			folder					
2407	Retail and Corporate Operations	Outward Clearing Transaction Report	2406	1	~/Reports/RetailBanking/Clearing/ClearingReportSettings.aspx?Source=OutwardClearing	Reports/RetailBanking/Clearing/ClearingReportSettings.aspx	Crystal	case	Crystal	outwardclearingreportnew.rpt	pr_x_r_getoutwardclearingcons	
2408	Retail and Corporate Operations	Inward Return Memo	2406	1	~/Reports/RetailBanking/Clearing/ClearingReportSettings.aspx?Source=InwardReturnMemo	Reports/RetailBanking/Clearing/ClearingReportSettings.aspx	Crystal	case	Crystal	inwardreturnmemoreport.rpt;inwardreturnmemoreportdmp.rpt	pr_x_r_getbankbranchlist;pr_x_r_getinwardreturnmemo	
2409	Retail and Corporate Operations	Return Register	2406	0	~/Reports/RetailBanking/Clearing/ClearingReportSettings.aspx?Source=InwardReturnRegister	Reports/RetailBanking/Clearing/ClearingReportSettings.aspx	Crystal	case	Crystal	inwardreturnregisterreport.rpt;inwardreturnregisterreportdmp.rpt	pr_x_r_getbankbranchlist;pr_x_r_getinwardoutwardreturnregister	
2414	Retail and Corporate Operations	Loan/CC Interest Report	2121	0	~/RetailBanking/LoanAndAdvances.aspx?Source=Report	retailbanking/loanandadvances.aspx	missing screen					
2418	Retail and Corporate Operations	Classification of Loan & Advances (Volume)	2121	1	~/Reports/RetailBanking/SeedReports/SeedReportOptions.aspx?Source=AMOUNTWISECLASSIFICATIONOFLOANADV	Reports/RetailBanking/SeedReports/SeedReportOptions.aspx	Crystal	case	Crystal;Grid	amountwiseclassificationloanadvancesreport.rpt;amountwiseclassificationloanadvancesreportdmp.rpt	pr_x_r_getamountwiseclassificationofloansandadvancescons;pr_x_r_getdenominatorlist	
2419	Retail and Corporate Operations	GL Reports	2019	1			folder					
2421	Retail and Corporate Operations	UnAuthorized Reports	2019	1			folder					
2443	Retail and Corporate Operations	Priority Sector and Weaker Section Advances	2121	0	~/Reports/RetailBanking/New RetailBanking Report/ReportSettings.aspx?Source=PsWsSummary	Reports/RetailBanking/New RetailBanking Report/ReportSettings.aspx	Crystal	case	Crystal;Grid	getbranchyettosubmit.rpt;prioritysectorweakersectionsummary.rpt;prioritysectorweakersectionsummarydmp.rpt;prioritysectorweakersectionsummarynetposition.rpt;prioritysectorweakersectionsummaryscst.rpt;prioritysectorweakersectionsummarywomenothers.rpt;priorityweakersectionsegmentwisedmp.rpt	pr_x_r_getpriorityweakersectionsegmentwise;pr_x_r_getpriorweaksecsectsummarycons;pr_x_r_getpriorweaksecsegwisecons	
2456	Retail and Corporate Operations	Customize Cash-Book/TB	2419	0	~/Reports/RetailBanking/ReportOptions.aspx?Source=TBBSPLCB	Reports/RetailBanking/ReportOptions.aspx	Crystal	case	Crystal;Excel;Grid	cashbook.rpt;cashbookdetailstemplate.rpt;cashbookdetailstemplatedmp.rpt;cashbookdmp.rpt;cashbooktreasury.rpt;profitlosstemplate.rpt;profitlosstemplatedmp.rpt;profitlosstemplatewithcrdr.rpt;profitlosstemplatewithcrdrdmp.rpt;trialbalance.rpt;trialbalancedmp.rpt;trialbalancetemplate.rpt;trialbalancetemplatedmp.rpt;trialbalancetemplatehidecodecurrentdmp.rpt;trialbalancetemplatehidecodecurrentprogressivedmp.rpt;trialbalancetemplatehidecodedmp.rpt;trialbalancetemplatehidecodeprogressivedmp.rpt;trialbalancetemplatehidecurrentdmp.rpt;trialbalancetemplatehidecurrentprogressivedmp.rpt;trialbalancetemplatehideopeningcodecurrentdmp.rpt;trialbalancetemplatehideopeningcodecurrentprogressivedmp.rpt;trialbalancetemplatehideopeningcodedmp.rpt;trialbalancetemplatehideopeningcurrentdmp.rpt;trialbalancetemplatehideopeningcurrentprogressivedmp.rpt;trialbalancetemplatehideopeningdmp.rpt;trialbalancetemplatehideopeningprogressivedmp.rpt;trialbalancetemplatehideprogressivedmp.rpt	pr_b_loadextcounter;pr_g_loadtemplate;pr_x_cashbookdetails;pr_x_r_cashbook;pr_x_r_getorgelement;pr_x_r_gettbtemplatereportcons;pr_x_r_trialbalance	
2457	Retail and Corporate Operations	Cash Transaction Report (CTR)	2050	1	~/Reports/RetailBanking/ReportOptions.aspx?Source=CTRDailyTran	Reports/RetailBanking/ReportOptions.aspx	Crystal	case	Crystal;Excel;Grid		pr_x_r_cashtransactionreportcons	
2458	Retail and Corporate Operations	DCB Report	2121	0	~/Reports/RetailBanking/Loan/LoanReportSettings.aspx?Source=DemandRecovery	reports/retailbanking/loan/loanreportsettings.aspx	missing screen					
2524	Retail and Corporate Operations	Priority Sector and Weaker Section Advances (Details)	2121	0	~/Reports/RetailBanking/New RetailBanking Report/ReportSettings.aspx?Source=PsWsDetails	Reports/RetailBanking/New RetailBanking Report/ReportSettings.aspx	Crystal	case	Crystal;Grid	prioritysectorweakersectiondetails.rpt;prioritysectorweakersectiondetailsdmp.rpt	pr_x_r_getpriorityweakersectiondetails	
2525	Retail and Corporate Operations	Weaker Section Detail Report	2121	0	~/Reports/RetailBanking/Loan/LoanReportSettings.aspx?Source=WeakerSection	reports/retailbanking/loan/loanreportsettings.aspx	missing screen					
2529	Retail and Corporate Operations	Loan Clearance Certificate	2121	0	~/Reports/RetailBanking/ReportOptions.aspx?Source=ClearanceCert	Reports/RetailBanking/ReportOptions.aspx	Crystal	case	Crystal;Excel;Grid	clearancecert.rpt;clearancecertdmp.rpt	pr_x_r_clearancecertificate	
2530	Retail and Corporate Operations	Loan Interest Certificate	2121	0	~/Reports/RetailBanking/ReportOptions.aspx?Source=LoanInterest	Reports/RetailBanking/ReportOptions.aspx	Crystal	case	Crystal;Excel;Grid	loaninterest.rpt	pr_x_r_getloaninterestamount	
2531	Retail and Corporate Operations	Folio Charges List	2050	0	~/customised_reports.aspx?param=TB-A-020	customised_reports.aspx	Excel	screen	Excel;Grid		pr_g_getcustomisedrpt	
2606	Retail and Corporate Operations	Standing Instruction Report	2050	0	~/Reports/RetailBanking/ReportOptions.aspx?Source=UndoneSIReport	Reports/RetailBanking/ReportOptions.aspx	Crystal	case	Crystal;Excel;Grid	undonesireport.rpt;undonesireportdmp.rpt	pr_si_r_getundonesireport	
2696	Retail and Corporate Operations	Trial Balance With Account	2419	0	~/Reports/RetailBanking/HeadOffice/HeadOfficeReportSetting.aspx?source=TrialBalanceWithAcc	Reports/RetailBanking/HeadOffice/HeadofficeReportSetting.aspx	Crystal	case	Crystal;Grid	tbhorizontalnformatfromtodate.rpt;tbhorizontalnformatfromtodatedmp.rpt;trialbalancehorizontal.rpt;trialbalancehorizontaldmp.rpt;trialbalancehorizontalislamic.rpt;trialbalancehorizontalislamicdmp.rpt;trialbalancehorizontalnf.rpt;trialbalancehorizontalnfdmp.rpt;trialbalancehorizontalwithacc.rpt;trialbalancehorizontalwithaccdmp.rpt;trialbalancehorizontalwithaccislamic.rpt;trialbalancehorizontalwithaccislamicdmp.rpt	pr_x_r_trialbalancehorizontal;pr_x_r_trialbalancehorizontal_islamic;pr_x_r_trialbalancehorizontalho;pr_x_r_trialbalancehorizontalho_islamic;pr_x_r_trialbalancehorizontalhonformat;pr_x_r_trialbalancehorizontalhonformatv1;pr_x_r_trialbalancehorizontalnformat;pr_x_r_trialbalancehorizontalnformatv1;pr_x_r_trialbalancehorizontalwithacc;pr_x_r_trialbalancehorizontalwithacc_islamic;pr_x_r_trialbalancehorizontalwithaccho;pr_x_r_trialbalancehorizontalwithaccho_islamic;pr_x_r_trialbalancehorizontalwithaccwithoption;pr_x_r_trialbalancehorizontalwithaccwithoption_islamic;pr_x_r_trialbalancehorizontalwithaccwithoptionho;pr_x_r_trialbalancehorizontalwithaccwithoptionho_islamic;pr_x_r_trialbalancehorizontalwithoption;pr_x_r_trialbalancehorizontalwithoption_islamic;pr_x_r_trialbalancehorizontalwithoptionho;pr_x_r_trialbalancehorizontalwithoptionho_islamic;pr_x_r_trialbalancehorizontalwithoptionhonformat;pr_x_r_trialbalancehorizontalwithoptionhonformatv1;pr_x_r_trialbalancehorizontalwithoptionnformat;pr_x_r_trialbalancehorizontalwithoptionnformatv1	
2703	Retail and Corporate Operations	Vault Position	2062	1	~/Reports/RetailBanking/SeedReports/SeedReportOptions.aspx?Source=CashPosition	Reports/RetailBanking/SeedReports/SeedReportOptions.aspx	Crystal	case	Crystal;Grid	cashpositiondmpv1.rpt;cashpositionv1.rpt	pr_b_getcashpositioncons	
2729	Retail and Corporate Operations	Master Classification of Advances	2121	0	~/reports/retailbanking/mstclsadv.aspx?	reports/retailbanking/mstclsadv.aspx	missing screen					
2730	Retail and Corporate Operations	Saving Interest Certificate	2058	0	~/Reports/RetailBanking/New RetailBanking Report/ReportSettings.aspx?source=FdInterestCertificate	Reports/RetailBanking/New RetailBanking Report/ReportSettings.aspx	Crystal	case	Crystal;Grid	131_fdicertificate.rpt;131_fdicertificatedmp.rpt	pr_x_r_getfdinterestcertificate	
2731	Retail and Corporate Operations	Forex Reports		1			folder					
2732	Retail and Corporate Operations	Forex Transaction List	2731	0	~/Reports/RetailBanking/Forex/ForexReportSetting.aspx?source=forexlist	Reports/RetailBanking/Forex/ForexReportSetting.aspx	Crystal	case	Crystal	forexlist.rpt;forexlistdmp.rpt	pr_x_r_getforexlist	
2733	Retail and Corporate Operations	Client List	2130	1	~/Reports/RetailBanking/ReportOptions.aspx?Source=ClientList	Reports/RetailBanking/ReportOptions.aspx	Crystal	case	Crystal;Excel;Grid	clientlist.rpt	pr_x_r_getclientlist	
2734	Retail and Corporate Operations	Forex Selling Report	2731	1	~/Reports/RetailBanking/Forex/ForexReportSetting.aspx?source=ForexSell	Reports/RetailBanking/Forex/ForexReportSetting.aspx	Crystal	case	Crystal	forexsell.rpt;forexselldmp.rpt	pr_x_r_getforexbuysellcons	
2735	Retail and Corporate Operations	Forex Buying Report	2731	1	~/Reports/RetailBanking/Forex/ForexReportSetting.aspx?source=ForexBuy	Reports/RetailBanking/Forex/ForexReportSetting.aspx	Crystal	case	Crystal	forexbuy.rpt;forexbuydmp.rpt	pr_x_r_getforexbuysellcons	
2736	Retail and Corporate Operations	Cashier Treasury Transaction Report	2062	1	~/Reports/RetailBanking/SeedReports/SeedReportOptions.aspx?source=cashiertreasury	Reports/RetailBanking/SeedReports/SeedReportOptions.aspx	Crystal	case	Crystal;Grid	cashiertreasury.rpt;cashiertreasurydmp.rpt	pr_x_r_getcashiertreasury	
2747	Retail and Corporate Operations	Statutory Reports		1			folder					
2748	Retail and Corporate Operations	Daily Reports	2747	1			folder					
2749	Retail and Corporate Operations	Daily Exchange Rates	2748	0	~/Reports/boss/boss.aspx?source=bankdailyExgRate	reports/boss/boss.aspx	missing screen					
2750	Retail and Corporate Operations	Bank Daily Foreign Exchange Activity Report	2748	0	~/Reports/boss/boss.aspx?source=ForExhActivityOpenRpt	reports/boss/boss.aspx	missing screen					
2762	Retail and Corporate Operations	Account Balancing Report	2057	1	~/Reports/RetailBanking/SeedReports/SeedReportOptions.aspx?Source=AccountBalancing	Reports/RetailBanking/SeedReports/SeedReportOptions.aspx	Crystal	case	Crystal;Grid	accountbalancingreportcustomerwisedmpv1.rpt;accountbalancingreportcustomerwisev1.rpt;accountbalancingreportdmpv1.rpt;accountbalancingreportv1.rpt	pr_b_accountbalancingcons	
2775	Retail and Corporate Operations	Top Depositors	2057	1	~/Reports/RetailBanking/Account/AccountReportSetting.aspx?source=TopDepositors	Reports/RetailBanking/Account/AccountReportSetting.aspx	Crystal	case	Crystal	topdepositors.rpt;topdepositorsdmp.rpt	pr_x_r_gettopdepositorscons	
2778	Retail and Corporate Operations	Overdrawn Accounts	2057	1	~/Reports/RetailBanking/SeedReports/SeedReportOptions.aspx?source=OverdrawnAccount	Reports/RetailBanking/SeedReports/SeedReportOptions.aspx	Crystal	case	Crystal;Grid	overdrawnaccountreport.rpt;overdrawnaccountreportdmp.rpt;overdrawnaccountreportnew.rpt;overdrawnaccountreportnewdmp.rpt	pr_x_r_getoverdrawnaccountbalancecons	
2790	Retail and Corporate Operations	Suspicious Transaction Report	2057	0	~/Reports/RetailBanking/ReportOptions.aspx?Source=SuspiciousTransactionReport	Reports/RetailBanking/ReportOptions.aspx	Crystal	case	Crystal;Excel;Grid	forexbuydmp.rpt;suspicioustransaction.rpt	pr_x_r_getstr	
2792	Retail and Corporate Operations	Trial Balance	2419	1	~/Reports/RetailBanking/HeadOffice/HeadofficeReportSetting.aspx?source=TrialBalancev1	Reports/RetailBanking/HeadOffice/HeadofficeReportSetting.aspx	Crystal	case	Crystal;Grid	trialbalancev1.rpt;trialbalancev1branch.rpt;trialbalancev1dmp.rpt	pr_x_r_gettrialbalanceminrateglcons	
2794	Retail and Corporate Operations	Account charges Report	2057	1	~/Reports/RetailBanking/Account/AccountReportSetting.aspx?source=AccountChagesConfiq	Reports/RetailBanking/Account/AccountReportSetting.aspx	Crystal	case	Crystal	chargesconfigurationbyaccount.rpt;chargesconfigurationbyaccountdmp.rpt	pr_x_r_getaccountchargesconfig	
2806	Trade Finance	LC Reports	2933	1			folder					
2807	Trade Finance	LC Register Report	2806	1	~/Reports/RetailBanking/ReportOptions.aspx?Source=LCAccount	Reports/RetailBanking/ReportOptions.aspx	Crystal	case	Crystal;Excel;Grid	lcaccountregisterreport.rpt;lcaccountregisterreportdmp.rpt	pr_x_r_lcaccountreg	
2808	Trade Finance	LC Day Book Report	2806	1	~/Reports/RetailBanking/ReportOptions.aspx?Source=LCAccountDayBook	Reports/RetailBanking/ReportOptions.aspx	Crystal	case	Crystal;Excel;Grid	lcaccountdaybook.rpt;lcaccountdaybookdmp.rpt	pr_x_r_dailylctransactionjournal	
2815	Trade Finance	Bank Guarantee Reports	2933	1			folder					
2816	Trade Finance	BG Register Report	2815	1	~/Reports/RetailBanking/TDBG/TDBGReportOptions.aspx?source=BGRegisterReport	Reports/RetailBanking/TDBG/TDBGReportOptions.aspx	Crystal	case	Crystal	tdbgregister.rpt;tdbgregisterdmp.rpt	pr_tdbg_r_getbgregister	
2817	Trade Finance	BG Day Book Report	2815	1	~/Reports/RetailBanking/TDBG/TDBGReportOptions.aspx?source=BGDayBookReport	Reports/RetailBanking/TDBG/TDBGReportOptions.aspx	Crystal	case	Crystal	tdbgdaybookdmp.rpt	pr_tdbg_r_getbgdaybook	
2818	Trade Finance	BG Invoke Register	2815	1	~/Reports/RetailBanking/TDBG/TDBGReportOptions.aspx?source=BGRevokeRegisterReport	Reports/RetailBanking/TDBG/TDBGReportOptions.aspx	Crystal	case	Crystal	tdbgrevokeregisterdmp.rpt	pr_tdbg_r_getrevokeregister	
2819	Trade Finance	BG Closing Register Report	2815	1	~/Reports/RetailBanking/TDBG/TDBGReportOptions.aspx?source=BGClosingRegisterReport	Reports/RetailBanking/TDBG/TDBGReportOptions.aspx	Crystal	case	Crystal	tdbgclosingregisterdmp.rpt	pr_tdbg_r_getclosingregister	
2820	Trade Finance	BG Renewal Report	2815	1	~/Reports/RetailBanking/TDBG/TDBGReportOptions.aspx?source=BGRenewalReport	Reports/RetailBanking/TDBG/TDBGReportOptions.aspx	Crystal	case	Crystal	tdbgrenewaldmp.rpt	pr_tdbg_r_getrenewal	
2821	Trade Finance	BG Due Renewal Report	2815	1	~/Reports/RetailBanking/TDBG/TDBGReportOptions.aspx?source=BGDueRenewalReport	Reports/RetailBanking/TDBG/TDBGReportOptions.aspx	Crystal	case	Crystal	tdbgduerenewaldmp.rpt	pr_tdbg_r_getbgduerenewal	
2822	Trade Finance	BG Client Renewal Report	2815	1	~/Reports/RetailBanking/TDBG/TDBGReportOptions.aspx?source=BGClientRenewalReport	Reports/RetailBanking/TDBG/TDBGReportOptions.aspx	Crystal	case	Crystal	tdbgclientrenewaldmp.rpt	pr_tdbg_r_getclientrenewal	
2823	Trade Finance	BG Client Due Renewal Report	2815	1	~/Reports/RetailBanking/TDBG/TDBGReportOptions.aspx?source=BGClientDueRenewalReport	Reports/RetailBanking/TDBG/TDBGReportOptions.aspx	Crystal	case	Crystal	tdbgclientduerenewaldmp.rpt	pr_tdbg_r_getbgclientduerenewal	
2855	Retail and Corporate Operations	Account Opened Report	2057	1	~/Reports/RetailBanking/SeedReports/SeedReportOptions.aspx?Source=AccountOpenedReport	Reports/RetailBanking/SeedReports/SeedReportOptions.aspx	Crystal	case	Crystal;Grid	accountopenedreport.rpt;accountopenedreportdmp.rpt	pr_x_r_accountopencloseregv2cons	
2856	Retail and Corporate Operations	Account Status Report	2057	1	~/Reports/RetailBanking/SeedReports/SeedReportOptions.aspx?Source=AccountStatusReport	Reports/RetailBanking/SeedReports/SeedReportOptions.aspx	Crystal	case	Crystal;Grid	accountstatusreport.rpt;accountstatusreportdmp.rpt	pr_x_r_accountstatusreportv2	
2857	Retail and Corporate Operations	Fixed Deposit Report	2057	1	~/Reports/RetailBanking/SeedReports/SeedReportOptions.aspx?Source=FixedDepositReport	Reports/RetailBanking/SeedReports/SeedReportOptions.aspx	Crystal	case	Crystal;Grid	fixeddepositreport.rpt;fixeddepositreportdmp.rpt	pr_x_r_fixeddepositreport	
2858	Retail and Corporate Operations	Account Classification Report	2057	1	~/Reports/RetailBanking/SeedReports/SeedReportOptions.aspx?Source=AccountClassificationReport	Reports/RetailBanking/SeedReports/SeedReportOptions.aspx	Crystal	case	Crystal;Grid	accountclassificationreport.rpt;accountclassificationreportdmp.rpt	pr_x_r_accountclassificationreport	
2859	Retail and Corporate Operations	Cheque Range Issued Report	2057	1	~/Reports/RetailBanking/SeedReports/SeedReportOptions.aspx?Source=ChequeRangeIssuedReport	Reports/RetailBanking/SeedReports/SeedReportOptions.aspx	Crystal	case	Crystal;Grid	chequerangeissuedreport.rpt;chequerangeissuedreportdmp.rpt	pr_x_r_chequerangeissuedreport	
2860	Retail and Corporate Operations	Call Over Report	2057	1	~/Reports/RetailBanking/SeedReports/SeedReportOptions.aspx?Source=CallOverReport	Reports/RetailBanking/SeedReports/SeedReportOptions.aspx	Crystal	case	Crystal;Grid	calloverreport.rpt;calloverreportdmp.rpt	pr_x_r_calloverreport	
2861	Retail and Corporate Operations	Vault Movement	2057	1	~/Reports/RetailBanking/SeedReports/SeedReportOptions.aspx?Source=VaultMovementReport	Reports/RetailBanking/SeedReports/SeedReportOptions.aspx	Crystal	case	Crystal;Grid	vaultmovmentreport.rpt;vaultmovmentreportdmp.rpt	pr_x_r_vaultmovement	
2862	Retail and Corporate Operations	Overdrawn Position Report On Inward Clearing	2057	0	~/Reports/RetailBanking/SeedReports/SeedReportOptions.aspx?Source=OverdrawnPositionReport	Reports/RetailBanking/SeedReports/SeedReportOptions.aspx	Crystal	case	Crystal;Grid	overdrawnpositionreport.rpt;overdrawnpositionreportdmp.rpt	pr_x_r_overdrawnpositiononinwardclearing	
2863	Retail and Corporate Operations	Outward Clearing Report	2057	0	~/Reports/RetailBanking/SeedReports/SeedReportOptions.aspx?Source=OutwardClearing	Reports/RetailBanking/SeedReports/SeedReportOptions.aspx	Crystal	case	Crystal;Grid	outwardclearingreport.rpt;outwardclearingreportdmp.rpt	pr_x_r_getoutwardclearingreport	
2864	Retail and Corporate Operations	Inward Clearing Report	2057	0	~/Reports/RetailBanking/SeedReports/SeedReportOptions.aspx?Source=InwardClearing	Reports/RetailBanking/SeedReports/SeedReportOptions.aspx	Crystal	case	Crystal;Grid	inwardclearingreport.rpt;inwardclearingreportdmp.rpt	pr_x_r_inwardclearingreport	
2865	Retail and Corporate Operations	Standing Instruction Report	2057	0	~/Reports/RetailBanking/SeedReports/SeedReportOptions.aspx?Source=StandingInstruction	Reports/RetailBanking/SeedReports/SeedReportOptions.aspx	Crystal	case	Crystal;Grid	standinginstructionreport.rpt;standinginstructionreportdmp.rpt	pr_x_r_standinginstructionreport	
2866	Retail and Corporate Operations	Cabal Report (Customer Account Balance)	2058	1	~/Reports/RetailBanking/SeedReports/SeedReportOptions.aspx?Source=CustomerAccountBalance	Reports/RetailBanking/SeedReports/SeedReportOptions.aspx	Crystal	case	Crystal;Grid	customeraccountbalance.rpt;customeraccountbalancedmp.rpt	pr_x_r_customeraccountbalancereport	
2867	Retail and Corporate Operations	Deposit Report By Range Of Volumes	2058	1	~/Reports/RetailBanking/SeedReports/SeedReportOptions.aspx?Source=DepositWithRangeOfVolsReport	Reports/RetailBanking/SeedReports/SeedReportOptions.aspx	Crystal	case	Crystal;Grid	depositwithrangeofvolsreport.rpt	pr_x_r_depositwithrangeofvols	
2868	Retail and Corporate Operations	Sectorial Deposit Report	2058	1	~/Reports/RetailBanking/SeedReports/SeedReportOptions.aspx?Source=SectorialDepositReport	Reports/RetailBanking/SeedReports/SeedReportOptions.aspx	Crystal	case	Crystal;Grid	sectorialdeposit.rpt;sectorialdepositdmp.rpt	pr_x_r_sectorialdepositreport	
2869	Retail and Corporate Operations	Deposit In Current Accounts With Overdraft Limits	2058	1	~/Reports/RetailBanking/SeedReports/SeedReportOptions.aspx?Source=CurrentAccWithOverdraftLimit	Reports/RetailBanking/SeedReports/SeedReportOptions.aspx	Crystal	case	Crystal;Grid	currentaccwithoverdraftlimit.rpt;currentaccwithoverdraftlimitdmp.rpt	pr_x_r_cawithoverdraftlimit	
2870	Retail and Corporate Operations	Risk Assets Report	2121	1	~/Reports/RetailBanking/SeedReports/SeedReportOptions.aspx?Source=RiskAssetReports	Reports/RetailBanking/SeedReports/SeedReportOptions.aspx	Crystal	case	Crystal;Grid	riskassetreport.rpt;riskassetreportdmp.rpt	pr_x_r_riskassetreportcons	
2871	Retail and Corporate Operations	Deals Booked Report	2121	1	~/Reports/RetailBanking/SeedReports/SeedReportOptions.aspx?Source=DealsBookedReports	Reports/RetailBanking/SeedReports/SeedReportOptions.aspx	Crystal	case	Crystal;Grid	dealsbookedreport.rpt;dealsbookedreportdmp.rpt	pr_x_r_dealsbookedreport	
2872	Retail and Corporate Operations	Arreas Report	2121	1	~/Reports/RetailBanking/SeedReports/SeedReportOptions.aspx?Source=ArrearsReport	Reports/RetailBanking/SeedReports/SeedReportOptions.aspx	Crystal	case	Crystal;Grid	arrearsreport.rpt;arrearsreportdmp.rpt	pr_x_r_arrearsreportcons	
2873	Retail and Corporate Operations	Turnover Report	2121	1	~/Reports/RetailBanking/SeedReports/SeedReportOptions.aspx?Source=TurnoverReport	Reports/RetailBanking/SeedReports/SeedReportOptions.aspx	Crystal	case	Crystal;Grid	turnoverreport.rpt;turnoverreportdmp.rpt	pr_x_r_turnoverreport	
2874	Retail and Corporate Operations	Maturing Obligation Within a Period	2121	1	~/Reports/RetailBanking/SeedReports/SeedReportOptions.aspx?Source=MaturedLoanAccount	Reports/RetailBanking/SeedReports/SeedReportOptions.aspx	Crystal	case	Crystal;Grid	maturedloanaccount.rpt;maturedloanaccountdmp.rpt	pr_x_r_maturedloanaccounts	
2875	Retail and Corporate Operations	Unauthorized Overdraft Report	2121	1	~/Reports/RetailBanking/SeedReports/SeedReportOptions.aspx?Source=UnauthorizedOD	Reports/RetailBanking/SeedReports/SeedReportOptions.aspx	Crystal	case	Crystal;Grid	unauthorizedodreport.rpt;unauthorizedodreportdmp.rpt	pr_x_r_unauthorizedoverdraftreport	
2876	Retail and Corporate Operations	Expired Overdraft Limit	2121	1	~/Reports/RetailBanking/SeedReports/SeedReportOptions.aspx?Source=ExpiredODLimit	Reports/RetailBanking/SeedReports/SeedReportOptions.aspx	Crystal	case	Crystal;Grid	expiredodlimitreport.rpt;expiredodlimitreportdmp.rpt	pr_x_r_expiredoverdraftlimits	
2881	Retail and Corporate Operations	Deliquency Calculation Report	2121	1	~/Reports/RetailBanking/SeedReports/SeedReportOptions.aspx?Source=DeliquencyCalculation	Reports/RetailBanking/SeedReports/SeedReportOptions.aspx	Crystal	case	Crystal;Grid	deliquencycalculation.rpt;deliquencycalculationdmp.rpt	pr_x_r_deliquencycalculationreport	
2887	Retail and Corporate Operations	Monthly Provision For Bad And Doubtful Debt	2121	1	~/Reports/RetailBanking/SeedReports/SeedReportOptions.aspx?Source=MonthlyProvision	Reports/RetailBanking/SeedReports/SeedReportOptions.aspx	Crystal	case	Crystal;Grid	monthlyprovisionreport.rpt;monthlyprovisionreportdmp.rpt	pr_x_r_monthlyprovisionforbaddebt	
2888	Retail and Corporate Operations	Interest In Suspense Report	2121	1	~/Reports/RetailBanking/SeedReports/SeedReportOptions.aspx?Source=InterestSuspense	Reports/RetailBanking/SeedReports/SeedReportOptions.aspx	Crystal	case	Crystal;Grid	interestsuspensereport.rpt;interestsuspensereportdmp.rpt	pr_x_r_interestinsuspensereport	
2919	Retail and Corporate Operations	Account Agent Report	2057	1	~/Reports/RetailBanking/ReportOptions.aspx?Source=AuthorizeRights	Reports/RetailBanking/ReportOptions.aspx	Crystal	case	Crystal;Excel;Grid	authorizerights.rpt	pr_x_r_authorizerights	
2920	Retail and Corporate Operations	Returned Cheque Report	2057	1	~/Reports/RetailBanking/SeedReports/SeedReportOptions.aspx?Source=ReturnCheque	Reports/RetailBanking/SeedReports/SeedReportOptions.aspx	Crystal	case	Crystal;Grid	returnchequereport.rpt;returnchequereportdmp.rpt	pr_x_r_inoutchequereturnedreport	
2941	Trade Finance	Userdefined LC Template	2806	1	~/Reports/RetailBanking/LC/ReportSettings.aspx?Source=UserdefinedLCLetter	Reports/RetailBanking/LC/ReportSettings.aspx	Crystal	case	Crystal	userdefinedlcletter.rpt	pr_x_r_getuserdefndlcletter	
2951	Trade Finance	LC Realisation Report	2806	1	~/Reports/RetailBanking/LC/ReportSettings.aspx?source=LCRealisation	Reports/RetailBanking/LC/ReportSettings.aspx	Crystal	case	Crystal	lcrealisationreport.rpt;lcrealisationreportdmp.rpt	pr_x_r_lcrealisation	
2952	Trade Finance	LC Realised Report	2806	1	~/Reports/RetailBanking/LC/ReportSettings.aspx?source=LCRealised	Reports/RetailBanking/LC/ReportSettings.aspx	Crystal	case	Crystal	lcrealisedreport.rpt;lcrealisedreportdmp.rpt;lcunrealisedreport.rpt;lcunrealisedreportdmp.rpt	pr_x_r_getlccitylist;pr_x_r_getlcdrawnbanklist;pr_x_r_lcrealised;pr_x_r_unrealisedlc	
2953	Trade Finance	LC Return Report	2806	1	~/Reports/RetailBanking/LC/ReportSettings.aspx?source=LCReturn	Reports/RetailBanking/LC/ReportSettings.aspx	Crystal	case	Crystal	lcreturnreport.rpt;lcreturnreportdmp.rpt	pr_x_r_lcreturn	
2954	Trade Finance	Un Realised LC Report	2806	1	~/Reports/RetailBanking/LC/ReportSettings.aspx?source=LCUnRealised	Reports/RetailBanking/LC/ReportSettings.aspx	Crystal	case	Crystal	lcrealisedreport.rpt;lcrealisedreportdmp.rpt;lcunrealisedreport.rpt;lcunrealisedreportdmp.rpt	pr_x_r_getlccitylist;pr_x_r_getlcdrawnbanklist;pr_x_r_lcrealised;pr_x_r_unrealisedlc	
3016	Treasury	Treasury Reports		1	?		folder					
3017	Treasury	Fixed Income Brokarage Details Report	3016	1	~/Reports/Treasury/TreasuryReportOptions.aspx?Source=Broker	Reports/Treasury/TreasuryReportOptions.aspx	Crystal	case	Crystal	fxbrokeragereport.rpt	pr_tr_r_brokerdetails	
3018	Treasury	Unconfirmed FX Contracts Report	3016	1	~/Reports/Treasury/TreasuryReportOptions.aspx?Source=UCFXContracts	Reports/Treasury/TreasuryReportOptions.aspx	Crystal	case	Crystal	unconfirmedfxcontractsreport.rpt	pr_tr_r_unconfirmedfxcontractsreport	
3019	Treasury	Fx Currency Analysis Report	3016	1	~/Reports/Treasury/TreasuryReportOptions.aspx?Source=FXCurrencyAnalysis	Reports/Treasury/TreasuryReportOptions.aspx	Crystal	case	Crystal	fxcurrencyanalysisreport.rpt	pr_tr_r_fxcurrencyanalysisreport	
3020	Treasury	FX Contract Maturity Due Report	3016	1	~/Reports/Treasury/TreasuryReportOptions.aspx?Source=FXContract	Reports/Treasury/TreasuryReportOptions.aspx	Crystal	case	Crystal	fxmaturityduereport.rpt	pr_tr_r_fxmaturityduereport	
3021	Treasury	FI Contract Maturity Due Report	3016	1	~/Reports/Treasury/TreasuryReportOptions.aspx?Source=FIContract	Reports/Treasury/TreasuryReportOptions.aspx	Crystal	case	Crystal	fimaturityduereport.rpt	pr_tr_r_fimaturityduereport	
3022	Treasury	FX Deal Input Report	3016	1	~/Reports/Treasury/TreasuryReportOptions.aspx?Source=FxDealInput	Reports/Treasury/TreasuryReportOptions.aspx	Crystal	case	Crystal	fxdealinput.rpt	pr_tr_r_fxdealinput	
3023	Treasury	Deal Settlement Report	3016	1	~/Reports/Treasury/TreasuryReportOptions.aspx?Source=DealSettlement	Reports/Treasury/TreasuryReportOptions.aspx	Crystal	case	Crystal	dealsettlementreport.rpt	pr_tr_r_dealsettlementreport	
3024	Treasury	Confirmed/Unconfirmed Deal Report	3016	1	~/Reports/Treasury/TreasuryReportOptions.aspx?Source=ConfirmedDealMMFI	Reports/Treasury/TreasuryReportOptions.aspx	Crystal	case	Crystal	confirmeddealfireport.rpt	pr_tr_r_confirmeddealfireport	
3025	Treasury	Backdated Deals Report	3016	1	~/Reports/Treasury/TreasuryReportOptions.aspx?Source=BackDatedDeals	Reports/Treasury/TreasuryReportOptions.aspx	Crystal	case	Crystal	backdateddeal.rpt	pr_tr_r_backdateddeal	
3045	Retail and Corporate Operations	User Transaction Report	2050	0	~/Reports/RetailBanking/CashierReport.aspx?	Reports/RetailBanking/CashierReport.aspx	Crystal	screen	Crystal	cashierreport.rpt;cashiertocashiertransfer.rpt	pr_x_r_cashiertocashiertrftran;pr_x_r_usertransactionreport	
3046	Retail and Corporate Operations	Account(s) Without Signature	2057	1	~/Reports/RetailBanking/ReportOptions.aspx?Source=SignatureUnavailableAccounts	Reports/RetailBanking/ReportOptions.aspx	Crystal	case	Crystal;Excel;Grid	signatureunavailableaccounts.rpt	pr_b_r_signatureunavailableacc	
3047	Retail and Corporate Operations	Cashier To Cashier Transfer Transaction	2062	1	~/Reports/RetailBanking/CashierReport.aspx?Source=CashierToCashier	Reports/RetailBanking/CashierReport.aspx	Crystal	screen	Crystal	cashierreport.rpt;cashiertocashiertransfer.rpt	pr_x_r_cashiertocashiertrftran;pr_x_r_usertransactionreport	
3055	Retail and Corporate Operations	Blocked users Reports	2130	1	~/Reports/RetailBanking/ReportOptions.aspx?source=BlockedUsers	Reports/RetailBanking/ReportOptions.aspx	Crystal	case	Crystal;Excel;Grid	blockedusers.rpt;blockedusersdmp.rpt	pr_a_r_getblockusers	
3056	Retail and Corporate Operations	Stopped Cheques Report	2057	1	~/Reports/RetailBanking/ReportOptions.aspx?Source=StopCheque	Reports/RetailBanking/ReportOptions.aspx	Crystal	case	Crystal;Excel;Grid	stoppedchequereport.rpt;stoppedchequereportdmp.rpt	pr_x_r_getstoppedcheques	
3063	Retail and Corporate Operations	Internal Account Statement	2057	1	~/Reports/RetailBanking/ReportOptions.aspx?Source=COAAccLedgerBalances	Reports/RetailBanking/ReportOptions.aspx	Crystal	case	Crystal;Excel;Grid	coaaccledgerbalances.rpt;coaaccledgerbalancesdmp.rpt	pr_x_r_getcoaaccledgerbalances	
3087	Retail and Corporate Operations	Pending Cheque Book Request	2057	1	~/Reports/RetailBanking/PendingChequeBookRequest.aspx?	Reports/RetailBanking/PendingChequeBookRequest.aspx	Crystal	screen	Crystal	orgchart.rpt;pendingchequebookrequest.rpt;unpassaccountreport.rpt;unpassaccountreportdmp.rpt	pr_x_r_pendingchequebookrequestcons;pr_x_r_unpassaccount	
3088	Retail and Corporate Operations	In-Active Dormant Account List	2057	1	~/Reports/RetailBanking/InactiveDormantReport.aspx?	Reports/RetailBanking/InactiveDormantReport.aspx	Crystal	screen	Crystal	inactivedormantreport.rpt;orgchart.rpt;unpassaccountreport.rpt;unpassaccountreportdmp.rpt	pr_x_r_inactivedormantreportcons;pr_x_r_unpassaccount	
3146	Inventory	Master Reports		1	?		folder					
3147	Inventory	Unit of Measurement	3146	1	~/inventory/i_MasterReport.aspx?Source=UOM	Inventory/i_masterReport.aspx	Crystal	screen	Crystal	assetconsumablecategory.rpt;assetconsumablecategorydmp.rpt;assetcosumableitem.rpt;assetcosumableitemdmp.rpt;budgetcategory.rpt;budgetcategorydmp.rpt;depreciation.rpt;depreciationdmp.rpt;objectdetail.rpt;objectdetaildmp.rpt;objectparameter.rpt;objectparameterdmp.rpt;supplier.rpt;supplierdmp.rpt;unitofmeasurement.rpt;unitofmeasurementdmp.rpt		
3148	Inventory	Suppliers	3146	1	~/inventory/i_MasterReport.aspx?Source=Supplier	Inventory/i_masterReport.aspx	Crystal	screen	Crystal	assetconsumablecategory.rpt;assetconsumablecategorydmp.rpt;assetcosumableitem.rpt;assetcosumableitemdmp.rpt;budgetcategory.rpt;budgetcategorydmp.rpt;depreciation.rpt;depreciationdmp.rpt;objectdetail.rpt;objectdetaildmp.rpt;objectparameter.rpt;objectparameterdmp.rpt;supplier.rpt;supplierdmp.rpt;unitofmeasurement.rpt;unitofmeasurementdmp.rpt		
3149	Inventory	Asset Category	3146	1	~/inventory/i_MasterReport.aspx?Source=AssetCat	Inventory/i_masterReport.aspx	Crystal	screen	Crystal	assetconsumablecategory.rpt;assetconsumablecategorydmp.rpt;assetcosumableitem.rpt;assetcosumableitemdmp.rpt;budgetcategory.rpt;budgetcategorydmp.rpt;depreciation.rpt;depreciationdmp.rpt;objectdetail.rpt;objectdetaildmp.rpt;objectparameter.rpt;objectparameterdmp.rpt;supplier.rpt;supplierdmp.rpt;unitofmeasurement.rpt;unitofmeasurementdmp.rpt		
3150	Inventory	Consumable Categories	3146	1	~/inventory/i_MasterReport.aspx?Source=ConsCat	Inventory/i_masterReport.aspx	Crystal	screen	Crystal	assetconsumablecategory.rpt;assetconsumablecategorydmp.rpt;assetcosumableitem.rpt;assetcosumableitemdmp.rpt;budgetcategory.rpt;budgetcategorydmp.rpt;depreciation.rpt;depreciationdmp.rpt;objectdetail.rpt;objectdetaildmp.rpt;objectparameter.rpt;objectparameterdmp.rpt;supplier.rpt;supplierdmp.rpt;unitofmeasurement.rpt;unitofmeasurementdmp.rpt		
3151	Inventory	Budget Category	3146	1	~/inventory/i_MasterReport.aspx?Source=BC	Inventory/i_masterReport.aspx	Crystal	screen	Crystal	assetconsumablecategory.rpt;assetconsumablecategorydmp.rpt;assetcosumableitem.rpt;assetcosumableitemdmp.rpt;budgetcategory.rpt;budgetcategorydmp.rpt;depreciation.rpt;depreciationdmp.rpt;objectdetail.rpt;objectdetaildmp.rpt;objectparameter.rpt;objectparameterdmp.rpt;supplier.rpt;supplierdmp.rpt;unitofmeasurement.rpt;unitofmeasurementdmp.rpt		
3152	Inventory	Depreciation	3146	1	~/inventory/i_MasterReport.aspx?Source=Dep	Inventory/i_masterReport.aspx	Crystal	screen	Crystal	assetconsumablecategory.rpt;assetconsumablecategorydmp.rpt;assetcosumableitem.rpt;assetcosumableitemdmp.rpt;budgetcategory.rpt;budgetcategorydmp.rpt;depreciation.rpt;depreciationdmp.rpt;objectdetail.rpt;objectdetaildmp.rpt;objectparameter.rpt;objectparameterdmp.rpt;supplier.rpt;supplierdmp.rpt;unitofmeasurement.rpt;unitofmeasurementdmp.rpt		
3153	Inventory	Object Parameter	3146	1	~/inventory/i_MasterReport.aspx?Source=OP	Inventory/i_masterReport.aspx	Crystal	screen	Crystal	assetconsumablecategory.rpt;assetconsumablecategorydmp.rpt;assetcosumableitem.rpt;assetcosumableitemdmp.rpt;budgetcategory.rpt;budgetcategorydmp.rpt;depreciation.rpt;depreciationdmp.rpt;objectdetail.rpt;objectdetaildmp.rpt;objectparameter.rpt;objectparameterdmp.rpt;supplier.rpt;supplierdmp.rpt;unitofmeasurement.rpt;unitofmeasurementdmp.rpt		
3154	Inventory	Object Details	3146	1	~/inventory/i_MasterReport.aspx?Source=OD	Inventory/i_masterReport.aspx	Crystal	screen	Crystal	assetconsumablecategory.rpt;assetconsumablecategorydmp.rpt;assetcosumableitem.rpt;assetcosumableitemdmp.rpt;budgetcategory.rpt;budgetcategorydmp.rpt;depreciation.rpt;depreciationdmp.rpt;objectdetail.rpt;objectdetaildmp.rpt;objectparameter.rpt;objectparameterdmp.rpt;supplier.rpt;supplierdmp.rpt;unitofmeasurement.rpt;unitofmeasurementdmp.rpt		
3155	Inventory	Fixed Asset	3146	1	~/inventory/i_MasterReport.aspx?Source=Asset	Inventory/i_masterReport.aspx	Crystal	screen	Crystal	assetconsumablecategory.rpt;assetconsumablecategorydmp.rpt;assetcosumableitem.rpt;assetcosumableitemdmp.rpt;budgetcategory.rpt;budgetcategorydmp.rpt;depreciation.rpt;depreciationdmp.rpt;objectdetail.rpt;objectdetaildmp.rpt;objectparameter.rpt;objectparameterdmp.rpt;supplier.rpt;supplierdmp.rpt;unitofmeasurement.rpt;unitofmeasurementdmp.rpt		
3156	Inventory	Consumable	3146	1	~/inventory/i_MasterReport.aspx?Source=Consumable	Inventory/i_masterReport.aspx	Crystal	screen	Crystal	assetconsumablecategory.rpt;assetconsumablecategorydmp.rpt;assetcosumableitem.rpt;assetcosumableitemdmp.rpt;budgetcategory.rpt;budgetcategorydmp.rpt;depreciation.rpt;depreciationdmp.rpt;objectdetail.rpt;objectdetaildmp.rpt;objectparameter.rpt;objectparameterdmp.rpt;supplier.rpt;supplierdmp.rpt;unitofmeasurement.rpt;unitofmeasurementdmp.rpt		
3157	Inventory	Transaction Reports		1	?		folder					
3158	Inventory	Stock Register	3157	1	~/inventory/i_TransactionReport.aspx?Source=Stock	Inventory/i_transactionReport.aspx	Crystal	screen	Crystal	assetregister.rpt;assetregisterdmp.rpt;assetregistersummary.rpt;assetregistersummarydmp.rpt;categorywisedepriciation.rpt;categorywisedepriciationdmp.rpt;depreciationcalculation.rpt;depreciationcalculationdmp.rpt;headwisedepriciation.rpt;invdepriciation_v1.rpt;invdepriciation_v1dmp.rpt;itemwisedepriciation.rpt;itemwisedepriciationdmp.rpt;openingstock.rpt;openingstockdmp.rpt;purchaseregister.rpt;purchaseregisterdmp.rpt;purchasereport.rpt;purchasereportdmp.rpt;purchasereq.rpt;purchasereqsubreport1.rpt;receiptdispatch.rpt;receiptdispatchdmp.rpt;stockposition.rpt;stockpositiondmp.rpt;stockregister.rpt;stockregistercategory.rpt;stockregistercategorydmp.rpt;stockregisterdmp.rpt;yearlydepriciation.rpt;yearlydepriciationdmp.rpt	pr_i_assetregisterreport;pr_i_assetregisterreport_v1;pr_i_getstockposition;pr_i_gettransactionmonths;pr_i_r_categorywisedepriciation;pr_i_r_depriciationcalculationreport;pr_i_r_headwisedepriciation;pr_i_r_itemwisedepriciation;pr_i_r_purchasereqstatus;pr_i_r_yearlydepriciation;pr_x_r_getinvdepriciation	
3159	Inventory	Reciept Dispatch 	3157	1	~/inventory/i_TransactionReport.aspx?Source=RD	Inventory/i_transactionReport.aspx	Crystal	screen	Crystal	assetregister.rpt;assetregisterdmp.rpt;assetregistersummary.rpt;assetregistersummarydmp.rpt;categorywisedepriciation.rpt;categorywisedepriciationdmp.rpt;depreciationcalculation.rpt;depreciationcalculationdmp.rpt;headwisedepriciation.rpt;invdepriciation_v1.rpt;invdepriciation_v1dmp.rpt;itemwisedepriciation.rpt;itemwisedepriciationdmp.rpt;openingstock.rpt;openingstockdmp.rpt;purchaseregister.rpt;purchaseregisterdmp.rpt;purchasereport.rpt;purchasereportdmp.rpt;purchasereq.rpt;purchasereqsubreport1.rpt;receiptdispatch.rpt;receiptdispatchdmp.rpt;stockposition.rpt;stockpositiondmp.rpt;stockregister.rpt;stockregistercategory.rpt;stockregistercategorydmp.rpt;stockregisterdmp.rpt;yearlydepriciation.rpt;yearlydepriciationdmp.rpt	pr_i_assetregisterreport;pr_i_assetregisterreport_v1;pr_i_getstockposition;pr_i_gettransactionmonths;pr_i_r_categorywisedepriciation;pr_i_r_depriciationcalculationreport;pr_i_r_headwisedepriciation;pr_i_r_itemwisedepriciation;pr_i_r_purchasereqstatus;pr_i_r_yearlydepriciation;pr_x_r_getinvdepriciation	
3160	Inventory	Opening Stock	3157	1	~/inventory/i_TransactionReport.aspx?Source=Opening	Inventory/i_transactionReport.aspx	Crystal	screen	Crystal	assetregister.rpt;assetregisterdmp.rpt;assetregistersummary.rpt;assetregistersummarydmp.rpt;categorywisedepriciation.rpt;categorywisedepriciationdmp.rpt;depreciationcalculation.rpt;depreciationcalculationdmp.rpt;headwisedepriciation.rpt;invdepriciation_v1.rpt;invdepriciation_v1dmp.rpt;itemwisedepriciation.rpt;itemwisedepriciationdmp.rpt;openingstock.rpt;openingstockdmp.rpt;purchaseregister.rpt;purchaseregisterdmp.rpt;purchasereport.rpt;purchasereportdmp.rpt;purchasereq.rpt;purchasereqsubreport1.rpt;receiptdispatch.rpt;receiptdispatchdmp.rpt;stockposition.rpt;stockpositiondmp.rpt;stockregister.rpt;stockregistercategory.rpt;stockregistercategorydmp.rpt;stockregisterdmp.rpt;yearlydepriciation.rpt;yearlydepriciationdmp.rpt	pr_i_assetregisterreport;pr_i_assetregisterreport_v1;pr_i_getstockposition;pr_i_gettransactionmonths;pr_i_r_categorywisedepriciation;pr_i_r_depriciationcalculationreport;pr_i_r_headwisedepriciation;pr_i_r_itemwisedepriciation;pr_i_r_purchasereqstatus;pr_i_r_yearlydepriciation;pr_x_r_getinvdepriciation	
3161	Inventory	Purchase Register	3157	1	~/inventory/i_TransactionReport.aspx?Source=PurchaseRegister	Inventory/i_transactionReport.aspx	Crystal	screen	Crystal	assetregister.rpt;assetregisterdmp.rpt;assetregistersummary.rpt;assetregistersummarydmp.rpt;categorywisedepriciation.rpt;categorywisedepriciationdmp.rpt;depreciationcalculation.rpt;depreciationcalculationdmp.rpt;headwisedepriciation.rpt;invdepriciation_v1.rpt;invdepriciation_v1dmp.rpt;itemwisedepriciation.rpt;itemwisedepriciationdmp.rpt;openingstock.rpt;openingstockdmp.rpt;purchaseregister.rpt;purchaseregisterdmp.rpt;purchasereport.rpt;purchasereportdmp.rpt;purchasereq.rpt;purchasereqsubreport1.rpt;receiptdispatch.rpt;receiptdispatchdmp.rpt;stockposition.rpt;stockpositiondmp.rpt;stockregister.rpt;stockregistercategory.rpt;stockregistercategorydmp.rpt;stockregisterdmp.rpt;yearlydepriciation.rpt;yearlydepriciationdmp.rpt	pr_i_assetregisterreport;pr_i_assetregisterreport_v1;pr_i_getstockposition;pr_i_gettransactionmonths;pr_i_r_categorywisedepriciation;pr_i_r_depriciationcalculationreport;pr_i_r_headwisedepriciation;pr_i_r_itemwisedepriciation;pr_i_r_purchasereqstatus;pr_i_r_yearlydepriciation;pr_x_r_getinvdepriciation	
3162	Inventory	Purchase Report	3157	1	~/inventory/i_TransactionReport.aspx?Source=PurchaseReport	Inventory/i_transactionReport.aspx	Crystal	screen	Crystal	assetregister.rpt;assetregisterdmp.rpt;assetregistersummary.rpt;assetregistersummarydmp.rpt;categorywisedepriciation.rpt;categorywisedepriciationdmp.rpt;depreciationcalculation.rpt;depreciationcalculationdmp.rpt;headwisedepriciation.rpt;invdepriciation_v1.rpt;invdepriciation_v1dmp.rpt;itemwisedepriciation.rpt;itemwisedepriciationdmp.rpt;openingstock.rpt;openingstockdmp.rpt;purchaseregister.rpt;purchaseregisterdmp.rpt;purchasereport.rpt;purchasereportdmp.rpt;purchasereq.rpt;purchasereqsubreport1.rpt;receiptdispatch.rpt;receiptdispatchdmp.rpt;stockposition.rpt;stockpositiondmp.rpt;stockregister.rpt;stockregistercategory.rpt;stockregistercategorydmp.rpt;stockregisterdmp.rpt;yearlydepriciation.rpt;yearlydepriciationdmp.rpt	pr_i_assetregisterreport;pr_i_assetregisterreport_v1;pr_i_getstockposition;pr_i_gettransactionmonths;pr_i_r_categorywisedepriciation;pr_i_r_depriciationcalculationreport;pr_i_r_headwisedepriciation;pr_i_r_itemwisedepriciation;pr_i_r_purchasereqstatus;pr_i_r_yearlydepriciation;pr_x_r_getinvdepriciation	
3163	Inventory	Budget Estimate	3157	1	~/inventory/i_EstimateReport.aspx?	Inventory/i_EstimateReport.aspx	Crystal	screen	Crystal	budgetestimatecategorywise.rpt;budgetestimatecategorywisedmp.rpt;notewisebudgetreport.rpt;notewisebudgetreportdmp.rpt;notewisetotalbudgetreport.rpt;notewisetotalbudgetreportdmp.rpt	pr_i_budgetestimatereportcategorywise;pr_i_completebudgetestimatereport;pr_i_completebudgetestimatereportzonewise;pr_i_notewisebudgetreport;pr_i_notewisetotalbudgetreport;pr_i_regularbudgetestimatereportzonewise	
3164	Inventory	Asset Register Report	3157	1	~/inventory/i_TransactionReport.aspx?Source=AssetRegister	Inventory/i_transactionReport.aspx	Crystal	screen	Crystal	assetregister.rpt;assetregisterdmp.rpt;assetregistersummary.rpt;assetregistersummarydmp.rpt;categorywisedepriciation.rpt;categorywisedepriciationdmp.rpt;depreciationcalculation.rpt;depreciationcalculationdmp.rpt;headwisedepriciation.rpt;invdepriciation_v1.rpt;invdepriciation_v1dmp.rpt;itemwisedepriciation.rpt;itemwisedepriciationdmp.rpt;openingstock.rpt;openingstockdmp.rpt;purchaseregister.rpt;purchaseregisterdmp.rpt;purchasereport.rpt;purchasereportdmp.rpt;purchasereq.rpt;purchasereqsubreport1.rpt;receiptdispatch.rpt;receiptdispatchdmp.rpt;stockposition.rpt;stockpositiondmp.rpt;stockregister.rpt;stockregistercategory.rpt;stockregistercategorydmp.rpt;stockregisterdmp.rpt;yearlydepriciation.rpt;yearlydepriciationdmp.rpt	pr_i_assetregisterreport;pr_i_assetregisterreport_v1;pr_i_getstockposition;pr_i_gettransactionmonths;pr_i_r_categorywisedepriciation;pr_i_r_depriciationcalculationreport;pr_i_r_headwisedepriciation;pr_i_r_itemwisedepriciation;pr_i_r_purchasereqstatus;pr_i_r_yearlydepriciation;pr_x_r_getinvdepriciation	
3165	Inventory	Stock Position Report	3157	1	~/inventory/i_TransactionReport.aspx?Source=StockPosition	Inventory/i_transactionReport.aspx	Crystal	screen	Crystal	assetregister.rpt;assetregisterdmp.rpt;assetregistersummary.rpt;assetregistersummarydmp.rpt;categorywisedepriciation.rpt;categorywisedepriciationdmp.rpt;depreciationcalculation.rpt;depreciationcalculationdmp.rpt;headwisedepriciation.rpt;invdepriciation_v1.rpt;invdepriciation_v1dmp.rpt;itemwisedepriciation.rpt;itemwisedepriciationdmp.rpt;openingstock.rpt;openingstockdmp.rpt;purchaseregister.rpt;purchaseregisterdmp.rpt;purchasereport.rpt;purchasereportdmp.rpt;purchasereq.rpt;purchasereqsubreport1.rpt;receiptdispatch.rpt;receiptdispatchdmp.rpt;stockposition.rpt;stockpositiondmp.rpt;stockregister.rpt;stockregistercategory.rpt;stockregistercategorydmp.rpt;stockregisterdmp.rpt;yearlydepriciation.rpt;yearlydepriciationdmp.rpt	pr_i_assetregisterreport;pr_i_assetregisterreport_v1;pr_i_getstockposition;pr_i_gettransactionmonths;pr_i_r_categorywisedepriciation;pr_i_r_depriciationcalculationreport;pr_i_r_headwisedepriciation;pr_i_r_itemwisedepriciation;pr_i_r_purchasereqstatus;pr_i_r_yearlydepriciation;pr_x_r_getinvdepriciation	
3166	Inventory	Depriciation Report	3157	1	~/inventory/i_TransactionReport.aspx?Source=InvDepriciation	Inventory/i_transactionReport.aspx	Crystal	screen	Crystal	assetregister.rpt;assetregisterdmp.rpt;assetregistersummary.rpt;assetregistersummarydmp.rpt;categorywisedepriciation.rpt;categorywisedepriciationdmp.rpt;depreciationcalculation.rpt;depreciationcalculationdmp.rpt;headwisedepriciation.rpt;invdepriciation_v1.rpt;invdepriciation_v1dmp.rpt;itemwisedepriciation.rpt;itemwisedepriciationdmp.rpt;openingstock.rpt;openingstockdmp.rpt;purchaseregister.rpt;purchaseregisterdmp.rpt;purchasereport.rpt;purchasereportdmp.rpt;purchasereq.rpt;purchasereqsubreport1.rpt;receiptdispatch.rpt;receiptdispatchdmp.rpt;stockposition.rpt;stockpositiondmp.rpt;stockregister.rpt;stockregistercategory.rpt;stockregistercategorydmp.rpt;stockregisterdmp.rpt;yearlydepriciation.rpt;yearlydepriciationdmp.rpt	pr_i_assetregisterreport;pr_i_assetregisterreport_v1;pr_i_getstockposition;pr_i_gettransactionmonths;pr_i_r_categorywisedepriciation;pr_i_r_depriciationcalculationreport;pr_i_r_headwisedepriciation;pr_i_r_itemwisedepriciation;pr_i_r_purchasereqstatus;pr_i_r_yearlydepriciation;pr_x_r_getinvdepriciation	
3183	Retail and Corporate Operations	PortFolio Reports		1			folder					
3184	Retail and Corporate Operations	Guarantor Reports		1			folder					
3185	Retail and Corporate Operations	Client Report		1			folder					
3186	Retail and Corporate Operations	 General Reports 	3183	1			folder					
3187	Retail and Corporate Operations	Guarantors And Collateral Report	3186	1	~/Reports/RetailBanking/Loan/ReportOptions.aspx?Source=GuarantorsAndCollateralReport	Reports/RetailBanking/loan/ReportOptions.aspx	Crystal	case	Crystal;Grid	collateralsubreport.rpt;collateralsubreportdmp.rpt;guarantorsandcollateralreport.rpt;guarantorsandcollateralreportdmp.rpt;guarantorssubreport.rpt;guarantorssubreportdmp.rpt	pr_c_r_getguarantorsandcollateral	
3188	Retail and Corporate Operations	Approved Rejected Pending Loans	3186	1	~/Reports/RetailBanking/Loan/ReportOptions.aspx?Source=APPROVEDREJECTEDPENDINGLOANS	Reports/RetailBanking/loan/ReportOptions.aspx	Crystal	case	Crystal;Grid	approvedrejectedpendingloans.rpt;approvedrejectedpendingloansdmp.rpt	pr_p_r_getapprovedrejectedpendingloans	
3189	Retail and Corporate Operations	Outstanding Balance Report	3186	1	~/Reports/RetailBanking/Loan/ReportOptions.aspx?Source=OUTSTANDINGBALANCE	Reports/RetailBanking/loan/ReportOptions.aspx	Crystal	case	Crystal;Grid	outstandingbalance.rpt;outstandingbalancedmp.rpt	pr_x_r_getoutstandingbalancecons	
3190	Retail and Corporate Operations	Reprint Repayment	3186	1	~/Reports/RetailBanking/Loan/ReportOptions.aspx?Source=LoanRepaymentSchedule	Reports/RetailBanking/loan/ReportOptions.aspx	Crystal	case	Crystal;Grid	collateralrpt.rpt;gurantorrpt.rpt;loanrepaymentschedule.rpt;loanrepaymentscheduledmp.rpt	pr_x_r_getreprintrepayment	
3191	Retail and Corporate Operations	Loans Guaranteed by Guarantors Report	3186	0	~/Reports/RetailBanking/Loan/ReportOptions.aspx?Source=LoansguaranteedbyGuarantors	Reports/RetailBanking/loan/ReportOptions.aspx	Crystal	case	Crystal;Grid	loansguaranteedbyguarantors.rpt;loansguaranteedbyguarantorsdmp.rpt	pr_c_r_getloanguarantors	
3192	Retail and Corporate Operations	Disbursement Report	3186	1	~/Reports/RetailBanking/Loan/ReportOptions.aspx?Source=DISBURSEMENTREPORT	Reports/RetailBanking/loan/ReportOptions.aspx	Crystal	case	Crystal;Grid	disbursementreport.rpt;disbursementreportdmp.rpt	pr_x_r_getdisbursementcons	
3193	Retail and Corporate Operations	Arrears Report	3183	1	~/Reports/RetailBanking/Loan/ReportOptions.aspx?Source=ARREARSREPORT	Reports/RetailBanking/loan/ReportOptions.aspx	Crystal	case	Crystal;Grid	arrearsreport.rpt;arrearsreportdmp.rpt	pr_c_r_getarrearscons	
3194	Retail and Corporate Operations	Portfolio at Risk	3183	1	~/Reports/RetailBanking/Loan/ReportOptions.aspx?Source=PORTFOLIOATRISKREPORT	Reports/RetailBanking/loan/ReportOptions.aspx	Crystal	case	Crystal;Grid	portfolioatriskreport.rpt;portfolioatriskreportdmp.rpt;portfolioreports.rpt;portfolioreportsdmp.rpt	pr_c_r_getportfolio;pr_c_r_getportfolioriskcons	
3195	Retail and Corporate Operations	Analysis Reports	3183	1			folder					
3196	Retail and Corporate Operations	Active Portfolio per Credit Officer	3195	1	~/Reports/RetailBanking/Loan/ReportOptions.aspx?Source=ActivePortfolioperCreditOfficer	Reports/RetailBanking/loan/ReportOptions.aspx	Crystal	case	Crystal;Grid	activeportfoliopercreditofficer.rpt;activeportfoliopercreditofficerdmp.rpt;portfolioreports.rpt;portfolioreportsdmp.rpt	pr_c_r_getportfolio;pr_p_r_getactiveportfoliocreditofficercons	
3197	Retail and Corporate Operations	Category Reports	3195	1	~/Reports/RetailBanking/Loan/ReportOptions.aspx?Source=CATEGORYREPORTS	Reports/RetailBanking/loan/ReportOptions.aspx	Crystal	case	Crystal;Grid	categoryreports.rpt;categoryreportsdmp.rpt	pr_b_r_getcategorycons	
3198	Retail and Corporate Operations	Loan Cycles Report	3195	1	~/Reports/RetailBanking/Loan/ReportOptions.aspx?Source=LOANCYCLESREPORT	Reports/RetailBanking/loan/ReportOptions.aspx	Crystal	case	Crystal;Grid	loancyclesreport.rpt;loancyclesreportdmp.rpt	pr_c_r_getloancyclecons	
3199	Retail and Corporate Operations	Top Borrowers Report	2057	1	~/Reports/RetailBanking/Loan/ReportOptions.aspx?Source=TOPBORROWERSREPORT	Reports/RetailBanking/loan/ReportOptions.aspx	Crystal	case	Crystal;Grid	topborrowersreport.rpt;topborrowersreportdmpv1.rpt	pr_b_r_gettopborrowerscons	
3200	Retail and Corporate Operations	Report on Due	3183	1			folder					
3201	Retail and Corporate Operations	Amounts Due	3200	1	~/Reports/RetailBanking/Loan/ReportOptions.aspx?Source=AMOUNTSDUE	Reports/RetailBanking/loan/ReportOptions.aspx	Crystal	case	Crystal;Grid	amountsdue.rpt;amountsduedmp.rpt	pr_x_r_getamountsduecons	
3202	Retail and Corporate Operations	Amounts Due Today	3200	1	~/Reports/RetailBanking/Loan/ReportOptions.aspx?Source=AMOUNTSDUETODAY	Reports/RetailBanking/loan/ReportOptions.aspx	Crystal	case	Crystal;Grid	amountduetoday.rpt;amountduetodaydmp.rpt	pr_x_r_getamountsduetodaycons	
3203	Retail and Corporate Operations	Upcoming Maturity Loans Report	3200	1	~/Reports/RetailBanking/Loan/ReportOptions.aspx?Source=UPCOMINGMATURITYLOANSREPORT	Reports/RetailBanking/loan/ReportOptions.aspx	Crystal	case	Crystal;Grid	upcomingmaturityloans.rpt;upcomingmaturityloansdmp.rpt	pr_x_r_getupcomingmaturityloanscons	
3204	Retail and Corporate Operations	Repeat Clients Loans Report	3185	1	~/Reports/RetailBanking/Loan/ReportOptions.aspx?Source=REPEATCLIENTSLOANSREPORT	Reports/RetailBanking/loan/ReportOptions.aspx	Crystal	case	Crystal;Grid	repeatclientsloansreport.rpt;repeatclientsloansreportdmp.rpt	pr_b_r_getrepeatclientsloanscons	
3206	Retail and Corporate Operations	Reports on Repayments	3183	1			folder					
3207	Retail and Corporate Operations	Expected Repayments of Past and Present Dues	3206	1	~/Reports/RetailBanking/Loan/ReportOptions.aspx?Source=EXPECTEDREPAYMENTSOFPASTPRESENTDUES	Reports/RetailBanking/loan/ReportOptions.aspx	Crystal	case	Crystal;Grid	expectedrepaymentofpastpresentdues.rpt;expectedrepaymentofpastpresentduesdmp.rpt	pr_x_r_getexpectedrepaymentspastpresentdues	
3208	Retail and Corporate Operations	Fully Repaid Loans Report	3206	1	~/Reports/RetailBanking/Loan/ReportOptions.aspx?Source=FULLYREPAIDLOANSREPORT	Reports/RetailBanking/loan/ReportOptions.aspx	Crystal	case	Crystal;Grid	fullyrepaidloansreport.rpt;fullyrepaidloansreportdmp.rpt	pr_x_r_getfullyrepaidloans	
3209	Retail and Corporate Operations	Loan History Report	3206	1	~/Reports/RetailBanking/Loan/ReportOptions.aspx?Source=LOANHISTORYREPORT	Reports/RetailBanking/loan/ReportOptions.aspx	Crystal	case	Crystal;Grid	loanhistoryreport.rpt;loanhistoryreportdmp.rpt	pr_c_r_getloanhistorycons	
3210	Retail and Corporate Operations	On-Time Repayments per Cycle Report	3206	1	~/Reports/RetailBanking/Loan/ReportOptions.aspx?Source=ONTIMEREPAYMENTSPERCYCLEREPORT	Reports/RetailBanking/loan/ReportOptions.aspx	Crystal	case	Crystal;Grid	ontimerepaymentspercyclereport.rpt;ontimerepaymentspercyclereportdmp.rpt	pr_x_r_getontimerepaymentspercyclecons	
3211	Retail and Corporate Operations	Payments Made During a Period Report	3206	1	~/Reports/RetailBanking/Loan/ReportOptions.aspx?Source=PAYMENTSMADEDURINGPERIODREPORT	Reports/RetailBanking/loan/ReportOptions.aspx	Crystal	case	Crystal;Grid	paymentsmadeduringperiodreport.rpt;paymentsmadeduringperiodreportdmp.rpt	pr_x_r_getpaymentsmadeduringperiodcons	
3212	Retail and Corporate Operations	Payments Made since Disbursement	3206	1	~/Reports/RetailBanking/Loan/ReportOptions.aspx?Source=PAYMENTSMADESINCEDISBURSEMENT	Reports/RetailBanking/loan/ReportOptions.aspx	Crystal	case	Crystal;Grid	paymentsmadesincedisbursement.rpt;paymentsmadesincedisbursementdmp.rpt	pr_x_r_getpaymentsmadedisbursementcons	
3213	Retail and Corporate Operations	Penalties Charged Vs Penalties Paid	3206	1	~/Reports/RetailBanking/Loan/ReportOptions.aspx?Source=PENALTIESCHARGEDPENALTIESPAID	Reports/RetailBanking/loan/ReportOptions.aspx	Crystal	case	Crystal;Grid	penaltieschargedpenaltiespaid.rpt;penaltieschargedpenaltiespaiddmp.rpt	pr_x_r_getpenaltieschargedpaid	
3214	Retail and Corporate Operations	Pre-Payments Made During a Period Report	3206	1	~/Reports/RetailBanking/Loan/ReportOptions.aspx?Source=PREPAYMENTSMADEDURINGPERIODREPORT	Reports/RetailBanking/loan/ReportOptions.aspx	Crystal	case	Crystal;Grid	prepaymentsmadeduringperiodreport.rpt;prepaymentsmadeduringperiodreportdmp.rpt	pr_x_r_getprepaymentsmadeperiodcons	
3215	Retail and Corporate Operations	Repayment of Dues Report	3206	1	~/Reports/RetailBanking/Loan/ReportOptions.aspx?Source=REPAYMENTDUESREPORT	Reports/RetailBanking/loan/ReportOptions.aspx	Crystal	case	Crystal;Grid	repaymentduesreport.rpt;repaymentduesreportdmp.rpt	pr_x_r_getrepaymentsduescons	
3216	Retail and Corporate Operations	Repayments Past Due Report	3206	1	~/Reports/RetailBanking/Loan/ReportOptions.aspx?Source=REPAYMENTSPASTDUEREPORT	Reports/RetailBanking/loan/ReportOptions.aspx	Crystal	case	Crystal;Grid	repaymentspastduereport.rpt;repaymentspastduereportdmp.rpt	pr_x_r_getrepaymentspastduescons	
3217	Retail and Corporate Operations	Report on Fees Received	3206	1	~/Reports/RetailBanking/Loan/ReportOptions.aspx?Source=REPORTFEESRECEIVED	Reports/RetailBanking/loan/ReportOptions.aspx	Crystal	case	Crystal;Grid	reportfeesreceived.rpt;reportfeesreceiveddmp.rpt	pr_x_r_getfeesreceivedcons	
3219	Retail and Corporate Operations	CBL Reports	2747	1	~/Reports/CBLReports/CBLReports.aspx?	Reports/CBLReports/CBLReports.aspx	Crystal	screen	Chart;Crystal;Excel	collateralized.rpt;guaranteetrans.rpt;mbr1000_i.rpt;mbr1000_ii.rpt;mbr130_i.rpt;mbr130_ii.rpt;mbr400_i.rpt;mbr400_ii.rpt;nettingoff.rpt;qbr100_i.rpt;qbr100_ii.rpt;qbr500ld.rpt;qbr500usd.rpt;qbr600ld.rpt;qbr600usd.rpt;schdb_car_i.rpt;schdb_car_ii.rpt;wbr100_i.rpt;wbr100_ii.rpt	pr_cbl_reports	
3232	Trade Finance	BG Template Report	2815	1	~/Reports/RetailBanking/TDBG/TDBGReportOptions.aspx?source=BGTemplateReport	Reports/RetailBanking/TDBG/TDBGReportOptions.aspx	Crystal	case	Crystal	tdbgtemplatereport.rpt	pr_x_r_getbgtemplatereport	
3239	Retail and Corporate Operations	Manager Cheque Paid UnPaid Report	2130	1	~/Reports/RetailBanking/BankerChequeReport.aspx?	Reports/RetailBanking/BankerChequeReport.aspx	Crystal	screen	Crystal	paidunpaidbankerchequereport.rpt;paidunpaidbankerchequereportdmp.rpt	pr_x_r_paidunpaidbankercheque	
3243	Internet Banking	User List Report	3246	1	~/Reports/HelpDesk/HelpDeskReportSetting.aspx?source=UserListReport	Reports/HelpDesk/HelpDeskReportSetting.aspx	Crystal	case	Crystal	hduserlist.rpt	pr_hd_r_getuserlist	
3244	Internet Banking	User Activity Report	3246	1	~/Reports/HelpDesk/HelpDeskReportSetting.aspx?source=UserActivityReport	Reports/HelpDesk/HelpDeskReportSetting.aspx	Crystal	case	Crystal	useractivity.rpt	pr_hd_r_getuseractivity	
3245	Internet Banking	Pending Request Report	3246	1	~/Reports/HelpDesk/HelpDeskReportSetting.aspx?source=PendingRequestReport	Reports/HelpDesk/HelpDeskReportSetting.aspx	Crystal	case	Crystal	hdpendingrequestaccountstatement.rpt;hdpendingrequestchequebookissue.rpt;hdpendingrequestfundtransfer.rpt;hdpendingrequestlcamendment.rpt;hdpendingrequestloanapplication.rpt;hdpendingrequeststoppayment.rpt;hdpendingrequestwiretransfer.rpt	pr_hd_r_pendingrequeststatus	
3246	Internet Banking	Internet Banking Reports		1	?		folder					
3252	Retail and Corporate Operations	Management Reports	2747	1	~/Reports/CBLReports/CBLReports.aspx?source=managerreport	Reports/CBLReports/CBLReports.aspx	Crystal	screen	Chart;Crystal;Excel	collateralized.rpt;guaranteetrans.rpt;mbr1000_i.rpt;mbr1000_ii.rpt;mbr130_i.rpt;mbr130_ii.rpt;mbr400_i.rpt;mbr400_ii.rpt;nettingoff.rpt;qbr100_i.rpt;qbr100_ii.rpt;qbr500ld.rpt;qbr500usd.rpt;qbr600ld.rpt;qbr600usd.rpt;schdb_car_i.rpt;schdb_car_ii.rpt;wbr100_i.rpt;wbr100_ii.rpt	pr_cbl_reports	
3256	Inventory	Purchase Request Report	3157	1	~/inventory/i_TransactionReport.aspx?Source=PurchaseReq	Inventory/i_transactionReport.aspx	Crystal	screen	Crystal	assetregister.rpt;assetregisterdmp.rpt;assetregistersummary.rpt;assetregistersummarydmp.rpt;categorywisedepriciation.rpt;categorywisedepriciationdmp.rpt;depreciationcalculation.rpt;depreciationcalculationdmp.rpt;headwisedepriciation.rpt;invdepriciation_v1.rpt;invdepriciation_v1dmp.rpt;itemwisedepriciation.rpt;itemwisedepriciationdmp.rpt;openingstock.rpt;openingstockdmp.rpt;purchaseregister.rpt;purchaseregisterdmp.rpt;purchasereport.rpt;purchasereportdmp.rpt;purchasereq.rpt;purchasereqsubreport1.rpt;receiptdispatch.rpt;receiptdispatchdmp.rpt;stockposition.rpt;stockpositiondmp.rpt;stockregister.rpt;stockregistercategory.rpt;stockregistercategorydmp.rpt;stockregisterdmp.rpt;yearlydepriciation.rpt;yearlydepriciationdmp.rpt	pr_i_assetregisterreport;pr_i_assetregisterreport_v1;pr_i_getstockposition;pr_i_gettransactionmonths;pr_i_r_categorywisedepriciation;pr_i_r_depriciationcalculationreport;pr_i_r_headwisedepriciation;pr_i_r_itemwisedepriciation;pr_i_r_purchasereqstatus;pr_i_r_yearlydepriciation;pr_x_r_getinvdepriciation	
3258	Central Administration	User Reports	3257	1	?		folder					
3259	Central Administration	User Rights Report	3258	1	~/Reports/Admin/AdminReport.aspx?source=UserRights	Reports/Admin/AdminReport.aspx	Crystal	screen	Crystal	logtime.rpt;logtimeformat1.rpt;useraccessstatus.rpt;userconnectedstatus.rpt;userinformation.rpt;userinformation1.rpt;usermoduledetail.rpt;userrights.rpt;userrightsassignrevoke.rpt;userrightsdetail.rpt;userrightsrevoke.rpt	pr_a_getlogtimebydate;pr_a_getlogtimeforalluser;pr_a_getlogtimeforuser;pr_a_getrightsassignrevoke;pr_a_getuserconnectedstatus;pr_a_getuserinformation;pr_a_getuserinformationdetails;pr_a_getusermoduledetails;pr_a_getuserrightsdetails;pr_a_r_getuserstatusdetails;pr_a_r_userrights;pr_x_r_getuseraccessrevoke	
3265	Retail and Corporate Operations	Account Open Letter Report	2057	1	~/Reports/RetailBanking/ReportOptions.aspx?Source=NewAccOpen	Reports/RetailBanking/ReportOptions.aspx	Crystal	case	Crystal;Excel;Grid	newaccopenreport.rpt;newaccopenreportdeclaration.rpt;newaccopenreportdetail.rpt;newaccopenreportfooter.rpt;newaccopenreportheader.rpt;newaccopenreportsubject.rpt;newaccopenreportsummary.rpt	pr_b_r_newaccopenreport	
3266	Internet Banking	Transaction Report	3246	1	~/Reports/HelpDesk/HelpDeskReportSetting.aspx?source=TransactionReport	Reports/HelpDesk/HelpDeskReportSetting.aspx	Crystal	case	Crystal	hdfundtransfertransaction.rpt	pr_hd_r_getfundtransfertransactionrequest	
3276	Retail and Corporate Operations	Top Account Depositors And Exposures	2057	0	~/Reports/RetailBanking/SeedReports/SeedReportOptions.aspx?source=AccountDepositorAndExposure	Reports/RetailBanking/SeedReports/SeedReportOptions.aspx	Crystal	case	Crystal;Grid	accountdepositorandexposure.rpt	pr_b_r_getaccountdepoandexpobal	
3291	Retail and Corporate Operations	Outward Return Transaction Report	2406	1	~/Reports/RetailBanking/Clearing/ClearingReportSettings.aspx?Source=OutwardReturnClearing	Reports/RetailBanking/Clearing/ClearingReportSettings.aspx	Crystal	case	Crystal	outwardreturnclearingreportnew.rpt	pr_x_r_getoutwardreturnclearingcons	
3292	Retail and Corporate Operations	Outward Return Memo	2406	1	~/Reports/RetailBanking/Clearing/ClearingReportSettings.aspx?Source=OutwardReturnMemo	Reports/RetailBanking/Clearing/ClearingReportSettings.aspx	Crystal	case	Crystal	outwardreturnmemoreport.rpt;outwardreturnmemoreportdmp.rpt	pr_x_r_getoutwardreturnmemo	
3303	Retail and Corporate Operations	FD Certificate Letter	2058	1	~/Reports/RetailBanking/ReportOptions.aspx?source=FDCertificate	Reports/RetailBanking/ReportOptions.aspx	Crystal	case	Crystal;Excel;Grid	fdcertificate.rpt	pr_x_r_getfdcertinfo	
3304	Retail and Corporate Operations	Unpaid Cheques By Bank	2406	1	~/Reports/RetailBanking/Clearing/ClearingReportSettings.aspx?Source=UnpaidChequeClearing	Reports/RetailBanking/Clearing/ClearingReportSettings.aspx	Crystal	case	Crystal	unpaidcheckreport.rpt	pr_x_r_getunpaidchequecons	
3317	Retail and Corporate Operations	Loan Reschedule Report	2121	1	~/Reports/RetailBanking/Loan/ReportOptions.aspx?Source=RESCHEDULEDLOANREPORT	Reports/RetailBanking/loan/ReportOptions.aspx	Crystal	case	Crystal;Grid	rescheduledloansreport.rpt;rescheduledloansreportdmp.rpt	pr_x_r_getrescheduleloanscons	
3318	Retail and Corporate Operations	Profit Loss Summery Report	2419	1	~/Reports/RetailBanking/ReportOptions.aspx?Source=ProfitLossSummary	Reports/RetailBanking/ReportOptions.aspx	Crystal	case	Crystal;Excel;Grid	profitlosssummaryreport.rpt;profitlosssummaryreportcons.rpt;profitlosssummaryreportconsdmp.rpt;profitlosssummaryreportdmp.rpt	pr_x_r_getprofitlosssummarycons	
3319	Retail and Corporate Operations	State During Period Report	2130	1	~/Reports/RetailBanking/Loan/ReportOptions.aspx?Source=STATEDURINGAPERIOD	Reports/RetailBanking/loan/ReportOptions.aspx	Crystal	case	Crystal;Grid	stateduringperioddmp.rpt;stateduringperiodv1.rpt	pr_b_r_getstatedateperiodcons	
3322	Retail and Corporate Operations	Repayment written off Report	2121	1	~/Reports/RetailBanking/Loan/ReportOptions.aspx?Source=REPAYMENTSWRITTENOFFLOANSREPORT	Reports/RetailBanking/loan/ReportOptions.aspx	Crystal	case	Crystal;Grid	repaymentswrittenoffloansreport.rpt;repaymentswrittenoffloansreportdmp.rpt	pr_x_r_getrepaywrittenoffloanscons	
3327	Retail and Corporate Operations	Loan written off Report	2121	1	~/Reports/RetailBanking/Loan/ReportOptions.aspx?Source=LOANWRITTENOFF	Reports/RetailBanking/loan/ReportOptions.aspx	Crystal	case	Crystal;Grid	loanwrittenoff.rpt	pr_x_r_loanwrittenoffcons	
3330	Retail and Corporate Operations	Loan Ledger Card Report	2121	1	~/Reports/RetailBanking/Loan/ReportOptions.aspx?Source=LOANLEDGERCARDREPORT	Reports/RetailBanking/loan/ReportOptions.aspx	Crystal	case	Crystal;Grid	loanledgercard.rpt;loanledgercardsubreport.rpt	pr_x_r_getledgercard	
3333	Retail and Corporate Operations	ATM Report		1			folder					
3334	Retail and Corporate Operations	ATM Branch Wise Transaction Report	3333	1	~/Reports/RetailBanking/ATM/ATM%20Reports.aspx?Source=AtmBranchWiseReport	Reports/RetailBanking/ATM/ATM Reports.aspx	Crystal	case	Crystal	atmbranchtransactionreport.rpt	pr_b_r_atmbranchwisecons	
3335	Retail and Corporate Operations	ATM Account Wise Transaction Report	3333	1	~/Reports/RetailBanking/ATM/ATM%20Reports.aspx?Source=AtmAccountWiseTran	Reports/RetailBanking/ATM/ATM Reports.aspx	Crystal	case	Crystal	atmaccountwisetrreport.rpt	pr_b_r_getatmtran	
3336	Retail and Corporate Operations	ATM Card Report	3333	1	~/Reports/RetailBanking/ATM/ATM%20Reports.aspx?Source=AtmCardReport	Reports/RetailBanking/ATM/ATM Reports.aspx	Crystal	case	Crystal	atmcardreports.rpt	pr_b_r_atmcardreportcons	
3337	Retail and Corporate Operations	Inward Transaction Report	2406	1	~/Reports/RetailBanking/Clearing/ClearingReportSettings.aspx?Source=InwardClearing	Reports/RetailBanking/Clearing/ClearingReportSettings.aspx	Crystal	case	Crystal	inwardclearingreport.rpt	pr_x_r_getinwardclearingtrandetailscons	
3339	Retail and Corporate Operations	OverDraft Accrued Interest Report	2057	1	~/Reports/RetailBanking/SeedReports/SeedReportOptions.aspx?source=OverDraftAccruedInterestReport	Reports/RetailBanking/SeedReports/SeedReportOptions.aspx	Crystal	case	Crystal;Grid	accruvaloverdraftintreport.rpt	pr_x_r_accruvalodinterest	
3340	Retail and Corporate Operations	Month End Report	2130	1	~/Reports/RetailBanking/SeedReports/SeedReportOptions.aspx?source=MonthEndReport	Reports/RetailBanking/SeedReports/SeedReportOptions.aspx	Crystal	case	Crystal;Grid	monthendreport.rpt	pr_x_r_monthendreportcons	
3346	Retail and Corporate Operations	Wire Transaction Report	2050	1	~/Reports/RetailBanking/ReportOptions.aspx?Source=WireTransaction	Reports/RetailBanking/ReportOptions.aspx	Crystal	case	Crystal;Excel;Grid	wiretransaction.rpt	pr_x_r_getwiretransactioncons	
3347	Retail and Corporate Operations	CBL Reports		1			folder					
3348	Retail and Corporate Operations	CBL Daily Reports	3347	1	~/reports/cblreportsv1/cblreportsv1.aspx?source=daily	Reports/CBLReportsV1/CBLReportsV1.aspx	Crystal	screen	Chart;Crystal	cbl_cbofsar001_01.rpt;cbl_cbofsar002_01.rpt;cbl_cbofsar002_02.rpt;cbl_cbofsar002_03.rpt;cbl_cbofsawr010_01.rpt;cbl_cbofsawr010_02.rpt;cbl_cbofsmr019_01.rpt;cbl_cbofsmr019_02.rpt;cbl_cbofsmr020_01.rpt;cbl_cbofsmr020_02.rpt;cbl_cbofsmr021_01.rpt;cbl_cbofsmr021_02.rpt;cbl_cbofsmr021_03.rpt;cbl_cbofsmr022_01.rpt;cbl_cbofsmr022_02.rpt;cbl_cbofsmr022_03.rpt;cbl_cbofsmr023_01.rpt;cbl_cbofsmr023_02.rpt;cbl_cbofsmr024_01.rpt;cbl_cbofsms002_1.rpt;cbl_cbofsms002_10.rpt;cbl_cbofsms002_2.rpt;cbl_cbofsms002_3.rpt;cbl_cbofsms002_4.rpt;cbl_cbofsms002_5.rpt;cbl_cbofsms002_6.rpt;cbl_cbofsms002_7.rpt;cbl_cbofsms002_8.rpt;cbl_cbofsms002_9.rpt;cbl_cbofsms003_01.rpt;cbl_cbofsms003_02.rpt;cbl_cbofsms003_03.rpt;cbl_cbofsms003_04.rpt;cbl_cbofsms003_05.rpt;cbl_cbofsms003_06.rpt;cbl_cbofsms003_07.rpt;cbl_cbofsms003_08.rpt;cbl_cbofsms003_09.rpt;cbl_cbofsms003_10.rpt;cbl_cbofsms004_01.rpt;cbl_cbofsms004_02.rpt;cbl_cbofsms004_03.rpt;cbl_cbofsms004_04.rpt;cbl_cbofsms004_05.rpt;cbl_cbofsms004_06.rpt;cbl_cbofsms004_07.rpt;cbl_cbofsms004_08.rpt;cbl_cbofsms004_09.rpt;cbl_cbofsms004_10.rpt;cbl_cbofsms006_01.rpt;cbl_cbofsms006_02.rpt;cbl_cbofsms006_03.rpt;cbl_cbofsms006_04.rpt;cbl_cbofsms006_05.rpt;cbl_cbofsms006_06.rpt;cbl_cbofsms008_01.rpt;cbl_cbofsms008_02.rpt;cbl_cbofsms009_01.rpt;cbl_cbofsms009_02.rpt;cbl_cbofsms018_01.rpt;cbl_cbofsms018_02.rpt;cbl_cbofsqr001_01.rpt;cbl_cbofsqr001_02.rpt;cbl_cbofsqr003_01.rpt;cbl_cbofsqr003_02.rpt;cbl_cbofsqr004_01.rpt;cbl_cbofsqr004_02.rpt;cbl_cbofsqr004_03.rpt;cbl_cbofsqr005_01.rpt;cbl_cbofsqr005_02.rpt;cbl_cbofsqr006_01.rpt;cbl_cbofsqr006_02.rpt;cbl_cbofsqr007_01.rpt;cbl_cbofsqr007_02.rpt;cbl_cbofsqr009_01.rpt;cbl_cbofsqr009_02.rpt;cbl_cbofsqr009_03.rpt;cbl_cbofsqr009_04.rpt;cbl_cbofsqr009_05.rpt;cbl_cbofsqr009_06.rpt;cbl_cbofsqr010_01.rpt;cbl_cbofsqr010_02.rpt;cbl_cbofsqr020_01.rpt;cbl_cbofsqr021_01.rpt;cbl_cbofsqr022_01.rpt;cbl_cbofsqr023_01.rpt;cbl_cbofsqr024_01.rpt;cbl_cbofsqr026_01.rpt;cbl_cbofsqr026_02.rpt;cbl_cbofsqr028_01.rpt;cbl_cbofsqr028_02.rpt;cbl_cbofsqr029_01.rpt;cbl_cbofsqr029_02.rpt	pr_cbl_reportsv1	
3349	Retail and Corporate Operations	CBL Weekly Reports	3347	1	~/reports/cblreportsv1/cblreportsv1.aspx?source=weekly	Reports/CBLReportsV1/CBLReportsV1.aspx	Crystal	screen	Chart;Crystal	cbl_cbofsar001_01.rpt;cbl_cbofsar002_01.rpt;cbl_cbofsar002_02.rpt;cbl_cbofsar002_03.rpt;cbl_cbofsawr010_01.rpt;cbl_cbofsawr010_02.rpt;cbl_cbofsmr019_01.rpt;cbl_cbofsmr019_02.rpt;cbl_cbofsmr020_01.rpt;cbl_cbofsmr020_02.rpt;cbl_cbofsmr021_01.rpt;cbl_cbofsmr021_02.rpt;cbl_cbofsmr021_03.rpt;cbl_cbofsmr022_01.rpt;cbl_cbofsmr022_02.rpt;cbl_cbofsmr022_03.rpt;cbl_cbofsmr023_01.rpt;cbl_cbofsmr023_02.rpt;cbl_cbofsmr024_01.rpt;cbl_cbofsms002_1.rpt;cbl_cbofsms002_10.rpt;cbl_cbofsms002_2.rpt;cbl_cbofsms002_3.rpt;cbl_cbofsms002_4.rpt;cbl_cbofsms002_5.rpt;cbl_cbofsms002_6.rpt;cbl_cbofsms002_7.rpt;cbl_cbofsms002_8.rpt;cbl_cbofsms002_9.rpt;cbl_cbofsms003_01.rpt;cbl_cbofsms003_02.rpt;cbl_cbofsms003_03.rpt;cbl_cbofsms003_04.rpt;cbl_cbofsms003_05.rpt;cbl_cbofsms003_06.rpt;cbl_cbofsms003_07.rpt;cbl_cbofsms003_08.rpt;cbl_cbofsms003_09.rpt;cbl_cbofsms003_10.rpt;cbl_cbofsms004_01.rpt;cbl_cbofsms004_02.rpt;cbl_cbofsms004_03.rpt;cbl_cbofsms004_04.rpt;cbl_cbofsms004_05.rpt;cbl_cbofsms004_06.rpt;cbl_cbofsms004_07.rpt;cbl_cbofsms004_08.rpt;cbl_cbofsms004_09.rpt;cbl_cbofsms004_10.rpt;cbl_cbofsms006_01.rpt;cbl_cbofsms006_02.rpt;cbl_cbofsms006_03.rpt;cbl_cbofsms006_04.rpt;cbl_cbofsms006_05.rpt;cbl_cbofsms006_06.rpt;cbl_cbofsms008_01.rpt;cbl_cbofsms008_02.rpt;cbl_cbofsms009_01.rpt;cbl_cbofsms009_02.rpt;cbl_cbofsms018_01.rpt;cbl_cbofsms018_02.rpt;cbl_cbofsqr001_01.rpt;cbl_cbofsqr001_02.rpt;cbl_cbofsqr003_01.rpt;cbl_cbofsqr003_02.rpt;cbl_cbofsqr004_01.rpt;cbl_cbofsqr004_02.rpt;cbl_cbofsqr004_03.rpt;cbl_cbofsqr005_01.rpt;cbl_cbofsqr005_02.rpt;cbl_cbofsqr006_01.rpt;cbl_cbofsqr006_02.rpt;cbl_cbofsqr007_01.rpt;cbl_cbofsqr007_02.rpt;cbl_cbofsqr009_01.rpt;cbl_cbofsqr009_02.rpt;cbl_cbofsqr009_03.rpt;cbl_cbofsqr009_04.rpt;cbl_cbofsqr009_05.rpt;cbl_cbofsqr009_06.rpt;cbl_cbofsqr010_01.rpt;cbl_cbofsqr010_02.rpt;cbl_cbofsqr020_01.rpt;cbl_cbofsqr021_01.rpt;cbl_cbofsqr022_01.rpt;cbl_cbofsqr023_01.rpt;cbl_cbofsqr024_01.rpt;cbl_cbofsqr026_01.rpt;cbl_cbofsqr026_02.rpt;cbl_cbofsqr028_01.rpt;cbl_cbofsqr028_02.rpt;cbl_cbofsqr029_01.rpt;cbl_cbofsqr029_02.rpt	pr_cbl_reportsv1	
3350	Retail and Corporate Operations	CBL Monthly Reports	3347	1	~/reports/cblreportsv1/cblreportsv1.aspx?source=monthly	Reports/CBLReportsV1/CBLReportsV1.aspx	Crystal	screen	Chart;Crystal	cbl_cbofsar001_01.rpt;cbl_cbofsar002_01.rpt;cbl_cbofsar002_02.rpt;cbl_cbofsar002_03.rpt;cbl_cbofsawr010_01.rpt;cbl_cbofsawr010_02.rpt;cbl_cbofsmr019_01.rpt;cbl_cbofsmr019_02.rpt;cbl_cbofsmr020_01.rpt;cbl_cbofsmr020_02.rpt;cbl_cbofsmr021_01.rpt;cbl_cbofsmr021_02.rpt;cbl_cbofsmr021_03.rpt;cbl_cbofsmr022_01.rpt;cbl_cbofsmr022_02.rpt;cbl_cbofsmr022_03.rpt;cbl_cbofsmr023_01.rpt;cbl_cbofsmr023_02.rpt;cbl_cbofsmr024_01.rpt;cbl_cbofsms002_1.rpt;cbl_cbofsms002_10.rpt;cbl_cbofsms002_2.rpt;cbl_cbofsms002_3.rpt;cbl_cbofsms002_4.rpt;cbl_cbofsms002_5.rpt;cbl_cbofsms002_6.rpt;cbl_cbofsms002_7.rpt;cbl_cbofsms002_8.rpt;cbl_cbofsms002_9.rpt;cbl_cbofsms003_01.rpt;cbl_cbofsms003_02.rpt;cbl_cbofsms003_03.rpt;cbl_cbofsms003_04.rpt;cbl_cbofsms003_05.rpt;cbl_cbofsms003_06.rpt;cbl_cbofsms003_07.rpt;cbl_cbofsms003_08.rpt;cbl_cbofsms003_09.rpt;cbl_cbofsms003_10.rpt;cbl_cbofsms004_01.rpt;cbl_cbofsms004_02.rpt;cbl_cbofsms004_03.rpt;cbl_cbofsms004_04.rpt;cbl_cbofsms004_05.rpt;cbl_cbofsms004_06.rpt;cbl_cbofsms004_07.rpt;cbl_cbofsms004_08.rpt;cbl_cbofsms004_09.rpt;cbl_cbofsms004_10.rpt;cbl_cbofsms006_01.rpt;cbl_cbofsms006_02.rpt;cbl_cbofsms006_03.rpt;cbl_cbofsms006_04.rpt;cbl_cbofsms006_05.rpt;cbl_cbofsms006_06.rpt;cbl_cbofsms008_01.rpt;cbl_cbofsms008_02.rpt;cbl_cbofsms009_01.rpt;cbl_cbofsms009_02.rpt;cbl_cbofsms018_01.rpt;cbl_cbofsms018_02.rpt;cbl_cbofsqr001_01.rpt;cbl_cbofsqr001_02.rpt;cbl_cbofsqr003_01.rpt;cbl_cbofsqr003_02.rpt;cbl_cbofsqr004_01.rpt;cbl_cbofsqr004_02.rpt;cbl_cbofsqr004_03.rpt;cbl_cbofsqr005_01.rpt;cbl_cbofsqr005_02.rpt;cbl_cbofsqr006_01.rpt;cbl_cbofsqr006_02.rpt;cbl_cbofsqr007_01.rpt;cbl_cbofsqr007_02.rpt;cbl_cbofsqr009_01.rpt;cbl_cbofsqr009_02.rpt;cbl_cbofsqr009_03.rpt;cbl_cbofsqr009_04.rpt;cbl_cbofsqr009_05.rpt;cbl_cbofsqr009_06.rpt;cbl_cbofsqr010_01.rpt;cbl_cbofsqr010_02.rpt;cbl_cbofsqr020_01.rpt;cbl_cbofsqr021_01.rpt;cbl_cbofsqr022_01.rpt;cbl_cbofsqr023_01.rpt;cbl_cbofsqr024_01.rpt;cbl_cbofsqr026_01.rpt;cbl_cbofsqr026_02.rpt;cbl_cbofsqr028_01.rpt;cbl_cbofsqr028_02.rpt;cbl_cbofsqr029_01.rpt;cbl_cbofsqr029_02.rpt	pr_cbl_reportsv1	
3351	Retail and Corporate Operations	CBL Quarterly Reports	3347	1	~/reports/cblreportsv1/cblreportsv1.aspx?source=quarterly	Reports/CBLReportsV1/CBLReportsV1.aspx	Crystal	screen	Chart;Crystal	cbl_cbofsar001_01.rpt;cbl_cbofsar002_01.rpt;cbl_cbofsar002_02.rpt;cbl_cbofsar002_03.rpt;cbl_cbofsawr010_01.rpt;cbl_cbofsawr010_02.rpt;cbl_cbofsmr019_01.rpt;cbl_cbofsmr019_02.rpt;cbl_cbofsmr020_01.rpt;cbl_cbofsmr020_02.rpt;cbl_cbofsmr021_01.rpt;cbl_cbofsmr021_02.rpt;cbl_cbofsmr021_03.rpt;cbl_cbofsmr022_01.rpt;cbl_cbofsmr022_02.rpt;cbl_cbofsmr022_03.rpt;cbl_cbofsmr023_01.rpt;cbl_cbofsmr023_02.rpt;cbl_cbofsmr024_01.rpt;cbl_cbofsms002_1.rpt;cbl_cbofsms002_10.rpt;cbl_cbofsms002_2.rpt;cbl_cbofsms002_3.rpt;cbl_cbofsms002_4.rpt;cbl_cbofsms002_5.rpt;cbl_cbofsms002_6.rpt;cbl_cbofsms002_7.rpt;cbl_cbofsms002_8.rpt;cbl_cbofsms002_9.rpt;cbl_cbofsms003_01.rpt;cbl_cbofsms003_02.rpt;cbl_cbofsms003_03.rpt;cbl_cbofsms003_04.rpt;cbl_cbofsms003_05.rpt;cbl_cbofsms003_06.rpt;cbl_cbofsms003_07.rpt;cbl_cbofsms003_08.rpt;cbl_cbofsms003_09.rpt;cbl_cbofsms003_10.rpt;cbl_cbofsms004_01.rpt;cbl_cbofsms004_02.rpt;cbl_cbofsms004_03.rpt;cbl_cbofsms004_04.rpt;cbl_cbofsms004_05.rpt;cbl_cbofsms004_06.rpt;cbl_cbofsms004_07.rpt;cbl_cbofsms004_08.rpt;cbl_cbofsms004_09.rpt;cbl_cbofsms004_10.rpt;cbl_cbofsms006_01.rpt;cbl_cbofsms006_02.rpt;cbl_cbofsms006_03.rpt;cbl_cbofsms006_04.rpt;cbl_cbofsms006_05.rpt;cbl_cbofsms006_06.rpt;cbl_cbofsms008_01.rpt;cbl_cbofsms008_02.rpt;cbl_cbofsms009_01.rpt;cbl_cbofsms009_02.rpt;cbl_cbofsms018_01.rpt;cbl_cbofsms018_02.rpt;cbl_cbofsqr001_01.rpt;cbl_cbofsqr001_02.rpt;cbl_cbofsqr003_01.rpt;cbl_cbofsqr003_02.rpt;cbl_cbofsqr004_01.rpt;cbl_cbofsqr004_02.rpt;cbl_cbofsqr004_03.rpt;cbl_cbofsqr005_01.rpt;cbl_cbofsqr005_02.rpt;cbl_cbofsqr006_01.rpt;cbl_cbofsqr006_02.rpt;cbl_cbofsqr007_01.rpt;cbl_cbofsqr007_02.rpt;cbl_cbofsqr009_01.rpt;cbl_cbofsqr009_02.rpt;cbl_cbofsqr009_03.rpt;cbl_cbofsqr009_04.rpt;cbl_cbofsqr009_05.rpt;cbl_cbofsqr009_06.rpt;cbl_cbofsqr010_01.rpt;cbl_cbofsqr010_02.rpt;cbl_cbofsqr020_01.rpt;cbl_cbofsqr021_01.rpt;cbl_cbofsqr022_01.rpt;cbl_cbofsqr023_01.rpt;cbl_cbofsqr024_01.rpt;cbl_cbofsqr026_01.rpt;cbl_cbofsqr026_02.rpt;cbl_cbofsqr028_01.rpt;cbl_cbofsqr028_02.rpt;cbl_cbofsqr029_01.rpt;cbl_cbofsqr029_02.rpt	pr_cbl_reportsv1	
3352	Retail and Corporate Operations	CBL Semi - Annual Reports	3347	1	~/reports/cblreportsv1/cblreportsv1.aspx?source=semiannual	Reports/CBLReportsV1/CBLReportsV1.aspx	Crystal	screen	Chart;Crystal	cbl_cbofsar001_01.rpt;cbl_cbofsar002_01.rpt;cbl_cbofsar002_02.rpt;cbl_cbofsar002_03.rpt;cbl_cbofsawr010_01.rpt;cbl_cbofsawr010_02.rpt;cbl_cbofsmr019_01.rpt;cbl_cbofsmr019_02.rpt;cbl_cbofsmr020_01.rpt;cbl_cbofsmr020_02.rpt;cbl_cbofsmr021_01.rpt;cbl_cbofsmr021_02.rpt;cbl_cbofsmr021_03.rpt;cbl_cbofsmr022_01.rpt;cbl_cbofsmr022_02.rpt;cbl_cbofsmr022_03.rpt;cbl_cbofsmr023_01.rpt;cbl_cbofsmr023_02.rpt;cbl_cbofsmr024_01.rpt;cbl_cbofsms002_1.rpt;cbl_cbofsms002_10.rpt;cbl_cbofsms002_2.rpt;cbl_cbofsms002_3.rpt;cbl_cbofsms002_4.rpt;cbl_cbofsms002_5.rpt;cbl_cbofsms002_6.rpt;cbl_cbofsms002_7.rpt;cbl_cbofsms002_8.rpt;cbl_cbofsms002_9.rpt;cbl_cbofsms003_01.rpt;cbl_cbofsms003_02.rpt;cbl_cbofsms003_03.rpt;cbl_cbofsms003_04.rpt;cbl_cbofsms003_05.rpt;cbl_cbofsms003_06.rpt;cbl_cbofsms003_07.rpt;cbl_cbofsms003_08.rpt;cbl_cbofsms003_09.rpt;cbl_cbofsms003_10.rpt;cbl_cbofsms004_01.rpt;cbl_cbofsms004_02.rpt;cbl_cbofsms004_03.rpt;cbl_cbofsms004_04.rpt;cbl_cbofsms004_05.rpt;cbl_cbofsms004_06.rpt;cbl_cbofsms004_07.rpt;cbl_cbofsms004_08.rpt;cbl_cbofsms004_09.rpt;cbl_cbofsms004_10.rpt;cbl_cbofsms006_01.rpt;cbl_cbofsms006_02.rpt;cbl_cbofsms006_03.rpt;cbl_cbofsms006_04.rpt;cbl_cbofsms006_05.rpt;cbl_cbofsms006_06.rpt;cbl_cbofsms008_01.rpt;cbl_cbofsms008_02.rpt;cbl_cbofsms009_01.rpt;cbl_cbofsms009_02.rpt;cbl_cbofsms018_01.rpt;cbl_cbofsms018_02.rpt;cbl_cbofsqr001_01.rpt;cbl_cbofsqr001_02.rpt;cbl_cbofsqr003_01.rpt;cbl_cbofsqr003_02.rpt;cbl_cbofsqr004_01.rpt;cbl_cbofsqr004_02.rpt;cbl_cbofsqr004_03.rpt;cbl_cbofsqr005_01.rpt;cbl_cbofsqr005_02.rpt;cbl_cbofsqr006_01.rpt;cbl_cbofsqr006_02.rpt;cbl_cbofsqr007_01.rpt;cbl_cbofsqr007_02.rpt;cbl_cbofsqr009_01.rpt;cbl_cbofsqr009_02.rpt;cbl_cbofsqr009_03.rpt;cbl_cbofsqr009_04.rpt;cbl_cbofsqr009_05.rpt;cbl_cbofsqr009_06.rpt;cbl_cbofsqr010_01.rpt;cbl_cbofsqr010_02.rpt;cbl_cbofsqr020_01.rpt;cbl_cbofsqr021_01.rpt;cbl_cbofsqr022_01.rpt;cbl_cbofsqr023_01.rpt;cbl_cbofsqr024_01.rpt;cbl_cbofsqr026_01.rpt;cbl_cbofsqr026_02.rpt;cbl_cbofsqr028_01.rpt;cbl_cbofsqr028_02.rpt;cbl_cbofsqr029_01.rpt;cbl_cbofsqr029_02.rpt	pr_cbl_reportsv1	
3353	Retail and Corporate Operations	CBL Annual Reports	3347	1	~/reports/cblreportsv1/cblreportsv1.aspx?source=annual	Reports/CBLReportsV1/CBLReportsV1.aspx	Crystal	screen	Chart;Crystal	cbl_cbofsar001_01.rpt;cbl_cbofsar002_01.rpt;cbl_cbofsar002_02.rpt;cbl_cbofsar002_03.rpt;cbl_cbofsawr010_01.rpt;cbl_cbofsawr010_02.rpt;cbl_cbofsmr019_01.rpt;cbl_cbofsmr019_02.rpt;cbl_cbofsmr020_01.rpt;cbl_cbofsmr020_02.rpt;cbl_cbofsmr021_01.rpt;cbl_cbofsmr021_02.rpt;cbl_cbofsmr021_03.rpt;cbl_cbofsmr022_01.rpt;cbl_cbofsmr022_02.rpt;cbl_cbofsmr022_03.rpt;cbl_cbofsmr023_01.rpt;cbl_cbofsmr023_02.rpt;cbl_cbofsmr024_01.rpt;cbl_cbofsms002_1.rpt;cbl_cbofsms002_10.rpt;cbl_cbofsms002_2.rpt;cbl_cbofsms002_3.rpt;cbl_cbofsms002_4.rpt;cbl_cbofsms002_5.rpt;cbl_cbofsms002_6.rpt;cbl_cbofsms002_7.rpt;cbl_cbofsms002_8.rpt;cbl_cbofsms002_9.rpt;cbl_cbofsms003_01.rpt;cbl_cbofsms003_02.rpt;cbl_cbofsms003_03.rpt;cbl_cbofsms003_04.rpt;cbl_cbofsms003_05.rpt;cbl_cbofsms003_06.rpt;cbl_cbofsms003_07.rpt;cbl_cbofsms003_08.rpt;cbl_cbofsms003_09.rpt;cbl_cbofsms003_10.rpt;cbl_cbofsms004_01.rpt;cbl_cbofsms004_02.rpt;cbl_cbofsms004_03.rpt;cbl_cbofsms004_04.rpt;cbl_cbofsms004_05.rpt;cbl_cbofsms004_06.rpt;cbl_cbofsms004_07.rpt;cbl_cbofsms004_08.rpt;cbl_cbofsms004_09.rpt;cbl_cbofsms004_10.rpt;cbl_cbofsms006_01.rpt;cbl_cbofsms006_02.rpt;cbl_cbofsms006_03.rpt;cbl_cbofsms006_04.rpt;cbl_cbofsms006_05.rpt;cbl_cbofsms006_06.rpt;cbl_cbofsms008_01.rpt;cbl_cbofsms008_02.rpt;cbl_cbofsms009_01.rpt;cbl_cbofsms009_02.rpt;cbl_cbofsms018_01.rpt;cbl_cbofsms018_02.rpt;cbl_cbofsqr001_01.rpt;cbl_cbofsqr001_02.rpt;cbl_cbofsqr003_01.rpt;cbl_cbofsqr003_02.rpt;cbl_cbofsqr004_01.rpt;cbl_cbofsqr004_02.rpt;cbl_cbofsqr004_03.rpt;cbl_cbofsqr005_01.rpt;cbl_cbofsqr005_02.rpt;cbl_cbofsqr006_01.rpt;cbl_cbofsqr006_02.rpt;cbl_cbofsqr007_01.rpt;cbl_cbofsqr007_02.rpt;cbl_cbofsqr009_01.rpt;cbl_cbofsqr009_02.rpt;cbl_cbofsqr009_03.rpt;cbl_cbofsqr009_04.rpt;cbl_cbofsqr009_05.rpt;cbl_cbofsqr009_06.rpt;cbl_cbofsqr010_01.rpt;cbl_cbofsqr010_02.rpt;cbl_cbofsqr020_01.rpt;cbl_cbofsqr021_01.rpt;cbl_cbofsqr022_01.rpt;cbl_cbofsqr023_01.rpt;cbl_cbofsqr024_01.rpt;cbl_cbofsqr026_01.rpt;cbl_cbofsqr026_02.rpt;cbl_cbofsqr028_01.rpt;cbl_cbofsqr028_02.rpt;cbl_cbofsqr029_01.rpt;cbl_cbofsqr029_02.rpt	pr_cbl_reportsv1	
3354	Retail and Corporate Operations	CBL As and When Reports	3347	1	~/reports/cblreportsv1/cblreportsv1.aspx?source=asandwhen	Reports/CBLReportsV1/CBLReportsV1.aspx	Crystal	screen	Chart;Crystal	cbl_cbofsar001_01.rpt;cbl_cbofsar002_01.rpt;cbl_cbofsar002_02.rpt;cbl_cbofsar002_03.rpt;cbl_cbofsawr010_01.rpt;cbl_cbofsawr010_02.rpt;cbl_cbofsmr019_01.rpt;cbl_cbofsmr019_02.rpt;cbl_cbofsmr020_01.rpt;cbl_cbofsmr020_02.rpt;cbl_cbofsmr021_01.rpt;cbl_cbofsmr021_02.rpt;cbl_cbofsmr021_03.rpt;cbl_cbofsmr022_01.rpt;cbl_cbofsmr022_02.rpt;cbl_cbofsmr022_03.rpt;cbl_cbofsmr023_01.rpt;cbl_cbofsmr023_02.rpt;cbl_cbofsmr024_01.rpt;cbl_cbofsms002_1.rpt;cbl_cbofsms002_10.rpt;cbl_cbofsms002_2.rpt;cbl_cbofsms002_3.rpt;cbl_cbofsms002_4.rpt;cbl_cbofsms002_5.rpt;cbl_cbofsms002_6.rpt;cbl_cbofsms002_7.rpt;cbl_cbofsms002_8.rpt;cbl_cbofsms002_9.rpt;cbl_cbofsms003_01.rpt;cbl_cbofsms003_02.rpt;cbl_cbofsms003_03.rpt;cbl_cbofsms003_04.rpt;cbl_cbofsms003_05.rpt;cbl_cbofsms003_06.rpt;cbl_cbofsms003_07.rpt;cbl_cbofsms003_08.rpt;cbl_cbofsms003_09.rpt;cbl_cbofsms003_10.rpt;cbl_cbofsms004_01.rpt;cbl_cbofsms004_02.rpt;cbl_cbofsms004_03.rpt;cbl_cbofsms004_04.rpt;cbl_cbofsms004_05.rpt;cbl_cbofsms004_06.rpt;cbl_cbofsms004_07.rpt;cbl_cbofsms004_08.rpt;cbl_cbofsms004_09.rpt;cbl_cbofsms004_10.rpt;cbl_cbofsms006_01.rpt;cbl_cbofsms006_02.rpt;cbl_cbofsms006_03.rpt;cbl_cbofsms006_04.rpt;cbl_cbofsms006_05.rpt;cbl_cbofsms006_06.rpt;cbl_cbofsms008_01.rpt;cbl_cbofsms008_02.rpt;cbl_cbofsms009_01.rpt;cbl_cbofsms009_02.rpt;cbl_cbofsms018_01.rpt;cbl_cbofsms018_02.rpt;cbl_cbofsqr001_01.rpt;cbl_cbofsqr001_02.rpt;cbl_cbofsqr003_01.rpt;cbl_cbofsqr003_02.rpt;cbl_cbofsqr004_01.rpt;cbl_cbofsqr004_02.rpt;cbl_cbofsqr004_03.rpt;cbl_cbofsqr005_01.rpt;cbl_cbofsqr005_02.rpt;cbl_cbofsqr006_01.rpt;cbl_cbofsqr006_02.rpt;cbl_cbofsqr007_01.rpt;cbl_cbofsqr007_02.rpt;cbl_cbofsqr009_01.rpt;cbl_cbofsqr009_02.rpt;cbl_cbofsqr009_03.rpt;cbl_cbofsqr009_04.rpt;cbl_cbofsqr009_05.rpt;cbl_cbofsqr009_06.rpt;cbl_cbofsqr010_01.rpt;cbl_cbofsqr010_02.rpt;cbl_cbofsqr020_01.rpt;cbl_cbofsqr021_01.rpt;cbl_cbofsqr022_01.rpt;cbl_cbofsqr023_01.rpt;cbl_cbofsqr024_01.rpt;cbl_cbofsqr026_01.rpt;cbl_cbofsqr026_02.rpt;cbl_cbofsqr028_01.rpt;cbl_cbofsqr028_02.rpt;cbl_cbofsqr029_01.rpt;cbl_cbofsqr029_02.rpt	pr_cbl_reportsv1	
3362	Retail and Corporate Operations	Cashier Posting Limit	2062	1	~/Reports/RetailBanking/ReportOptions.aspx?Source=CashierUserTranLimit	Reports/RetailBanking/ReportOptions.aspx	Crystal	case	Crystal;Excel;Grid	cashierusertranlimit.rpt	pr_x_r_getcashierusertranlimitcons	
3363	Retail and Corporate Operations	Wire Transaction Details	2050	1	~/Reports/RetailBanking/ReportOptions.aspx?Source=WireTransactionDetails	Reports/RetailBanking/ReportOptions.aspx	Crystal	case	Crystal;Excel;Grid	wiretransactionreportpopup.rpt	pr_x_r_getwiretransactiondetails	
3364	Retail and Corporate Operations	Cash Deposit and Withdrawal Report	2050	1	~/Reports/RetailBanking/ReportOptions.aspx?Source=CashTranByBranch	Reports/RetailBanking/ReportOptions.aspx	Crystal	case	Crystal;Excel;Grid	cashtranbybranch.rpt	pr_x_r_getcashtranbybranch	
3365	Retail and Corporate Operations	Account Status and Account Status Detail	2057	1	~/Reports/RetailBanking/ReportOptions.aspx?Source=AccStatusByBranch	Reports/RetailBanking/ReportOptions.aspx	Crystal	case	Crystal;Excel;Grid	accstatusbybranchdetails.rpt;accstautsbybranch.rpt	pr_b_r_getaccstatusbybranchcons	
3369	Retail and Corporate Operations	Dormant Re-activation Report	2057	1	~/Reports/RetailBanking/ReportOptions.aspx?Source=DorReactive	Reports/RetailBanking/ReportOptions.aspx	Crystal	case	Crystal;Excel;Grid	dorreactive.rpt	pr_x_r_getdormantreactivationcons	
3378	Retail and Corporate Operations	Un-drawn Account Report	2057	1	~/Reports/RetailBanking/SeedReports/SeedReportOptions.aspx?Source=UndrawnAccount	Reports/RetailBanking/SeedReports/SeedReportOptions.aspx	Crystal	case	Crystal;Grid	undrawnaccounts.rpt	pr_x_getundrawnodamountcons	
3380	Retail and Corporate Operations	Event Log Reports	2130	1	~/Reports/RetailBanking/LogViewReport.aspx?	Reports/RetailBanking/LogViewReport.aspx	Crystal	screen	Crystal	logviewreport.rpt	pr_b_r_getlogview	
3389	Retail and Corporate Operations	Corporate Credit Turn Over Report	2057	1	~/Reports/RetailBanking/Corporateaccounts.aspx?	Reports/RetailBanking/Corporateaccounts.aspx	Crystal	screen	Crystal	corporateacccrdtrnover.rpt;corporateacccrdtrnoversumry.rpt	pr_b_r_get_corporateacccrdtrnovercons	
3392	Retail and Corporate Operations	User Status Report	2130	1	~/Reports/RetailBanking/SeedReports/SeedReportOptions.aspx?Source=UserStatus	Reports/RetailBanking/SeedReports/SeedReportOptions.aspx	Crystal	case	Crystal;Grid	userstatusreport.rpt	pr_x_r_getuserstatus	
3393	Retail and Corporate Operations	Excel Reports	1157	1	~/reports/CustomizeAdHoc.aspx?	reports/customizeadhoc.aspx	missing screen					
3394	Retail and Corporate Operations	Account Number List Summary	2057	1	~/Reports/RetailBanking/SeedReports/SeedReportOptions.aspx?Source=AccNoListSummary	Reports/RetailBanking/SeedReports/SeedReportOptions.aspx	Crystal	case	Crystal;Grid	accountnumberlistsummary.rpt	pr_x_r_accnolistsummarycons	
3395	Retail and Corporate Operations	Status wise Report Summary	2057	1	~/Reports/RetailBanking/SeedReports/SeedReportOptions.aspx?Source=StatusWiseSummary	Reports/RetailBanking/SeedReports/SeedReportOptions.aspx	Crystal	case	Crystal;Grid	statuswisesummary.rpt	pr_x_r_accountstatussummarycons	
3396	Retail and Corporate Operations	Ledger Movement Report	2419	1	~/Reports/RetailBanking/SeedReports/SeedReportOptions.aspx?Source=LedgerMovement	Reports/RetailBanking/SeedReports/SeedReportOptions.aspx	Crystal	case	Crystal;Grid	ledgermovement.rpt	pr_x_r_getglmovementcons	
3399	Retail and Corporate Operations	Swift Reports		1	?		folder					
3400	Retail and Corporate Operations	MT103 Confirmation Report	3399	1	~/RetailBanking/SwiftMT103CsvExport.aspx?	RetailBanking/SwiftMT103CsvExport.aspx	Grid	screen	Grid		pr_x_r_getswiftdataforcsvexport	
3401	Retail and Corporate Operations	Counter Cheque Details Report	2057	1	~/Reports/RetailBanking/SeedReports/SeedReportOptions.aspx?Source=CounterChequeDetails	Reports/RetailBanking/SeedReports/SeedReportOptions.aspx	Crystal	case	Crystal;Grid	countercheque.rpt	pr_x_r_getloosechequedetailscons	
3427	Retail and Corporate Operations	Receivable Charges Report	2057	1	~/Reports/RetailBanking/SeedReports/AccountsReport.aspx?Source=RecChargeRpt&reportid=3427	Reports/RetailBanking/SeedReports/AccountsReport.aspx	Crystal	case	Crystal	receivablechargesreport.rpt;receivablechargesreportdmp.rpt	pr_x_r_getreceivablechargescons	
3428	Retail and Corporate Operations	Chart of Account Detail List Report	2057	1	~/Reports/RetailBanking/SeedReports/AccountsReport.aspx?Source=CoADtlRpt&reportid=3428	Reports/RetailBanking/SeedReports/AccountsReport.aspx	Crystal	case	Crystal	coadetaillistreport.rpt;coadetaillistreportdmp.rpt	pr_g_r_getaccountheadcreaterpt	
3429	Retail and Corporate Operations	GST Report	2130	1	~/Reports/RetailBanking/GSTReport.aspx?	Reports/RetailBanking/GSTReport.aspx	Crystal	screen	Crystal	gstreport.rpt;gstreportdmp.rpt	pr_g_r_getgstrpt	
3431	Retail and Corporate Operations	Government Tax payment Report	2130	1	~/Reports/RetailBanking/SeedReports/SeedReportOptions.aspx?source=GovTaxPayment	Reports/RetailBanking/SeedReports/SeedReportOptions.aspx	Crystal	case	Crystal;Grid	govtaxpayment.rpt	pr_x_r_getgovtaxpaymentdetails	
3439	Retail and Corporate Operations	LRA Tax Payment Receipt	2130	1	~/Reports/RetailBanking/SeedReports/SeedReportOptions.aspx?source=LraTaxPaymentReceipt	Reports/RetailBanking/SeedReports/SeedReportOptions.aspx	Crystal	case	Crystal;Grid	lrataxpaymentreceipt.rpt	pr_r_lra_gettaxpayreceipt	
3444	Retail and Corporate Operations	OMB Reports		1			folder					
3445	Retail and Corporate Operations	Orange Money Transaction Report	3444	1	~/Reports/RetailBanking/SeedReports/SeedReportOptions.aspx?source=OmbTran	Reports/RetailBanking/SeedReports/SeedReportOptions.aspx	Crystal	case	Crystal;Grid	ombtranreport.rpt	pr_omb_r_getcbslogdata	
3452	Retail and Corporate Operations	Cash In Transit Report	2050	1	~/Reports/RetailBanking/SeedReports/SeedReportOptions.aspx?source=cashintransit	Reports/RetailBanking/SeedReports/SeedReportOptions.aspx	Crystal	case	Crystal;Grid	cashintransit.rpt	pr_x_r_getcashintransitdetails	
3454	Central Administration	User Access Revoke Report	3258	1	~/Reports/Admin/AdminReport.aspx?source=accessrevoke	Reports/Admin/AdminReport.aspx	Crystal	screen	Crystal	logtime.rpt;logtimeformat1.rpt;useraccessstatus.rpt;userconnectedstatus.rpt;userinformation.rpt;userinformation1.rpt;usermoduledetail.rpt;userrights.rpt;userrightsassignrevoke.rpt;userrightsdetail.rpt;userrightsrevoke.rpt	pr_a_getlogtimebydate;pr_a_getlogtimeforalluser;pr_a_getlogtimeforuser;pr_a_getrightsassignrevoke;pr_a_getuserconnectedstatus;pr_a_getuserinformation;pr_a_getuserinformationdetails;pr_a_getusermoduledetails;pr_a_getuserrightsdetails;pr_a_r_getuserstatusdetails;pr_a_r_userrights;pr_x_r_getuseraccessrevoke	
3455	Retail and Corporate Operations	Account Movement Report	2050	1	~/Reports/RetailBanking/SeedReports/SeedReportOptions.aspx?source=accmovement	Reports/RetailBanking/SeedReports/SeedReportOptions.aspx	Crystal	case	Crystal;Grid	accountmovement.rpt	pr_x_r_getaccmovementdata	
3456	Retail and Corporate Operations	Cash Deposit Report	2050	1	~/Reports/RetailBanking/SeedReports/SeedReportOptions.aspx?source=cashdepreport	Reports/RetailBanking/SeedReports/SeedReportOptions.aspx	Crystal	case	Crystal;Grid	cashdeposit.rpt	pr_x_r_getcashdepositdetails	
3458	Retail and Corporate Operations	Cash Deposit and Withdrawal (At Branch) Report	2050	1	~/Reports/RetailBanking/ReportOptions.aspx?Source=CashTranAtBranch	Reports/RetailBanking/ReportOptions.aspx	Crystal	case	Crystal;Excel;Grid	cashtranatbranch.rpt	pr_x_r_getcashtranatbranch	
3464	Central Administration	User Access Status Report	3258	1	~/Reports/Admin/AdminReport.aspx?source=UserStatus	Reports/Admin/AdminReport.aspx	Crystal	screen	Crystal	logtime.rpt;logtimeformat1.rpt;useraccessstatus.rpt;userconnectedstatus.rpt;userinformation.rpt;userinformation1.rpt;usermoduledetail.rpt;userrights.rpt;userrightsassignrevoke.rpt;userrightsdetail.rpt;userrightsrevoke.rpt	pr_a_getlogtimebydate;pr_a_getlogtimeforalluser;pr_a_getlogtimeforuser;pr_a_getrightsassignrevoke;pr_a_getuserconnectedstatus;pr_a_getuserinformation;pr_a_getuserinformationdetails;pr_a_getusermoduledetails;pr_a_getuserrightsdetails;pr_a_r_getuserstatusdetails;pr_a_r_userrights;pr_x_r_getuseraccessrevoke	
3470	Retail and Corporate Operations	Credit Officers Portfolio Report	2121	1	~/Reports/RetailBanking/SeedReports/SeedReportOptions.aspx?source=CrPortfolio	Reports/RetailBanking/SeedReports/SeedReportOptions.aspx	Crystal	case	Crystal;Grid	creditofficersportfolioreport.rpt	pr_p_r_getcrofficersportfoliodetails	
3507	Retail and Corporate Operations	LRA Customs Payment Receipt	2130	1	~/Reports/RetailBanking/SeedReports/SeedReportOptions.aspx?source=LraCstmRec	Reports/RetailBanking/SeedReports/SeedReportOptions.aspx	Crystal	case	Crystal;Grid	lracstmpayreceipt.rpt	pr_lra_r_getcstmpaydetails	
3513	Retail and Corporate Operations	Swift Inward Transaction Report	2050	1	~/Reports/RetailBanking/SeedReports/SeedReportOptions.aspx?source=sftiw	Reports/RetailBanking/SeedReports/SeedReportOptions.aspx	Crystal	case	Crystal;Grid	swiftinwtran.rpt	pr_x_r_getsftiwtran	
