Path	Load	Tables	Fields	Subreports	Params	Conn	Error
layouts-copy:Reports/RetailBanking/New RetailBanking Report/11_InterestAdjustmentDayBook.rpt	ok	InterestAdjustmentDayBook	4	Footer.rpt;Header.rpt;PageHeader.rpt;ReportFooter.rpt	HeadCode;ChartOfAccount;prmDate	CRQE|_11_InterestAjustmentDayBook|	
layouts-copy:Reports/RetailBanking/New RetailBanking Report/11_InterestAdjustmentDayBookDMP.rpt	ok	InterestAdjustmentDayBook	4	FooterDMP.rpt;HeaderDMP.rpt;PageHeaderDMP.rpt;ReportFooterDMP.rpt	HeadCode;ChartOfAccount;prmDate	CRQE|_11_InterestAjustmentDayBook|	
layouts-copy:Reports/RetailBanking/New RetailBanking Report/130_StockStatement.rpt	ok	SSDDReg	5	Footer.rpt;Header.rpt;PageHeader.rpt	prmFrDate;prmToDate;prmHeadName	CRQE|_130_StockStmt|	
layouts-copy:Reports/RetailBanking/New RetailBanking Report/130_StockStatementDMP.rpt	ok	SSDDReg	5	FooterDMP.rpt;HeaderDMP.rpt;PageHeaderDMP.rpt;ReportFooterDMP.rpt	prmFrDate;prmToDate;prmHeadName	CRQE|_130_StockStmt|	
layouts-copy:Reports/RetailBanking/New RetailBanking Report/131_FDICertificate.rpt	ok	FDICert	8	Footer.rpt;Header.rpt;PageHeader.rpt;ReportFooter.rpt	prmFDate;prmTDate;prmCurrDate;BranchName;CurrencyCode	CRQE|_131_FDICertificate|	
layouts-copy:Reports/RetailBanking/New RetailBanking Report/131_FDICertificateDMP.rpt	ok	FDICert	8	FooterDMP.rpt;HeaderDMP.rpt;PageHeaderDMP.rpt;ReportFooterDMP.rpt	prmFDate;prmTDate;prmCurrDate	CRQE|_131_FDICertificate|	
layouts-copy:Reports/RetailBanking/New RetailBanking Report/132_CCLimitReminder.rpt	ok	CCLReminder	8	Footer.rpt;Header.rpt;PageHeader.rpt;ReportFooter.rpt	prmDate;prmBranch;prmBank	CRQE|_132_CCLimitReminder|	
layouts-copy:Reports/RetailBanking/New RetailBanking Report/132_CCLimitReminderDMP.rpt	ok	CCLReminder	8	FooterDMP.rpt;HeaderDMP.rpt;PageHeaderDMP.rpt;ReportFooterDMP.rpt	prmDate;prmBranch;prmBank	CRQE|_132_CCLimitReminder|	
layouts-copy:Reports/RetailBanking/New RetailBanking Report/134_StockStmtExpiry.rpt	ok	StockStmtExpiry	6	Footer.rpt;Header.rpt;PageHeader.rpt	prmFrDate;prmToDate;prmCurrDate;prmBank;prmBranch	CRQE|_134_StockStmtExpiry|	
layouts-copy:Reports/RetailBanking/New RetailBanking Report/134_StockStmtExpiryDMP.rpt	ok	StockStmtExpiry	6	FooterDMP.rpt;HeaderDMP.rpt;PageHeaderDMP.rpt	prmFrDate;prmToDate;prmCurrDate;prmBank;prmBranch	CRQE|_134_StockStmtExpiry|	
layouts-copy:Reports/RetailBanking/New RetailBanking Report/143_AdvanceAgainstDeposit.rpt	ok	AdAgDeposit	16	Footer.rpt;Header.rpt;PageHeader.rpt	prmDate	CRQE|_143_AdvanceAgainstDeposit|	
layouts-copy:Reports/RetailBanking/New RetailBanking Report/143_AdvanceAgainstDepositDMP.rpt	ok	AdAgDeposit	16	FooterDMP.rpt;HeaderDMP.rpt;PageHeaderDMP.rpt	prmDate	CRQE|_143_AdvanceAgainstDeposit|	
layouts-copy:Reports/RetailBanking/New RetailBanking Report/145_StatementNo9.rpt	ok	StatementNo9	23	Footer.rpt;Header.rpt;PageHeader.rpt;ReportFooter.rpt	prmDate;prmFrDate1;prmFrDate2;prmToDate1;prmToDate2;prmHeadName;prmHeadCode	CRQE|_145_StatementNo9|	
layouts-copy:Reports/RetailBanking/New RetailBanking Report/145_StatementNo9DMP.rpt	ok	StatementNo9	23	Footer.rpt;Header.rpt;PageHeader.rpt;ReportFooter.rpt	prmDate;prmFrDate1;prmFrDate2;prmToDate1;prmToDate2;prmHeadName;prmHeadCode	CRQE|_145_StatementNo9|	
layouts-copy:Reports/RetailBanking/New RetailBanking Report/146_StatementNo9.rpt	ok	StatementNo9	10	Footer.rpt;Header.rpt;PageHeader.rpt;ReportFooter.rpt	prmFrDate;prmHeadName;prmToDate	CRQE|_146_StatementNo9|	
layouts-copy:Reports/RetailBanking/New RetailBanking Report/146_StatementNo9DMP.rpt	ok	StatementNo9	10	FooterDMP.rpt;HeaderDMP.rpt;PageHeaderDMP.rpt;ReportFooterDMP.rpt	prmFrDate;prmHeadName;prmToDate	CRQE|_146_StatementNo9|	
layouts-copy:Reports/RetailBanking/New RetailBanking Report/149_InterestProvisionCert.rpt	ok	InterestProvisionCert	1	Footer.rpt;Header.rpt;PageHeader.rpt;ReportFooter.rpt	prmHalfYear;prmAnnualYear	CRQE|_149_InterestProvisionCert|	
layouts-copy:Reports/RetailBanking/New RetailBanking Report/14_BookBalanceCertificateReport.rpt	ok	BookBalance	5	Footer.rpt;Header.rpt;PageHeader.rpt	Date	CRQE|_14_BookBalanceCerti|	
layouts-copy:Reports/RetailBanking/New RetailBanking Report/14_BookBalanceCertificateReportDMP.rpt	ok	BookBalance	5	FooterDMP.rpt;HeaderDMP.rpt;PageHeaderDMP.rpt	Date	CRQE|_14_BookBalanceCerti|	
layouts-copy:Reports/RetailBanking/New RetailBanking Report/15_UnAppliedInterestBalancingReport.rpt	ok	UnAppliedInterestBalancing	3	Footer.rpt;Header.rpt;PageHeader.rpt;ReportFooter.rpt	HeadCode;ChartOfAccount;Date	CRQE|_15_UnAppliedInterestBalancing|	
layouts-copy:Reports/RetailBanking/New RetailBanking Report/15_UnAppliedInterestBalancingReportDMP.rpt	ok	UnAppliedInterestBalancing	3	FooterDMP.rpt;HeaderDMP.rpt;PageHeaderDMP.rpt;ReportFooterDMP.rpt	HeadCode;ChartOfAccount;Date	CRQE|_15_UnAppliedInterestBalancing|	
layouts-copy:Reports/RetailBanking/New RetailBanking Report/19_FirstSecondClearingBranchReport.rpt	ok	FirstSecondClearingBranch	5	Footer.rpt;Header.rpt;PageHeader.rpt;ReportFooter.rpt	Date;prmBankName;prmBranchName	CRQE|_19_FirstSecondClearingBranch|	
layouts-copy:Reports/RetailBanking/New RetailBanking Report/19_FirstSecondClearingBranchReportDMP.rpt	ok	FirstSecondClearingBranch	5	FooterDMP.rpt;HeaderDMP.rpt;PageHeaderDMP.rpt;ReportFooterDMP.rpt	Date;prmBankName;prmBranchName	CRQE|_19_FirstSecondClearingBranch|	
layouts-copy:Reports/RetailBanking/New RetailBanking Report/21_ScrollWiseClearingReport.rpt	ok	ScrollWiseClearing	11	Footer.rpt;Header.rpt;PageHeader.rpt;ReportFooter.rpt	Date;prmToDate	CRQE|_21_ScrollWiseClearing|	
layouts-copy:Reports/RetailBanking/New RetailBanking Report/21_ScrollWiseClearingReportDMP.rpt	ok	ScrollWiseClearing	11	FooterDMP.rpt;HeaderDMP.rpt;PageHeaderDMP.rpt;ReportFooterDMP.rpt	Date;prmToDate	CRQE|_21_ScrollWiseClearing|	
layouts-copy:Reports/RetailBanking/New RetailBanking Report/25_OutwardClrHouseSummary.rpt	ok	OCHSummary	3	Footer.rpt;Header.rpt;PageHeader.rpt;ReportFooter.rpt	prmDate;prmToDate	CRQE|_25_OutwardClrHouseSummary|	
layouts-copy:Reports/RetailBanking/New RetailBanking Report/25_OutwardClrHouseSummaryDetails.rpt	ok	_25_OutwardClrHouseSummaryDetails	6	Footer.rpt;Header.rpt;PageHeader.rpt;ReportFooter.rpt	prmDate;prmToDate	CRQE|_25_OutwardClrHouseSummaryDetails|	
layouts-copy:Reports/RetailBanking/New RetailBanking Report/25_OutwardClrHouseSummaryDMP.rpt	ok	OCHSummary	3	FooterDMP.rpt;HeaderDMP.rpt;PageHeaderDMP.rpt;ReportFooterDMP.rpt	prmDate;prmToDate	CRQE|_25_OutwardClrHouseSummary|	
layouts-copy:Reports/RetailBanking/New RetailBanking Report/2_InterestDayBookReport.rpt	ok	InterestDayBook	6	Footer.rpt;Header.rpt;PageHeader.rpt	Date;TrType	CRQE|_2_InterestDayBook|	
layouts-copy:Reports/RetailBanking/New RetailBanking Report/2_InterestDayBookReportDMP.rpt	ok	InterestDayBook	6	FooterDMP.rpt;HeaderDMP.rpt;PageHeaderDMP.rpt	Date;TrType	CRQE|_2_InterestDayBook|	
layouts-copy:Reports/RetailBanking/New RetailBanking Report/38_LienInfoRegister.rpt	ok	LInfoReg	5	Footer.rpt;Header.rpt;PageHeader.rpt;ReportFooter.rpt	prmFrDate;prmToDate;BranchName	CRQE|_38_LienInfoRegister|	
layouts-copy:Reports/RetailBanking/New RetailBanking Report/38_LienInfoRegisterDMP.rpt	ok	LInfoReg	5	FooterDMP.rpt;HeaderDMP.rpt;PageHeaderDMP.rpt;ReportFooterDMP.rpt	prmFrDate;prmToDate	CRQE|_38_LienInfoRegister|	
xnet:Reports/RetailBanking/SeedReports/41_A_PeriodwiseReport.rpt	ok	PeriodwiseReport	8	Footer.rpt;Header.rpt;PageHeader.rpt;ReportFooter.rpt	prmDate;prmHeadName	CRQE|_41_A_PeriodwiseReport|	
layouts-copy:Reports/RetailBanking/New RetailBanking Report/41_A_PeriodwiseReportDMP.rpt	ok	PeriodwiseReport	8	FooterDMP.rpt;HeaderDMP.rpt;PageHeaderDMP.rpt;ReportFooterDMP.rpt	prmDate;prmHeadName	CRQE|_41_A_PeriodwiseReport|	
layouts-copy:Reports/RetailBanking/New RetailBanking Report/41_A_PeriodwiseSummary.rpt	ok	PeriodwiseSummary	6	Footer.rpt;Header.rpt;PageHeader.rpt;ReportFooter.rpt	prmHeadName;prmMonths	CRQE|_41_A_PeriodwsieSummary|	
layouts-copy:Reports/RetailBanking/New RetailBanking Report/41_A_PeriodwiseSummaryDMP.rpt	ok	PeriodwiseSummary	4	FooterDMP.rpt;HeaderDMP.rpt;PageHeaderDMP.rpt	prmHeadName;prmMonths	CRQE|_41_A_PeriodwsieSummary|	
xnet:Reports/RetailBanking/SeedReports/41_B_PeriodwiseReportwithDate.rpt	ok	PeriodwiseWithDate	8	Footer.rpt;Header.rpt;PageHeader.rpt;ReportFooter.rpt	prmHeadName;prmFrDate;prmToDate	CRQE|_41_B_PeriodwiseReportwithDate|	
layouts-copy:Reports/RetailBanking/New RetailBanking Report/41_B_PeriodwiseReportwithDateDMP.rpt	ok	PeriodwiseWithDate	8	FooterDMP.rpt;HeaderDMP.rpt;PageHeaderDMP.rpt;ReportFooterDMP.rpt	prmHeadName;prmFrDate;prmToDate	CRQE|_41_B_PeriodwiseReportwithDate|	
layouts-copy:Reports/RetailBanking/New RetailBanking Report/41_B_PeriodwiseSummary.rpt	ok	41BPeriodwiseReport	5	Footer.rpt;Header.rpt;PageHeader.rpt;ReportFooter.rpt	prmHeadName;prmMonths;prmFrDate;prmToDate;prmDepositUnit	CRQE|_41_B_PeriodwiseSummary|	
layouts-copy:Reports/RetailBanking/New RetailBanking Report/41_B_PeriodwiseSummaryDMP.rpt	ok	41BPeriodwiseReport	3	FooterDMP.rpt;HeaderDMP.rpt;PageHeaderDMP.rpt	prmHeadName;prmMonths;prmFrDate;prmToDate;prmDepositUnit	CRQE|_41_B_PeriodwiseSummary|	
layouts-copy:Reports/RetailBanking/New RetailBanking Report/41_C_DepositSummary.rpt	ok	41CDepositSummary	6	Footer.rpt;Header.rpt;PageHeader.rpt;ReportFooter.rpt	prmHeadName;prmFrDate;prmToDate	CRQE|_41_C_DepositSummary|	
layouts-copy:Reports/RetailBanking/New RetailBanking Report/41_C_DepositSummaryDMP.rpt	ok	41CDepositSummary	6	FooterDMP.rpt;HeaderDMP.rpt;PageHeaderDMP.rpt	prmHeadName;prmFrDate;prmToDate	CRQE|_41_C_DepositSummary|	
layouts-copy:Reports/RetailBanking/New RetailBanking Report/41_C_PeriodwiseReport.rpt	ok	PeriodwiseReport	7	Footer.rpt;Header.rpt;PageHeader.rpt;ReportFooter.rpt	prmHeadName;prmFrDate;prmToDate;prmDepositUnit	CRQE|_41_C_PeriodwiseReport|	
layouts-copy:Reports/RetailBanking/New RetailBanking Report/41_C_PeriodwiseReportDMP.rpt	ok	PeriodwiseReport	7	FooterDMP.rpt;HeaderDMP.rpt;PageHeaderDMP.rpt	prmHeadName;prmFrDate;prmToDate;prmDepositUnit	CRQE|_41_C_PeriodwiseReport|	
xnet:Reports/RetailBanking/SeedReports/41_D_MaturityDateWise.rpt	ok	MaturityDateWise	9	Footer.rpt;Header.rpt;PageHeader.rpt;ReportFooter.rpt	prmHeadName;prmFrDate;prmToDate	CRQE|_41_D_MaturityDateWise|	
layouts-copy:Reports/RetailBanking/New RetailBanking Report/41_D_MaturityDateWiseDMP.rpt	ok	MaturityDateWise	7	FooterDMP.rpt;HeaderDMP.rpt;PageHeaderDMP.rpt	prmHeadName;prmFrDate;prmToDate	CRQE|_41_D_MaturityDateWise|	
layouts-copy:Reports/RetailBanking/New RetailBanking Report/41_D_MaturitySummary.rpt	ok	MaturitySummary	6	Footer.rpt;Header.rpt;PageHeader.rpt;ReportFooter.rpt	prmHeadName;prmFrDate;prmToDate	CRQE|_41_D_MaturitySummary|	
layouts-copy:Reports/RetailBanking/New RetailBanking Report/41_D_MaturitySummaryDMP.rpt	ok	MaturitySummary	4	FooterDMP.rpt;HeaderDMP.rpt;PageHeaderDMP.rpt	prmHeadName;prmFrDate;prmToDate	CRQE|_41_D_MaturitySummary|	
layouts-copy:Reports/RetailBanking/New RetailBanking Report/48_A_LoanDisbursement.rpt	ok	element1	14	Footer.rpt;Header.rpt;PageHeader.rpt;ReportFooter.rpt	prmFDate;prmTDate;prmMainAcType;prmSubAcType	CRQE|_48_A_LoanDisbursement|	
layouts-copy:Reports/RetailBanking/SeedReports/48_A_LoanDisbursement_V1.rpt	ok	LoanDisbursementRecovery	21	Footer.rpt;Header.rpt;PageHeader.rpt;ReportFooter.rpt	prmFDate;prmTDate;prmMainAcType;prmSubAcType;BranchName	CRQE|LoanDisbursementRecovery|	
layouts-copy:Reports/RetailBanking/New RetailBanking Report/48_A_LoanDisbursementDMP.rpt	ok	element1	14	FooterDMP.rpt;HeaderDMP.rpt;PageHeaderDMP.rpt;ReportFooterDMP.rpt	prmFDate;prmTDate;prmMainAcType;prmSubAcType	CRQE|_48_A_LoanDisbursement|	
layouts-copy:Reports/RetailBanking/SeedReports/48_A_LoanDisbursementDMP_V1.rpt	ok	element1	14	FooterDMP.rpt;HeaderDMP.rpt;PageHeaderDMP.rpt;ReportFooterDMP.rpt	prmFDate;prmTDate;prmMainAcType;prmSubAcType	CRQE|_48_A_LoanDisbursement|	
layouts-copy:Reports/RetailBanking/New RetailBanking Report/48_A_LoanDisbursementRecovery.rpt	ok	element1	14	Footer.rpt;Header.rpt;PageHeader.rpt;ReportFooter.rpt	prmFDate;prmTDate;prmMainAcType;prmSubAcType	CRQE|_48_A_LoanDisbursement|	
xnet:Reports/RetailBanking/SeedReports/48_A_LoanDisbursementRecovery_V1.rpt	ok	LoanDisbursementRecovery	21	Footer.rpt;Header.rpt;PageHeader.rpt;ReportFooter.rpt	prmFDate;prmTDate;prmMainAcType;prmSubAcType;BranchName	CRQE|LoanDisbursementRecovery|	
layouts-copy:Reports/RetailBanking/New RetailBanking Report/48_A_LoanDisbursementRecoveryDMP.rpt	ok	element1	14	FooterDMP.rpt;HeaderDMP.rpt;PageHeaderDMP.rpt;ReportFooterDMP.rpt	prmFDate;prmTDate;prmMainAcType;prmSubAcType	CRQE|_48_A_LoanDisbursement|	
layouts-copy:Reports/RetailBanking/SeedReports/48_A_LoanDisbursementRecoveryDMP_V1.rpt	ok	element1	14	FooterDMP.rpt;HeaderDMP.rpt;PageHeaderDMP.rpt;ReportFooterDMP.rpt	prmFDate;prmTDate;prmMainAcType;prmSubAcType	CRQE|_48_A_LoanDisbursement|	
layouts-copy:Reports/RetailBanking/New RetailBanking Report/48_A_LoanRecovery.rpt	ok	element1	14	Footer.rpt;Header.rpt;PageHeader.rpt;ReportFooter.rpt	prmFDate;prmTDate;prmMainAcType;prmSubAcType	CRQE|_48_A_LoanDisbursement|	
layouts-copy:Reports/RetailBanking/SeedReports/48_A_LoanRecovery_V1.rpt	ok	LoanDisbursementRecovery	21	Footer.rpt;Header.rpt;PageHeader.rpt;ReportFooter.rpt	prmFDate;prmTDate;prmMainAcType;prmSubAcType;BranchName	CRQE|LoanDisbursementRecovery|	
layouts-copy:Reports/RetailBanking/New RetailBanking Report/48_A_LoanRecoveryDMP.rpt	ok	element1	14	FooterDMP.rpt;HeaderDMP.rpt;PageHeaderDMP.rpt;ReportFooterDMP.rpt	prmFDate;prmTDate;prmMainAcType;prmSubAcType	CRQE|_48_A_LoanDisbursement|	
layouts-copy:Reports/RetailBanking/SeedReports/48_A_LoanRecoveryDMP_V1.rpt	ok	element1	14	FooterDMP.rpt;HeaderDMP.rpt;PageHeaderDMP.rpt;ReportFooterDMP.rpt	prmFDate;prmTDate;prmMainAcType;prmSubAcType	CRQE|_48_A_LoanDisbursement|	
layouts-copy:Reports/RetailBanking/New RetailBanking Report/48_B_LoanDisbursementSummary.rpt	ok	LDSummary	5	Footer.rpt;Header.rpt;PageHeader.rpt;ReportFooter.rpt	prmAccountType;prmFrDate;prmToDate	CRQE|_48_B_LoanDisbursementSummary|	
layouts-copy:Reports/RetailBanking/SeedReports/48_B_LoanDisbursementSummary_V1.rpt	ok	LDSummary	5	Footer.rpt;Header.rpt;PageHeader.rpt;ReportFooter.rpt	prmAccountType;prmFrDate;prmToDate;BranchName	CRQE|_48_B_LoanDisbursementSummary|	
layouts-copy:Reports/RetailBanking/New RetailBanking Report/48_B_LoanDisbursementSummaryDMP.rpt	ok	LDSummary	5	FooterDMP.rpt;HeaderDMP.rpt;PageHeaderDMP.rpt;ReportFooterDMP.rpt	prmAccountType;prmFrDate;prmToDate	CRQE|_48_B_LoanDisbursementSummary|	
layouts-copy:Reports/RetailBanking/SeedReports/48_B_LoanDisbursementSummaryDMP_V1.rpt	ok	LDSummary	5	FooterDMP.rpt;HeaderDMP.rpt;PageHeaderDMP.rpt;ReportFooterDMP.rpt	prmAccountType;prmFrDate;prmToDate	CRQE|_48_B_LoanDisbursementSummary|	
layouts-copy:Reports/RetailBanking/New RetailBanking Report/50_InterestReceivableStatmentReport.rpt	ok	InterestReceivableInterest	6	Footer.rpt;Header.rpt;PageHeader.rpt;ReportFooter.rpt	FromDate;ToDate	CRQE|_50_InterestReceivableStatment|	
layouts-copy:Reports/RetailBanking/New RetailBanking Report/50_InterestReceivableStatmentReportDMP.rpt	ok	InterestReceivableInterest	6	FooterDMP.rpt;HeaderDMP.rpt;PageHeaderDMP.rpt;ReportFooterDMP.rpt	FromDate;ToDate	CRQE|_50_InterestReceivableStatment|	
layouts-copy:Reports/RetailBanking/New RetailBanking Report/54_SocietyWiseReportLoanAndOverdue.rpt	ok	SocietyWiseLoanAndOverdue	8	Footer.rpt;Header.rpt;PageHeader.rpt	FromDate;ToDate	CRQE|_54_SocietyWiseReportOfLoanAndOverdue|	
layouts-copy:Reports/RetailBanking/New RetailBanking Report/55_LoanSchemeSlabDetailReport.rpt	ok	LoanSchemeSlabDetail	11	Footer.rpt;Header.rpt;PageHeader.rpt		CRQE|_55_LoanSchemeSlabDetail|	
layouts-copy:Reports/RetailBanking/New RetailBanking Report/56_PriSecDetails.rpt	ok	PriSecDetails	17	Footer.rpt;Header.rpt;PageHeader.rpt;ReportFooter.rpt	prmFrDate;prmToDate	CRQE|_56_PriSecDetails|	
layouts-copy:Reports/RetailBanking/New RetailBanking Report/57_InsuranceRegisterReport.rpt	ok	InsuranceRegister	13	Footer.rpt;Header.rpt;PageHeader.rpt		CRQE|_57_InsuranceRegister|	
layouts-copy:Reports/RetailBanking/New RetailBanking Report/57_InsuranceRegisterReportDMP.rpt	ok	InsuranceRegister	13	FooterDMP.rpt;HeaderDMP.rpt;PageHeaderDMP.rpt		CRQE|_57_InsuranceRegister|	
layouts-copy:Reports/RetailBanking/New RetailBanking Report/58_InterestReceivableDetailReport.rpt	ok	InterestReceivableDetail	7	Footer.rpt;Header.rpt;PageHeader.rpt;ReportFooter.rpt	prmFrDate;prmToDate;prmAsonDate;prmHeadName	CRQE|_58_InterestReceivableDetail|	
layouts-copy:Reports/RetailBanking/New RetailBanking Report/58_InterestReceivableDetailReportDMP.rpt	ok	InterestReceivableDetail	7	FooterDMP.rpt;HeaderDMP.rpt;PageHeaderDMP.rpt;ReportFooterDMP.rpt	prmFrDate;prmToDate;prmAsonDate;prmHeadName	CRQE|_58_InterestReceivableDetail|	
layouts-copy:Reports/RetailBanking/New RetailBanking Report/5_ReceivableDayBookReport.rpt	ok	ReceivableDayBook	4	Footer.rpt;Header.rpt;PageHeader.rpt;ReportFooter.rpt	Date;ChartOfAccount	CRQE|_5_ReceivableDayBook|	
layouts-copy:Reports/RetailBanking/New RetailBanking Report/74_FixedDepositDetailReport.rpt	ok	FixedDepositDetail	14	Footer.rpt;Header.rpt;PageHeader.rpt	prmFrDate;prmToDate	CRQE|_74_FixedDepositDetail|	
xnet:Reports/RetailBanking/SeedReports/74_FixedDepositDetailReport_v1.rpt	ok	FixedDepositDetail	15	Footer.rpt;Header.rpt;PageHeader.rpt;ReportFooter.rpt	prmFrDate;prmToDate;BranchName	CRQE|_74_FixedDepositDetail|	
layouts-copy:Reports/RetailBanking/New RetailBanking Report/74_FixedDepositDetailReportDMP.rpt	ok	FixedDepositDetail	14	FooterDMP.rpt;HeaderDMP.rpt;PageHeaderDMP.rpt;ReportFooterDMP.rpt	prmFrDate;prmToDate	CRQE|_74_FixedDepositDetail|	
layouts-copy:Reports/RetailBanking/SeedReports/74_FixedDepositDetailReportDMP_v1.rpt	ok	FixedDepositDetail	15	FooterDMP.rpt;HeaderDMP.rpt;PageHeaderDMP.rpt;ReportFooterDMP.rpt	prmFrDate;prmToDate	CRQE|_74_FixedDepositDetail|	
layouts-copy:Reports/RetailBanking/New RetailBanking Report/75_ResidualMaturityReport.rpt	ok	ResidualMaturity	7	Footer.rpt;Header.rpt;PageHeader.rpt;ReportFooter.rpt	AsOnDate;BranchName	CRQE|ResidualMaturity|	
layouts-copy:Reports/RetailBanking/New RetailBanking Report/75_ResidualMaturityReportDMP.rpt	ok	ResidualMaturity	12	FooterDMP.rpt;HeaderDMP.rpt;PageHeaderDMP.rpt;ReportFooterDMP.rpt	AsOnDate	CRQE|_75_ResidualMaturity|	
layouts-copy:Reports/RetailBanking/New RetailBanking Report/79_TermDepositAndDetailReport.rpt	ok	TermDepositAndDetail	15	Footer.rpt;Header.rpt;PageHeader.rpt;ReportFooter.rpt	ChartOfAccount;prmDate1	CRQE|_79_TermDepositAndDetail|	
layouts-copy:Reports/RetailBanking/SeedReports/79_TermDepositAndDetailReport_v1.rpt	ok	TermDepositAndDetail	15	Footer.rpt;Header.rpt;PageHeader.rpt;ReportFooter.rpt	ChartOfAccount;prmDate1;BranchName	CRQE|_79_TermDepositAndDetail|	
layouts-copy:Reports/RetailBanking/New RetailBanking Report/79_TermDepositAndDetailReportDMP.rpt	ok	TermDepositAndDetail	15	FooterDMP.rpt;HeaderDMP.rpt;PageHeaderDMP.rpt;ReportFooterDMP.rpt	ChartOfAccount;prmDate1	CRQE|_79_TermDepositAndDetail|	
layouts-copy:Reports/RetailBanking/SeedReports/79_TermDepositAndDetailReportDMP_v1.rpt	ok	TermDepositAndDetail	15	FooterDMP.rpt;HeaderDMP.rpt;PageHeaderDMP.rpt;ReportFooterDMP.rpt	ChartOfAccount;prmDate1	CRQE|_79_TermDepositAndDetail|	
layouts-copy:Reports/RetailBanking/New RetailBanking Report/80_DepositInsuranceReport.rpt	ok	DepositInsurance	5	80_DepositInsuranceSubreport.rpt;80_DepositInsuranceSupplementarySubReport.rpt;Footer.rpt;Header.rpt;PageHeader.rpt	InstitutionName;InstitutionCode;prmIsDetail;prmIsSupplementary;AsOnDate	CRQE|_80_DepositInsurance|;CRQE|_80_DepositInsuranceSubreport|;CRQE|_80_DepositInsuranceSupplementarySubreport|	
layouts-copy:Reports/RetailBanking/New RetailBanking Report/80_DepositInsuranceReportDMP.rpt	ok	DepositInsurance	5	80_DepositInsuranceSubreportDMP.rpt;80_DepositInsuranceSupplementarySubReportDMP.rpt;FooterDMP.rpt;HeaderDMP.rpt;PageHeaderDMP.rpt;ReportFooterDMP.rpt	InstitutionName;InstitutionCode;prmIsDetail;prmIsSupplementary;AsOnDate	CRQE|_80_DepositInsurance|;CRQE|_80_DepositInsuranceSubreport|;CRQE|_80_DepositInsuranceSupplementarySubreport|	
xnet:Reports/RetailBanking/New RetailBanking Report/9_A_B_C_UnAppliedInterestDayBookReport.rpt	ok	UnAppliedInterestDayBook	4	Footer.rpt;Header.rpt;PageHeader.rpt;ReportFooter.rpt	Date;@param	CRQE|_9_A_B_C_UnAppliedInterestDayBook|	
xnet:Reports/RetailBanking/SeedReports/AccNoList.rpt	ok	AccNoList	11	Footer.rpt;Header.rpt;PageHeader.rpt;ReportFooter.rpt	HeadName;@param;Currency	CRQE|AccNoList|	
layouts-copy:Reports/RetailBanking/AccountBalancingReport.rpt	ok	element1	7	Footer.rpt;Header.rpt;PageHeader.rpt;ReportFooter.rpt	BDate;BHead;ChartofAccount;GeneralBalance;IsChartOfAccount;RecPayBalance;AgentName	CRQE|AccountBalancing|	
layouts-copy:Reports/RetailBanking/AccountBalancingReportCustomerwise.rpt	ok	element1	8	Footer.rpt;Header.rpt;PageHeader.rpt;ReportFooter.rpt	BDate;BHead;ChartofAccount;GeneralBalance;IsChartOfAccount;RecPayBalance	CRQE|AccountBalancing|	
layouts-copy:Reports/RetailBanking/SeedReports/AccountBalancingReportCustomerwiseDMPv1.rpt	ok	element1	8	Footer.rpt;Header.rpt;PageHeader.rpt;ReportFooter.rpt	BDate;BHead;ChartofAccount;GeneralBalance;IsChartOfAccount;RecPayBalance	CRQE|AccountBalancing|	
layouts-copy:Reports/RetailBanking/SeedReports/AccountBalancingReportCustomerwisev1.rpt	ok	element1	10	Footer.rpt;Header.rpt;PageHeader.rpt;ReportFooter.rpt	BDate;BHead;ChartofAccount;GeneralBalance;IsChartOfAccount;RecPayBalance;BranchName	CRQE|AccountBalancing|	
layouts-copy:Reports/RetailBanking/AccountBalancingReportDMP.rpt	ok	element1	7	Footer.rpt;HeaderDMP.rpt;PageHeaderDMP.rpt;ReportFooterDMP.rpt	BDate;BHead;ChartofAccount;IsChartOfAccount;GeneralBalance;RecPayBalance;AgentName	CRQE|AccountBalancing|	
layouts-copy:Reports/RetailBanking/SeedReports/AccountBalancingReportDMPv1.rpt	ok	element1	7	Footer.rpt;HeaderDMP.rpt;PageHeaderDMP.rpt;ReportFooterDMP.rpt	BDate;BHead;ChartofAccount;IsChartOfAccount;GeneralBalance;RecPayBalance;AgentName	CRQE|AccountBalancing|	
layouts-copy:Reports/RetailBanking/SeedReports/AccountBalancingReportv1.rpt	ok	element1	10	Footer.rpt;Header.rpt;PageHeader.rpt;ReportFooter.rpt	BDate;BHead;ChartofAccount;GeneralBalance;IsChartOfAccount;RecPayBalance;AgentName;BranchName	CRQE|AccountBalancing|	
layouts-copy:Reports/RetailBanking/SeedReports/AccountClassificationReport.rpt	ok	AccountClassificationReport	10	Footer.rpt;Header.rpt;PageHeader.rpt;ReportFooter.rpt	AccountHead;AccountStatus;FromDt;ToDt	CRQE|AccountClassificationReport|	
layouts-copy:Reports/RetailBanking/SeedReports/AccountClassificationReportDMP.rpt	ok	AccountClassificationReport	9	FooterDMP.rpt;HeaderDMP.rpt;PageHeaderDMP.rpt;ReportFooterDMP.rpt		CRQE|AccountClassificationReport|	
xnet:Reports/RetailBanking/SeedReports/AccountCloseRegister.rpt	ok	AccountCloseRegister	17	Footer.rpt;Header.rpt;PageHeader.rpt;ReportFooter.rpt	FromDate;Todate;AccountCategory;BranchName;Currency	CRQE|AccountCloseRegister|	
layouts-copy:Reports/RetailBanking/AccountCloseRegisterDMP.rpt	ok	AccountCloseRegister	13	Footer.rpt;HeaderDMP.rpt;PageHeaderDMP.rpt;ReportFooterDMP.rpt	FromDate;Todate;AccDate;AccAmount;AccountCategory	CRQE|AccountCloseRegister|	
layouts-copy:Reports/RetailBanking/SeedReports/AccountDepositorAndExposure.rpt	ok	AccountDepositorAndExposure	5	footer.rpt;header.rpt;pageheader.rpt;reportfooter.rpt	Date	CRQE|AccountDepositorAndExposure|	
layouts-copy:Reports/RetailBanking/Account/AccountLedgerReport.rpt	ok	AccountLedger	9	Footer.rpt;Header.rpt;PageHeader.rpt;ReportFooter.rpt	HeadName;AccountNumber;CustomerName;FromDate;ToDate	CRQE|AccountLedger|	
xnet:Reports/RetailBanking/SeedReports/AccountLedgerReportCons.rpt	ok	AccountLedgerReportCons	16	Footer.rpt;Header.rpt;PageHeader.rpt;ReportFooter.rpt	HeadName;AccountNumber;CustomerName;FromDate;ToDate	CRQE|AccountLedgerReportCons|	
layouts-copy:Reports/RetailBanking/Account/AccountLedgerReportDMP.rpt	ok	AccountLedger	9	Footer.rpt;Header.rpt;PageHeader.rpt;ReportFooter.rpt	HeadName;AccountNumber;CustomerName;FromDate;ToDate	CRQE|AccountLedger|	
layouts-copy:Reports/RetailBanking/Account/AccountLedgerVoucherReport.rpt	ok	AccountLedger	9	Footer.rpt;Header.rpt;PageHeader.rpt;ReportFooter.rpt	HeadName;FromDate;ToDate	CRQE|AccountLedger|	
layouts-copy:Reports/RetailBanking/Account/AccountLedgerVoucherReportDMP.rpt	ok	AccountLedger	9	Footer.rpt;Header.rpt;PageHeader.rpt;ReportFooterDMP.rpt	HeadName;FromDate;ToDate	CRQE|AccountLedger|	
xnet:Reports/RetailBanking/SeedReports/AccountModifyRegister.rpt	ok	AccountModify	13	Footer.rpt;Header.rpt;PageHeader.rpt - 01;ReportFooter.rpt	FromDate;ToDate;HeadName;@param	CRQE|AccountModifyRegister|	
layouts-copy:Reports/RetailBanking/AccountModifyRegisterDMP.rpt	ok	AccountModify	11	FooterDMP.rpt;HeaderDMP.rpt;PageHeaderDMP.rpt;ReportFooterDMP.rpt	FromDate;ToDate;HeadName	CRQE|AccountModifyRegister|	
xnet:Reports/RetailBanking/SeedReports/AccountMovement.rpt	ok	AccountMovement	8	Footer.rpt;Header.rpt;PageHeader.rpt;ReportFooter.rpt	BranchName;FromDate;ToDate;CurrencyName;AccountNumber	CRQE|AccountMovement|	
layouts-copy:Reports/RetailBanking/Account/AccountNoList.rpt	ok	AccountNoList	6	Footer.rpt;Header.rpt;PageHeader.rpt;ReportFooter.rpt	HeadName	CRQE|AccountNoList|	
layouts-copy:Reports/RetailBanking/Account/AccountNoListDMP.rpt	ok	AccountNoList	6	FooterDMP.rpt;HeaderDMP.rpt;PageHeaderDMP.rpt;ReportFooterDMP.rpt		CRQE|AccountNoList|	
xnet:Reports/RetailBanking/SeedReports/AccountNumberListSummary.rpt	ok	AccountNumberListSummary	5	Footer.rpt;Header.rpt;PageHeader.rpt;ReportFooter.rpt	FromDate;ToDate;BranchName;Currency;COA	CRQE|AccountNumberListSummary|	
layouts-copy:Reports/RetailBanking/SeedReports/AccountOpenedReport.rpt	ok	AccountOpenedReport	13	Footer.rpt;Header.rpt;PageHeader.rpt;ReportFooter.rpt	FromDate;ToDate;HeadName;AccountCategory;BranchName	CRQE|AccountOpenedReport|	
layouts-copy:Reports/RetailBanking/SeedReports/AccountOpenedReportDMP.rpt	ok	AccountOpenedReport	13	FooterDMP.rpt;HeaderDMP.rpt;PageHeaderDMP.rpt;ReportFooterDMP.rpt	FromDate;ToDate;HeadName;AccountCategory	CRQE|AccountOpenedReport|	
layouts-copy:Reports/RetailBanking/AccountOpenRegister.rpt	ok	AccountOpenRegister	13	Footer.rpt;Header.rpt;PageHeader.rpt;ReportFooter.rpt	FromDate;ToDate;HeadName;AccountCategory	CRQE|AccountOpenRegister|	
layouts-copy:Reports/RetailBanking/AccountOpenRegisterDMP.rpt	ok	AccountOpenRegister	13	Footer.rpt;HeaderDMP.rpt;PageHeaderDMP.rpt;ReportFooterDMP.rpt	FromDate;ToDate;HeadName;AccountCategory	CRQE|AccountOpenRegister|	
layouts-copy:Reports/RetailBanking/Account/AccountOtherReceivable.rpt	ok	AccountReceivable	5	Footer.rpt;Header.rpt;PageHeader.rpt;ReportFooter.rpt	HeadName;AccountNumber;CustomerName;FromDate;ToDate	CRQE|AccountReceivable|	
layouts-copy:Reports/RetailBanking/Account/AccountOtherReceivableDMP.rpt	ok	AccountReceivable	5	FooterDMP.rpt;HeaderDMP.rpt;PageHeaderDMP.rpt;ReportFooterDMP.rpt	HeadName;AccountNumber;CustomerName;FromDate;ToDate	CRQE|AccountReceivable|	
layouts-copy:Reports/RetailBanking/AccountStatement.rpt	ok	AccountStatement	11	FlexiAccountStatement.rpt;Footer.rpt;Header.rpt;PageHeader.rpt;ReportFooter.rpt	FromDt;ToDt;@AccNo;@Name;@Head;FlexiAccount;@Address;@telno;AccountStatus;CurrCode;CurrDesc	CRQE|AccountStatement|;CRQE|FlexiAccountStatement|	
layouts-copy:Reports/RetailBanking/AccountStatementDMP.rpt	ok	AccountStatement	11	FlexiAccountStatement.rpt;Footer.rpt;Header.rpt;PageHeader.rpt;ReportFooterDMP.rpt	FromDt;ToDt;@AccNo;@Name;@Head;FlexiAccount;@Address;@telno;AccountStatus;CurrCode;CurrDesc	CRQE|AccountStatement|;CRQE|FlexiAccountStatement|	
layouts-copy:Reports/RetailBanking/AccountStatementNew.rpt	ok	AccountStatement	11	AmountUnderClearing.rpt;FlexiAccountStatement.rpt;Footer.rpt;Header.rpt;PageHeader.rpt;ReportFooter.rpt	FromDt;ToDt;@AccNo;@Name;@Head;FlexiAccount;@Address;@telno;AccountStatus;CurrCode;CurrDesc;OpeningBal;ClosingBal;TotalOutwardClearingAmount;TotalActualOutwardClearingAmount;TotalInwardClearingAmount;TotalActualInwardClearingAmount;email;mobileno;AvailableBalance;BookBalance;AmountUnderClearing	CRQE|AccountStatement|;CRQE|AccountUnderClearing|;CRQE|FlexiAccountStatement|	
layouts-copy:Reports/RetailBanking/AccountStatementNewDMP.rpt	ok	AccountStatement	11	AmountUnderClearingDMP.rpt;FlexiAccountStatement.rpt;FooterDMP.rpt;HeaderDMP.rpt;PageHeaderDMP.rpt;ReportFooterDMP.rpt	FromDt;ToDt;@AccNo;@Name;@Head;FlexiAccount;@Address;@telno;AccountStatus;CurrCode;CurrDesc;OpeningBal;ClosingBal;TotalOutwardClearingAmount;TotalActualOutwardClearingAmount;TotalInwardClearingAmount;TotalActualInwardClearingAmount;email;mobileno;BookBalance;AvailableBalance;AmountUnderClearing	CRQE|AccountStatement|;CRQE|AccountUnderClearing|;CRQE|FlexiAccountStatement|	
xnet:Reports/RetailBanking/SeedReports/AccountStatementNewv1.rpt	ok	AccountStatement	11	flexiaccountstatement.rpt;footer.rpt;header.rpt;pageheader.rpt;reportfooter.rpt	FromDt;ToDt;@AccNo;@Name;@Head;FlexiAccount;@Address;@telno;AccountStatus;CurrCode;CurrDesc;OpeningBal;ClosingBal;ClosingBalance;UnclearedDebit;UnclearedCredit;AvailableBalance;UnclearedInwardAmount;UnclearedOutwardAmount;AccounTypeCode	CRQE|AccountStatement|;CRQE|FlexiAccountStatement|	
layouts-copy:Reports/RetailBanking/SeedReports/AccountStatementNewv1DMP.rpt	ok	AccountStatement	11	FlexiAccountStatement.rpt;FooterDMP.rpt;HeaderDMP.rpt;PageHeaderDMP.rpt;ReportFooterDMP.rpt	FromDt;ToDt;@AccNo;@Name;@Head;FlexiAccount;@Address;@telno;AccountStatus;CurrCode;CurrDesc;OpeningBal;ClosingBal;ClosingBalance;UnclearedDebit;UnclearedCredit;AvailableBalance;UnclearedInwardAmount;UnclearedOutwardAmount;AccounTypeCode	CRQE|AccountStatement|;CRQE|FlexiAccountStatement|	
layouts-copy:Reports/RetailBanking/AccountStatementV1.rpt	ok	AccountStatement	11	FlexiAccountStatement.rpt;Footer.rpt;Header.rpt;PageHeader.rpt;ReportFooter.rpt	FromDt;ToDt;@AccNo;@Name;@Head;FlexiAccount;@Address;@telno;AccountStatus;CurrCode;CurrDesc	CRQE|AccountStatement|	
layouts-copy:Reports/RetailBanking/AccountStatementV1DMP.rpt	ok	AccountStatement	11	FlexiAccountStatement.rpt;Footer.rpt;Header.rpt;PageHeader.rpt;ReportFooterDMP.rpt	FromDt;ToDt;@AccNo;@Name;@Head;FlexiAccount;@Address;@telno;AccountStatus;CurrCode;CurrDesc	CRQE|AccountStatement|;CRQE|FlexiAccountStatement|	
xnet:Reports/RetailBanking/AccountStatus.rpt	ok	AccountStatus	9	Footer.rpt;Header.rpt;PageHeader.rpt;ReportFooter.rpt	AccountHead;AccountStatus;FromDt;ToDt;@param	CRQE|AccountStatusReport|	
layouts-copy:Reports/RetailBanking/AccountStatusDMP.rpt	ok	AccountStatus	7	Footer.rpt;Header.rpt;PageHeader.rpt;ReportFooterDMP.rpt	AccountHead;AccountStatus;FromDt;ToDt	CRQE|AccountStatusReport|	
layouts-copy:Reports/RetailBanking/SeedReports/AccountStatusReport.rpt	ok	AccountStatusReport	14	Footer.rpt;Header.rpt;PageHeader.rpt;ReportFooter.rpt		CRQE|AccountStatusReport|	
layouts-copy:Reports/RetailBanking/SeedReports/AccountStatusReportDMP.rpt	ok	AccountStatusReport	13	FooterDMP.rpt;HeaderDMP.rpt;PageHeaderDMP.rpt;ReportFooterDMP.rpt		CRQE|AccountStatusReport|	
layouts-copy:Reports/RetailBanking/Account/AccountTurnOverReportDMP.rpt	ok	AccountTurnOver	20	Footer.rpt;Header.rpt;PageHeader.rpt;ReportFooter.rpt	HeadName;AccountNumber;CustomerName;FromDate;ToDate	CRQE|AccountTurnOver|	
layouts-copy:Reports/RetailBanking/SeedReports/AccruvalOverDraftIntReport.rpt	ok	AccruvalOverDraftIntReport	9	Footer.rpt;Header.rpt;PageHeader.rpt;ReportFooter.rpt	BranchName	CRQE|AccruvalOverDraftIntReport|	
layouts-copy:Reports/RetailBanking/AccStatusByBranchDetails.rpt	ok	AccStautsByBranch	13	Footer.rpt;Header.rpt;PageHeader.rpt;ReportFooter.rpt	BranchName;Status	CRQE|AccStautsByBranch|	
layouts-copy:Reports/RetailBanking/AccStautsByBranch.rpt	ok	AccStautsByBranch	12	Footer.rpt;Header.rpt;PageHeader.rpt;ReportFooter.rpt	BranchName;Status	CRQE|AccStautsByBranch|	
layouts-copy:Reports/RetailBanking/loan/ActivePortfolioperCreditOfficer.rpt	ok	ActivePortfolioperCreditOfficer	14	CriteriaSubReport.rpt;Footer.rpt;Header.rpt;PageHeader.rpt;ReportFooter.rpt	FromDate;ToDate;BranchName	CRQE|ActivePortfolioperCreditOfficer|	
layouts-copy:Reports/RetailBanking/loan/ActivePortfolioperCreditOfficerDMP.rpt	ok	ActivePortfolioperCreditOfficer	13	CriteriaSubReportDMP.rpt;Footer.rpt;Header.rpt;PageHeader.rpt;ReportFooter.rpt		CRQE|ActivePortfolioperCreditOfficer|	
layouts-copy:Reports/RetailBanking/CashBook/AdjustedFinalCashBookReport.rpt	ok	AdjustedFinalCashBook	5	Footer.rpt;Header.rpt;PageHeader.rpt	Date	CRQE|_6_7_CashBook|	
layouts-copy:Reports/RetailBanking/CashBook/AdjustedFinalCashBookReportDMP.rpt	ok	AdjustedFinalCashBook	5	Footer.rpt;Header.rpt;PageHeader.rpt	Date	CRQE|_6_7_CashBook|	
layouts-copy:Reports/RetailBanking/loan/AgeingReport.rpt	ok	AgeingReport	14	CriteriaSubReport.rpt;Footer.rpt;Header.rpt;PageHeader.rpt;ReportFooter.rpt	FromDate;ToDate	CRQE|AgeingReport|	
layouts-copy:Reports/RetailBanking/loan/AgeingReportDMP.rpt	ok	AgeingReport	14	CollateralSubReportDMP.rpt;Footer.rpt;Header.rpt;PageHeader.rpt;ReportFooter.rpt	FromDate;ToDate	CRQE|AgeingReport|;CRQE|CollateralSubReport|	
layouts-copy:Reports/RetailBanking/transaction/AgentTransactionChartUnPosted.rpt	ok	AgentTransactionChartUnPosted	5	Footer.rpt;Header.rpt;PageHeader.rpt;ReportFooter.rpt		CRQE|AgentTransactionChartUnPosted|	
layouts-copy:Reports/RetailBanking/transaction/AgentTransactionChartUnPostedDMP.rpt	ok	AgentTransactionChartUnPosted	5	Footer.rpt;Header.rpt;PageHeader.rpt;ReportFooterDMP.rpt		CRQE|AgentTransactionChartUnPosted|	
layouts-copy:Reports/RetailBanking/SeedReports/allowdebittranaccounthead.rpt	ok	AllowDebitTransAccHeadDetails_xsd	4	footer.rpt;header.rpt;pageheader.rpt;reportfooter.rpt		CRQE|AllowDebitTransAccHeadDetails.xsd|	
layouts-copy:Reports/RetailBanking/loan/AmountDueToday.rpt	ok	AmountDueToday	11	CriteriaSubReport.rpt;Footer.rpt;Header.rpt;PageHeader.rpt;ReportFooter.rpt	AsonDate	CRQE|Document|	
layouts-copy:Reports/RetailBanking/loan/AmountDueTodayDMP.rpt	ok	AmountDueToday	11	CriteriaSubReportDMP.rpt;FooterDMP.rpt;HeaderDMP.rpt;PageHeaderDMP.rpt;ReportFooterDMP.rpt	FromDate;ToDate	CRQE|Document|	
layouts-copy:Reports/RetailBanking/AmountInLedger.rpt	ok	AmountInLedger	10	Footer.rpt;Header.rpt;PageHeader.rpt;ReportFooter.rpt	Trdate;RepName	CRQE|AmountInLedger|	
layouts-copy:Reports/RetailBanking/AmountInLedgerDMP.rpt	ok	AmountInLedger	10	FooterDMP.rpt;HeaderDMP.rpt;PageHeaderDMP.rpt;ReportFooterDMP.rpt	Trdate;RepName	CRQE|AmountInLedger|	
layouts-copy:Reports/RetailBanking/SeedReports/AmountInLedgerv1.rpt	ok	AmountInLedger	10	Footer.rpt;Header.rpt;PageHeader.rpt;ReportFooter.rpt	Trdate;RepName	CRQE|AmountInLedger|	
layouts-copy:Reports/RetailBanking/SeedReports/AmountInLedgerv1DMP.rpt	ok	AmountInLedger	10	FooterDMP.rpt;HeaderDMP.rpt;PageHeaderDMP.rpt;ReportFooterDMP.rpt	Trdate;RepName	CRQE|AmountInLedger|	
layouts-copy:Reports/RetailBanking/loan/AmountsDue.rpt	ok	AmountsDue	12	CriteriaSubReport.rpt;Footer.rpt;Header.rpt;PageHeader.rpt;ReportFooter.rpt	pmFirstDay;pmSecondDay;pmThirdDay;pmFourDay;pmFifthDay;pmSixthDay;pmAsonDate	CRQE|AmountsDue|	
layouts-copy:Reports/RetailBanking/loan/AmountsDueDMP.rpt	ok	AmountsDue	12	CriteriaSubReportDMP.rpt;FooterDMP.rpt;HeaderDMP.rpt;PageHeaderDMP.rpt;ReportFooterDMP.rpt	pmFirstDay;pmSecondDay;pmThirdDay;pmFourDay;pmFifthDay;pmSixthDay;pmAsonDate	CRQE|AmountsDue|	
layouts-copy:Reports/RetailBanking/loan/AmountWiseClassificationLoanAdvancesReport.rpt	ok	AmountWiseClassificationLoansAdvances	8	Footer.rpt;Header.rpt;PageHeader.rpt;ReportFooter.rpt	LastInspDate;CurrInspDate;Currency	CRQE|AmountWiseClassificationOfLoanAdvances|	
layouts-copy:Reports/RetailBanking/loan/AmountWiseClassificationLoanAdvancesReportDMP.rpt	ok	AmountWiseClassificationLoansAdvances	6	FooterDMP.rpt;HeaderDMP.rpt;PageHeaderDMP.rpt;ReportFooterDMP.rpt	LastInspDate;CurrInspDate;Currency	CRQE|AmountWiseClassificationOfLoanAdvances|	
xnet:Reports/RetailBanking/loan/ApprovedRejectedPendingLoans.rpt	ok	ApprovedRejectedPendingLoans	13	CriteriaSubReport.rpt;Footer.rpt;Header.rpt;PageHeader.rpt;ReportFooter.rpt	FromDate;ToDate;BranchName	CRQE|ApprovedRejectedPendingLoans|	
layouts-copy:Reports/RetailBanking/loan/ApprovedRejectedPendingLoansDMP.rpt	ok	ApprovedRejectedPendingLoans	11	CriteriaSubReportDMP.rpt;Footer.rpt;Header.rpt;PageHeader.rpt;ReportFooter.rpt	FromDate;ToDate	CRQE|ApprovedRejectedPendingLoans|	
xnet:Reports/RetailBanking/loan/ArrearsReport.rpt	ok	ArrearsReport	13	CriteriaSubReport.rpt;Footer.rpt;Header.rpt;PageHeader.rpt;ReportFooter.rpt	BranchName;AsOnDate	CRQE|ArrearsReport|	
layouts-copy:Reports/RetailBanking/loan/ArrearsReportDMP.rpt	ok	ArrearsReport	13	CriteriaSubReportDMP.rpt;Footer.rpt;Header.rpt;PageHeader.rpt;ReportFooter.rpt	FromDate;ToDate	CRQE|ArrearsReport|	
xnet:Reports/Inventory/AssetConsumableCategory.rpt	ok	v2	2	Footer.rpt;Header.rpt;PageHeader.rpt	ParamCompName;ParamHeading	CRQE|Document|	
layouts-copy:Reports/Inventory/AssetConsumableCategoryDMP.rpt	ok	v2	2	FooterDMP.rpt;HeaderDMP.rpt;PageHeaderDMP.rpt;ReportFooterDMP.rpt	ParamCompName;ParamHeading	CRQE|Document|	
layouts-copy:Reports/Inventory/AssetCosumableItem.rpt	ok	AssetConsumableItem	6	Footer.rpt;Header.rpt;PageHeader.rpt	ParamCompName;ParamHeading	CRQE|AssetCosumableItem|	
layouts-copy:Reports/Inventory/AssetCosumableItemDMP.rpt	ok	AssetConsumableItem	6	FooterDMP.rpt;HeaderDMP.rpt;PageHeaderDMP.rpt;ReportFooterDMP.rpt	ParamCompName;ParamHeading	CRQE|AssetCosumableItem|	
layouts-copy:Reports/Inventory/AssetRegister.rpt	ok	AssetRegister	11	Footer.rpt;HeaderA4LandScape.rpt;PageHeaderA4LandScape.rpt;ReportFooterA4LandScape.rpt	fromDate;toDate	CRQE|Document|	
layouts-copy:Reports/Inventory/AssetRegisterDMP.rpt	ok	AssetRegister	11	FooterDMP.rpt;HeaderDMP.rpt;PageHeaderDMP.rpt;ReportFooterDMP.rpt	fromDate;toDate	CRQE|Document|	
layouts-copy:Reports/Inventory/AssetRegisterSummary.rpt	ok	AssetRegister	5	Footer.rpt;Header.rpt;PageHeader.rpt;ReportFooter.rpt	fromDate;toDate	CRQE|Document|	
layouts-copy:Reports/Inventory/AssetRegisterSummaryDMP.rpt	ok	AssetRegister	5	FooterDMP.rpt;HeaderDMP.rpt;PageHeaderDMP.rpt;ReportFooterDMP.rpt	fromDate;toDate	CRQE|Document|	
xnet:Reports/RetailBanking/Account/ATMAccountWiseTrReport.rpt	ok	ATMAccWiseTran	10	Footer.rpt;Header.rpt;PageHeader.rpt	@param;FromDate;ToDate	CRQE|ATMAccWiseTran|	
layouts-copy:Reports/RetailBanking/ATM/ATMBranchTransactionReport.rpt	ok	ATMTransactionReport	10	Footer.rpt;Header.rpt;PageHeader.rpt	ToDate;FromDate;@param	CRQE|ATMTransactionReport|	
xnet:Reports/RetailBanking/ATM/ATMCardReports.rpt	ok	ATMCardReports	9	Footer.rpt;Header.rpt;PageHeader.rpt;ReportFooter.rpt	P_FromDate;P_ToDate;P_ReportTitle;@param	CRQE|ATMCardReports|	
layouts-copy:Reports/RetailBanking/AuthorizeRights.rpt	ok	AuthorizeRights	12	Footer.rpt;Header.rpt;PageHeader.rpt;ReportFooter.rpt	AccountNumber	CRQE|AuthorizeRights|	
layouts-copy:Reports/Treasury/BackdatedDeal.rpt	ok	DealMMFI	22	Footer.rpt;Header.rpt;PageHeader.rpt;ReportFooter.rpt	Date	CRQE|DealSettlement|	
layouts-copy:Reports/RetailBanking/HeadOffice/BalanceSheetNewByNotes.rpt	ok	ConsolidatedDetailedProfitAndLossStatement	3	BalanceSheetNewByNotesAsset.rpt;BalanceSheetNewByNotesEquityReserve.rpt;BalanceSheetNewByNotesLiablities.rpt;Footer.rpt;Header.rpt;PageHeader.rpt;ReportFooter.rpt	Date;AsOnDate;ProfitAmount;TotalLiablityAmount;CheckAmount	CRQE|BalanceSheetNewByNotes|;CRQE|ConsolidatedDetailedProfitAndLossStatement|	
layouts-copy:Reports/RetailBanking/HeadOffice/BalanceSheetNewByNotesAsset.rpt	ok	BalanceSheetNewByNotes	4			CRQE|BalanceSheetNewByNotes|	
layouts-copy:Reports/RetailBanking/HeadOffice/BalanceSheetNewByNotesEquityReserve.rpt	ok	BalanceSheetNewByNotes	4			CRQE|BalanceSheetNewByNotes|	
layouts-copy:Reports/RetailBanking/HeadOffice/BalanceSheetNewByNotesLiablities.rpt	ok	BalanceSheetNewByNotes	4			CRQE|BalanceSheetNewByNotes|	
layouts-copy:Reports/RetailBanking/BalanceSheetSubReport.rpt	ok	BalanceSheetSubReport	7			CRQE|BalanceSheetSubReport|	
layouts-copy:Reports/RetailBanking/New RetailBanking Report/BankWiseClearingRegister.rpt	ok	ScrollWiseClearing	11	Footer.rpt;Header.rpt;PageHeader.rpt;ReportFooter.rpt	Date;prmToDate	CRQE|_21_ScrollWiseClearing|	
layouts-copy:Reports/RetailBanking/New RetailBanking Report/BankWiseClearingRegisterDMP.rpt	ok	ScrollWiseClearing	11	FooterDMP.rpt;HeaderDMP.rpt;PageHeaderDMP.rpt;ReportFooterDMP.rpt	Date;prmToDate	CRQE|_21_ScrollWiseClearing|	
layouts-copy:Reports/RetailBanking/BatchTransactionReport.rpt	ok	BatchTransaction	6	Footer.rpt;Header.rpt;PageHeader.rpt;ReportFooter.rpt	@Date;AccountCode;Post	CRQE|BatchTransaction|	
layouts-copy:Reports/RetailBanking/BatchTransactionReportDMP.rpt	ok	BatchTransaction	6	Footer.rpt;HeaderDMP.rpt;PageHeaderDMP.rpt;ReportFooterDMP.rpt	@Date;AccountCode;Post	CRQE|BatchTransaction|	
layouts-copy:Reports/RetailBanking/BlockedUsers.rpt	ok	BlockUsers	7	Footer.rpt;Header.rpt;PageHeader.rpt;ReportFooter.rpt	Date;ToDate	CRQE|BlockUsers|	
layouts-copy:Reports/RetailBanking/BlockedUsersDMP.rpt	ok	BlockUsers	7	Footer.rpt;Header.rpt;PageHeader.rpt;ReportFooter.rpt	Date;ToDate	CRQE|BlockUsers|	
xnet:Reports/RetailBanking/SeedReports/BookBalanceCertificateReportv1.rpt	ok	BookBalanceCertificateReport	9	Footer.rpt;Header.rpt;PageHeader.rpt	prmDate;BranchName	CRQE|XMLSchema|	
layouts-copy:Reports/RetailBanking/SeedReports/BookBalanceCertificateReportv1DMP.rpt	ok	BookBalanceCertificateReport	9	FooterDMP.rpt;HeaderDMP.rpt;PageHeaderDMP.rpt	prmDate;BranchName	CRQE|XMLSchema|	
layouts-copy:Reports/Inventory/BudgetCategory.rpt	ok	BudgetCategory	3	Footer.rpt;Header.rpt;PageHeader.rpt	ParamCompName;ParamHeading	CRQE|g_Budgetcategory|	
layouts-copy:Reports/Inventory/BudgetCategoryDMP.rpt	ok	BudgetCategory	3	FooterDMP.rpt;HeaderDMP.rpt;PageHeaderDMP.rpt;ReportFooterDMP.rpt	ParamCompName;ParamHeading	CRQE|g_Budgetcategory|	
layouts-copy:Reports/Inventory/BudgetEstimateCategorywise.rpt	ok	BudgetEstimate	15	Footer.rpt;Header.rpt;PageHeader.rpt	prmFinYear;prmBrnchName;prmBdgtType;prmBdgtCat	CRQE|BudgetEstimateCategorywise|	
layouts-copy:Reports/Inventory/BudgetEstimateCategorywiseDMP.rpt	ok	BudgetEstimate	15	FooterDMP.rpt;HeaderDMP.rpt;PageHeaderDMP.rpt;ReportFooterDMP.rpt	prmFinYear;prmBrnchName;prmBdgtType;prmBdgtCat	CRQE|BudgetEstimateCategorywise|	
xnet:Reports/RetailBanking/SeedReports/CallOverReport.rpt	ok	CallOverReport	13	Footer.rpt;Header.rpt;PageHeader.rpt;ReportFooter.rpt	FromDate;ToDate	CRQE|CallOverReport|	
layouts-copy:Reports/RetailBanking/SeedReports/CallOverReportDMP.rpt	ok	CallOverReport	13	FooterDMP.rpt;HeaderDMP.rpt;PageHeaderDMP.rpt;ReportFooterDMP.rpt	FromDate;ToDate	CRQE|CallOverReport|	
xnet:Reports/RetailBanking/CashBookDetailsReport.rpt	ok	CashBookDetails	12	Footer.rpt;Header.rpt;PageHeader.rpt;ReportFooter.rpt	CashBookDate;TotalDrCash;TotalDrTransfer;TotalCrCash;TotalCrTransfer;ProvClosing;ProvOpening;ProvDrCash;ProvDrTransfer;ProvCrCash;ProvCrTransfer;TotalDrClearing;ProvDrClearing;TotalCrClearing;ProvCrClearing;TotCredit;TotDebit	CRQE|CashBookDetails|	
layouts-copy:Reports/RetailBanking/CashBookDetailsReportDMP.rpt	ok	CashBookDetails	12	Footer.rpt;HeaderDMP.rpt;PageHeaderDMP.rpt;ReportFooter.rpt	CashBookDate;TotalDrCash;TotalDrTransfer;TotalCrCash;TotalCrTransfer;ProvClosing;ProvOpening;ProvDrCash;ProvDrTransfer;ProvCrCash;ProvCrTransfer;TotalDrClearing;ProvDrClearing;TotalCrClearing;ProvCrClearing;TotCredit;TotDebit	CRQE|CashBookDetails|	
layouts-copy:Reports/RetailBanking/TrialBalanceTemplate/CashBookDetailsTemplate.rpt	ok	CashBookDetailsTemplate	12	Footer.rpt;Header.rpt;PageHeader.rpt;ReportFooter.rpt	CashBookDate;TotalDrCash;TotalDrTransfer;TotalCrCash;TotalCrTransfer;ProvClosing;ProvOpening;ProvDrCash;ProvDrTransfer;ProvCrCash;ProvCrTransfer;TotalDrClearing;ProvDrClearing;TotalCrClearing;ProvCrClearing;TotCredit;TotDebit;ProvTotCredit;ProvTotDebit;Name	CRQE|CashBookDetails|	
layouts-copy:Reports/RetailBanking/TrialBalanceTemplate/CashBookDetailsTemplateDMP.rpt	ok	CashBookDetailsTemplate	18	FooterDMP.rpt;HeaderDMP.rpt;PageHeaderDMP.rpt;ReportFooterDMP.rpt	CashBookDate;TotalDrCash;TotalDrTransfer;TotalCrCash;TotalCrTransfer;ProvClosing;ProvOpening;ProvDrCash;ProvDrTransfer;ProvCrCash;ProvCrTransfer;TotalDrClearing;ProvDrClearing;TotalCrClearing;ProvCrClearing;TotCredit;TotDebit;ProvTotCredit;ProvTotDebit;Name	CRQE|CashBookDetails|	
xnet:Reports/RetailBanking/SeedReports/CashDeposit.rpt	ok	CashDeposit	7	Footer.rpt;Header.rpt;PageHeader.rpt;ReportFooter.rpt	BranchName;FromDate;ToDate	CRQE|CashDeposit|	
layouts-copy:Reports/RetailBanking/CashierReport.rpt	ok	CashierReport	10	Footer.rpt;Header.rpt;PageHeader.rpt;ReportFooter.rpt	FromDate;ToDate;Cashier	CRQE|CashierReport|	
layouts-copy:Reports/RetailBanking/CashierSummary.rpt	ok	CashierSummary	13	Footer.rpt;Header.rpt;PageHeader.rpt;ReportFooter.rpt	ReportName;CashierName;Ondate;Opening;Receipt;Payment;Closing;ClosingInWords;CurrencyCode	CRQE|CashierSummary|	
layouts-copy:Reports/RetailBanking/SeedReports/CashierSummary_V1.rpt	ok	CashierSummary	13	Footer.rpt;Header.rpt;PageHeader.rpt;ReportFooter.rpt	ReportName;CashierName;Ondate;Opening;Receipt;Payment;Closing;ClosingInWords;CurrencyCode;todate	CRQE|CashierSummary|	
layouts-copy:Reports/RetailBanking/CashierSummaryDMP.rpt	ok	CashierSummary	11	FooterDMP.rpt;HeaderDMP.rpt;PageHeaderDMP.rpt;ReportFooterDMP.rpt	ReportName;CashierName;Ondate;Opening;Receipt;Payment;Closing;ClosingInWords;currencycode	CRQE|CashierSummary|	
layouts-copy:Reports/RetailBanking/SeedReports/CashierSummaryDMP_V1.rpt	ok	CashierSummary	13	FooterDMP.rpt;HeaderDMP.rpt;PageHeaderDMP.rpt;ReportFooterDMP.rpt	ReportName;CashierName;Ondate;Opening;Receipt;Payment;Closing;ClosingInWords;CurrencyCode;todate	CRQE|CashierSummary|	
layouts-copy:Reports/RetailBanking/CashierSummaryDMPNew.rpt	ok	CashierSummary	13	FooterDMP.rpt;HeaderDMP.rpt;PageHeaderDMP.rpt;ReportFooterDMP.rpt	ReportName;CashierName;Ondate;Opening;Receipt;Payment;Closing;ClosingInWords	CRQE|CashierSummary|	
layouts-copy:Reports/RetailBanking/CashierSummaryNew.rpt	ok	CashierSummary	13	Footer.rpt;Header.rpt;PageHeader.rpt;ReportFooter.rpt	ReportName;CashierName;Ondate;Opening;Receipt;Payment;Closing;ClosingInWords	CRQE|CashierSummary|	
xnet:Reports/RetailBanking/CashierToCashierTransfer.rpt	ok	CashierToCashier	7	Footer.rpt;Header.rpt;PageHeader.rpt;ReportFooter.rpt	FromDate;ToDate;CurrencyCode	CRQE|CashierToCashier|	
layouts-copy:Reports/RetailBanking/CashierTreasury.rpt	ok	CashierTreasury	10	footer.rpt;header.rpt;pageheader.rpt;reportfooter.rpt	FromDate;ToDate;Currency;AsOnDate	CRQE|CashierTreasury|	
layouts-copy:Reports/RetailBanking/SeedReports/CashierTreasuryDMP.rpt	ok	CashierTreasury	10	footer.rpt;header.rpt;pageheader.rpt;reportfooter.rpt	FromDate;ToDate;Currency;AsOnDate	CRQE|CashierTreasury|	
layouts-copy:Reports/RetailBanking/CashierUserTranLimit.rpt	ok	CashierUserTranLimit	12	Footer.rpt;Header.rpt;PageHeader.rpt;ReportFooter.rpt	BranchName;CurrencyCode	CRQE|CashierUserTranLimit|	
layouts-copy:Reports/RetailBanking/CashierWithHoldLimit.rpt	ok	CashierWithHoldLimit	9	footer.rpt;header.rpt;pageheader.rpt;reportfooter.rpt	Date	CRQE|CashierWithHoldLimit|	
layouts-copy:Reports/RetailBanking/CashierWithHoldLimitDMP.rpt	ok	CashierWithHoldLimit	9	Footer.rpt;Header.rpt;PageHeader.rpt;ReportFooter.rpt	Date	CRQE|CashierWithHoldLimit|	
xnet:Reports/RetailBanking/SeedReports/CashInTransit.rpt	ok	CashInTransit	8	Footer.rpt;Header.rpt;PageHeader.rpt;ReportFooter.rpt	BranchName;FromDate;ToDate	CRQE|CashInTransit|	
layouts-copy:Reports/RetailBanking/CashPosition.rpt	ok	element1	9	Footer.rpt;Header.rpt;PageHeader.rpt;ReportFooter.rpt	Receipt;Payment;Closing;UnPassedReceipt;UnPassedPayment;BankPosition;Opening;ProvisionalClosing;currencycode;AsOnDate	CRQE|CashPosition|	
layouts-copy:Reports/RetailBanking/CashPositionDMP.rpt	ok	element1	9	FooterDMP.rpt;HeaderDMP.rpt;PageHeaderDMP.rpt;ReportFooterDMP.rpt	Opening;Receipt;Payment;Closing;UnpassedReceipt;UnpassedPayment;ProvisionalClosing;BankPosition;currencycode;AsOnDate	CRQE|CashPosition|	
layouts-copy:Reports/RetailBanking/SeedReports/CashPositionDMPv1.rpt	ok	element1	9	FooterDMP.rpt;HeaderDMP.rpt;PageHeaderDMP.rpt;ReportFooterDMP.rpt	Opening;Receipt;Payment;Closing;UnpassedReceipt;UnpassedPayment;ProvisionalClosing;BankPosition;currencycode;AsOnDate	CRQE|CashPosition|	
layouts-copy:Reports/RetailBanking/SeedReports/CashPositionv1.rpt	ok	element1	9	Footer.rpt;Header.rpt;PageHeader.rpt;ReportFooter.rpt	Receipt;Payment;Closing;UnPassedReceipt;UnPassedPayment;BankPosition;Opening;ProvisionalClosing;currencycode;AsOnDate;op;cl;pcl;@param	CRQE|CashPosition|	
layouts-copy:Reports/RetailBanking/CashScrollReceiptPayment.rpt	ok	CashScrollReceiptPayment	10	Header.rpt		CRQE|CashScrollReceiptPayment|	
layouts-copy:Reports/RetailBanking/SeedReports/CashScrollReceiptPaymentSubRptv1.rpt	ok	CasScrollReceiptPayment	6			CRQE|cashScrolRecptPaySubRpt|	
layouts-copy:Reports/RetailBanking/CashScrollRpt.rpt	ok	CashScroll	13	CashScrollReceiptPaymentSubRpt.rpt;Footer.rpt;Header.rpt;PageHeader.rpt;ReportFooter.rpt	CashierName;Date	CRQE|CashScrollNew|;CRQE|cashScrolRecptPaySubRpt|	
layouts-copy:Reports/RetailBanking/CashScrollRptDMP.rpt	ok	CashScroll	13	CashScrollReceiptPaymentSubRpt.rpt;FooterDMP.rpt;HeaderDMP.rpt;PageHeaderDMP.rpt;ReportFooterDMP.rpt	CashierName;Date	CRQE|CashScrollNew|;CRQE|cashScrolRecptPaySubRpt|	
xnet:Reports/RetailBanking/SeedReports/CashScrollRptv1.rpt	ok	CashScroll	14	CashScrollReceiptPaymentSubRptv1.rpt;Footer.rpt;Header.rpt;PageHeader.rpt;ReportFooter.rpt	CashierName;Date	CRQE|CashScrollNew|;CRQE|cashScrolRecptPaySubRpt|	
layouts-copy:Reports/RetailBanking/SeedReports/CashScrollRptv1DMP.rpt	ok	CashScroll	14	CashScrollReceiptPaymentSubRptv1.rpt;FooterDMP.rpt;HeaderDMP.rpt;PageHeaderDMP.rpt;ReportFooterDMP.rpt	CashierName;Date	CRQE|CashScrollNew|;CRQE|cashScrolRecptPaySubRpt|	
xnet:Reports/RetailBanking/CashTranAtBranch.rpt	ok	CashTranByBranch	6	Footer.rpt;Header.rpt;PageHeader.rpt;ReportFooter.rpt	BranchName;CurrencyCode;FromDate;ToDate	CRQE|CashTranByBranch|	
layouts-copy:Reports/RetailBanking/CashTranByBranch.rpt	ok	CashTranByBranch	6	Footer.rpt;Header.rpt;PageHeader.rpt;ReportFooter.rpt	BranchName;CurrencyCode;FromDate;ToDate	CRQE|CashTranByBranch|	
layouts-copy:Reports/RetailBanking/CashTransactionReport.rpt	ok	TransactionReport	18	Footer.rpt;Header.rpt;PageHeader.rpt;ReportFooter.rpt	FromDate;UptoDate;ChartOfAccount;@TotalCurrInfor	CRQE|TransactionReport|	
layouts-copy:Reports/RetailBanking/CashTransactionReportDMP.rpt	ok	TransactionReport	18	Footer.rpt;Header.rpt;PageHeader.rpt;ReportFooter.rpt	FromDate;UptoDate;ChartOfAccount;@TotalCurrInfor	CRQE|TransactionReport|	
layouts-copy:Reports/RetailBanking/loan/CategoryReports.rpt	ok	ArrearsReport	9	CriteriaSubReport.rpt;Footer.rpt;Header.rpt;PageHeader.rpt;ReportFooter.rpt	FromDate;ToDate;param	CRQE|CategoryReports|	
layouts-copy:Reports/RetailBanking/loan/CategoryReportsDMP.rpt	ok	ArrearsReport	9	CriteriaSubReportDMP.rpt;Footer.rpt;Header.rpt;PageHeader.rpt;ReportFooter.rpt	FromDate;ToDate	CRQE|CategoryReports|	
layouts-copy:Reports/RetailBanking/SeedReports/CategoryWiseDepositReport_V1.rpt	ok	CategoryWiseDepositReport_V1	8	Footer.rpt;Header.rpt;PageHeader.rpt;ReportFooter.rpt	prmDate;BranchName	CRQE|CategoryWiseDepositReport_V1|	
layouts-copy:Reports/RetailBanking/SeedReports/CategoryWiseDepositReportDMP_V1.rpt	ok	CategoryWiseDeposit	5	FooterDMP.rpt;HeaderDMP.rpt;PageHeaderDMP.rpt;ReportFooterDMP.rpt	prmDate	CRQE|CategoryWiseDeposit|	
layouts-copy:Reports/Inventory/CategoryWiseDepriciation.rpt	ok	element1	4	Footer.rpt;Header.rpt;PageHeader.rpt		CRQE|CategoryWiseDepriciation|	
layouts-copy:Reports/Inventory/CategoryWiseDepriciationDMP.rpt	ok	element1	4	FooterDMP.rpt;HeaderDMP.rpt;PageHeaderDMP.rpt;ReportFooterDMP.rpt		CRQE|CategoryWiseDepriciation|	
layouts-copy:Reports/CBLReportsV1/Annual/CBL_CBOFSAR001_01.rpt	ok	CBL_CBOFSAR001_01	8	Footer.rpt;Header.rpt;PageHeader.rpt	AsOnDate;AmtIn	CRQE|CBL_CBOFSAR001_01|	
layouts-copy:Reports/CBLReportsV1/Annual/CBL_CBOFSAR002_01.rpt	ok	CBL_CBOFSAR002_01	5	Footer.rpt;Header.rpt;PageHeader.rpt	AsOnDate;AmtIn	CRQE|CBL_CBOFSAR002_01|	
layouts-copy:Reports/CBLReportsV1/Annual/CBL_CBOFSAR002_02.rpt	ok	CBL_CBOFSAR002_02	9	Footer.rpt;Header.rpt;PageHeader.rpt	AsOnDate;AmtIn	CRQE|CBL_CBOFSAR002_02|	
layouts-copy:Reports/CBLReportsV1/Annual/CBL_CBOFSAR002_03.rpt	ok	CBL_CBOFSAR002_03	9	Footer.rpt;Header.rpt;PageHeader.rpt	AsOnDate;AmtIn	CRQE|CBL_CBOFSAR002_03|	
layouts-copy:Reports/CBLReportsV1/AsAndWhen/CBL_CBOFSAWR010_01.rpt	ok	CBL_CBOFSAWR010_01	19	Footer.rpt;Header.rpt;PageHeader.rpt	AsOnDate;AmtIn	CRQE|CBL_CBOFSAWR010_01|	
layouts-copy:Reports/CBLReportsV1/AsAndWhen/CBL_CBOFSAWR010_02.rpt	ok	CBL_CBOFSAWR010_02	19	Footer.rpt;Header.rpt;PageHeader.rpt	AsOnDate;AmtIn	CRQE|CBL_CBOFSAWR010_02|	
layouts-copy:Reports/CBLReportsV1/Monthly/CBL_CBOFSMR019_01.rpt	ok	CBL_CBOFSMR019	13	Footer.rpt;Header.rpt;PageHeader.rpt	AsOnDate;AmtIn	CRQE|CBL_CBOFSMR019|	
layouts-copy:Reports/CBLReportsV1/Monthly/CBL_CBOFSMR019_02.rpt	ok	CBL_CBOFSMR019	13	Footer.rpt;Header.rpt;PageHeader.rpt	AsOnDate;AmtIn	CRQE|CBL_CBOFSMR019|	
layouts-copy:Reports/CBLReportsV1/Monthly/CBL_CBOFSMR020_01.rpt	ok	CBL_CBOFSMR020	13	Footer.rpt;Header.rpt;PageHeader.rpt	AsOnDate;AmtIn	CRQE|CBL_CBOFSMR020|	
layouts-copy:Reports/CBLReportsV1/Monthly/CBL_CBOFSMR020_02.rpt	ok	CBL_CBOFSMR020	13	Footer.rpt;Header.rpt;PageHeader.rpt	AsOnDate;AmtIn	CRQE|CBL_CBOFSMR020|	
layouts-copy:Reports/CBLReportsV1/Monthly/CBL_CBOFSMR021_01.rpt	ok	CBL_CBOFSMR021_01	15		AsOnDate;AmtIn	CRQE|CBL_CBOFSMR021_01|	
layouts-copy:Reports/CBLReportsV1/Monthly/CBL_CBOFSMR021_02.rpt	ok	CBL_CBOFSMR021_02	15		AsOnDate;AmtIn	CRQE|CBL_CBOFSMR021_02|	
layouts-copy:Reports/CBLReportsV1/Monthly/CBL_CBOFSMR021_03.rpt	ok	CBL_CBOFSMR021_03	15		AsOnDate;AmtIn	CRQE|CBL_CBOFSMR021_03|	
layouts-copy:Reports/CBLReportsV1/Monthly/CBL_CBOFSMR022_01.rpt	ok	CBL_CBOFSMR022_01	13		AsOnDate;AmtIn	CRQE|CBL_CBOFSMR022_01|	
layouts-copy:Reports/CBLReportsV1/Monthly/CBL_CBOFSMR022_02.rpt	ok	CBL_CBOFSMR022_02	13		AsOnDate;AmtIn	CRQE|CBL_CBOFSMR022_02|	
layouts-copy:Reports/CBLReportsV1/Monthly/CBL_CBOFSMR022_03.rpt	ok	CBL_CBOFSMR022_03	13		AsOnDate;AmtIn	CRQE|CBL_CBOFSMR022_03|	
layouts-copy:Reports/CBLReportsV1/Monthly/CBL_CBOFSMR023_01.rpt	ok	CBL_CBOFSMR023_01	26	Footer.rpt;Header.rpt;PageHeader.rpt	AsOnDate;AmtIn	CRQE|CBL_CBOFSMR023_01|	
layouts-copy:Reports/CBLReportsV1/Monthly/CBL_CBOFSMR023_02.rpt	ok	CBL_CBOFSMR023_02	26	Footer.rpt;Header.rpt;PageHeader.rpt	AsOnDate;AmtIn	CRQE|CBL_CBOFSMR023_02|	
layouts-copy:Reports/CBLReportsV1/Monthly/CBL_CBOFSMR024_01.rpt	ok	CBL_CBOFSMR024_01	6		AsOnDate;AmtIn	CRQE|CBL_CBOFSMR024_01|	
layouts-copy:Reports/CBLReportsV1/Monthly/CBL_CBOFSMR032_01.rpt	ok	CBL_CBOFSMR032_01	19	Footer.rpt;Header.rpt;PageHeader.rpt	AsOnDate;AmtIn	CRQE|CBL_CBOFSMR032_01|	
layouts-copy:Reports/CBLReportsV1/Monthly/CBL_CBOFSMR032_02.rpt	ok	CBL_CBOFSMR032_02	20	Footer.rpt;Header.rpt;PageHeader.rpt	AsOnDate;AmtIn	CRQE|CBL_CBOFSMR032_02|	
layouts-copy:Reports/CBLReportsV1/Monthly/CBL_CBOFSMR033_01.rpt	ok	CBL_CBOFSMR033_01	21	Footer.rpt;Header.rpt;PageHeader.rpt	AsOnDate;AmtIn	CRQE|CBL_CBOFSMR033_01|	
layouts-copy:Reports/CBLReportsV1/Monthly/CBL_CBOFSMR033_02.rpt	ok	CBL_CBOFSMR033_02	21	Footer.rpt;Header.rpt;PageHeader.rpt	AsOnDate;AmtIn	CRQE|CBL_CBOFSMR033_02|	
layouts-copy:Reports/CBLReportsV1/Monthly/CBL_CBOFSMS002_1.rpt	ok	CBL_CBOFSMS002	6	Footer.rpt	AsOnDate;AmtIn	CRQE|CBL_CBOFSMS002|	
layouts-copy:Reports/CBLReportsV1/Monthly/CBL_CBOFSMS002_10.rpt	ok	CBL_CBOFSMS002	6	Footer.rpt	AsOnDate;AmtIn	CRQE|CBL_CBOFSMS002|	
layouts-copy:Reports/CBLReportsV1/Monthly/CBL_CBOFSMS002_2.rpt	ok	CBL_CBOFSMS002	6		AsOnDate;AmtIn	CRQE|CBL_CBOFSMS002|	
layouts-copy:Reports/CBLReportsV1/Monthly/CBL_CBOFSMS002_3.rpt	ok	CBL_CBOFSMS002	6	Footer.rpt	AsOnDate;AmtIn	CRQE|CBL_CBOFSMS002|	
layouts-copy:Reports/CBLReportsV1/Monthly/CBL_CBOFSMS002_4.rpt	ok	CBL_CBOFSMS002	6		AsOnDate;AmtIn	CRQE|CBL_CBOFSMS002|	
layouts-copy:Reports/CBLReportsV1/Monthly/CBL_CBOFSMS002_5.rpt	ok	CBL_CBOFSMS002	6	Footer.rpt	AsOnDate;AmtIn	CRQE|CBL_CBOFSMS002|	
layouts-copy:Reports/CBLReportsV1/Monthly/CBL_CBOFSMS002_6.rpt	ok	CBL_CBOFSMS002	6	Footer.rpt	AsOnDate;AmtIn	CRQE|CBL_CBOFSMS002|	
layouts-copy:Reports/CBLReportsV1/Monthly/CBL_CBOFSMS002_7.rpt	ok	CBL_CBOFSMS002	6		AsOnDate;AmtIn	CRQE|CBL_CBOFSMS002|	
layouts-copy:Reports/CBLReportsV1/Monthly/CBL_CBOFSMS002_8.rpt	ok	CBL_CBOFSMS002	6	Footer.rpt	AsOnDate;AmtIn	CRQE|CBL_CBOFSMS002|	
layouts-copy:Reports/CBLReportsV1/Monthly/CBL_CBOFSMS002_9.rpt	ok	CBL_CBOFSMS002	6		AsOnDate;AmtIn	CRQE|CBL_CBOFSMS002|	
layouts-copy:Reports/CBLReportsV1/Monthly/CBL_CBOFSMS003_01.rpt	ok	CBL_CBOFSMS003	6	Footer.rpt	AsOnDate;AmtIn	CRQE|CBL_CBOFSMS003|	
layouts-copy:Reports/CBLReportsV1/Monthly/CBL_CBOFSMS003_02.rpt	ok	CBL_CBOFSMS003	6		AsOnDate;AmtIn	CRQE|CBL_CBOFSMS003|	
layouts-copy:Reports/CBLReportsV1/Monthly/CBL_CBOFSMS003_03.rpt	ok	CBL_CBOFSMS003	6	Footer.rpt	AsOnDate;AmtIn	CRQE|CBL_CBOFSMS003|	
layouts-copy:Reports/CBLReportsV1/Monthly/CBL_CBOFSMS003_04.rpt	ok	CBL_CBOFSMS003	6		AsOnDate;AmtIn	CRQE|CBL_CBOFSMS003|	
layouts-copy:Reports/CBLReportsV1/Monthly/CBL_CBOFSMS003_05.rpt	ok	CBL_CBOFSMS003	6	Footer.rpt	AsOnDate;AmtIn	CRQE|CBL_CBOFSMS003|	
layouts-copy:Reports/CBLReportsV1/Monthly/CBL_CBOFSMS003_06.rpt	ok	CBL_CBOFSMS003	6	Footer.rpt	AsOnDate;AmtIn	CRQE|CBL_CBOFSMS003|	
layouts-copy:Reports/CBLReportsV1/Monthly/CBL_CBOFSMS003_07.rpt	ok	CBL_CBOFSMS003	6		AsOnDate;AmtIn	CRQE|CBL_CBOFSMS003|	
layouts-copy:Reports/CBLReportsV1/Monthly/CBL_CBOFSMS003_08.rpt	ok	CBL_CBOFSMS003	6	Footer.rpt	AsOnDate;AmtIn	CRQE|CBL_CBOFSMS003|	
layouts-copy:Reports/CBLReportsV1/Monthly/CBL_CBOFSMS003_09.rpt	ok	CBL_CBOFSMS003	6		AsOnDate;AmtIn	CRQE|CBL_CBOFSMS003|	
layouts-copy:Reports/CBLReportsV1/Monthly/CBL_CBOFSMS003_10.rpt	ok	CBL_CBOFSMS003	6	Footer.rpt	AsOnDate;AmtIn	CRQE|CBL_CBOFSMS003|	
layouts-copy:Reports/CBLReportsV1/Monthly/CBL_CBOFSMS004_01.rpt	ok	CBL_CBOFSMS004	6		AsOnDate;AmtIn	CRQE|CBL_CBOFSMS004|	
layouts-copy:Reports/CBLReportsV1/Monthly/CBL_CBOFSMS004_02.rpt	ok	CBL_CBOFSMS004	6		AsOnDate;AmtIn	CRQE|CBL_CBOFSMS004|	
layouts-copy:Reports/CBLReportsV1/Monthly/CBL_CBOFSMS004_03.rpt	ok	CBL_CBOFSMS004	6		AsOnDate;AmtIn	CRQE|CBL_CBOFSMS004|	
layouts-copy:Reports/CBLReportsV1/Monthly/CBL_CBOFSMS004_04.rpt	ok	CBL_CBOFSMS004	6		AsOnDate;AmtIn	CRQE|CBL_CBOFSMS004|	
layouts-copy:Reports/CBLReportsV1/Monthly/CBL_CBOFSMS004_05.rpt	ok	CBL_CBOFSMS004	6		AsOnDate;AmtIn	CRQE|CBL_CBOFSMS004|	
layouts-copy:Reports/CBLReportsV1/Monthly/CBL_CBOFSMS004_06.rpt	ok	CBL_CBOFSMS004	6		AsOnDate;AmtIn	CRQE|CBL_CBOFSMS004|	
layouts-copy:Reports/CBLReportsV1/Monthly/CBL_CBOFSMS004_07.rpt	ok	CBL_CBOFSMS004	6		AsOnDate;AmtIn	CRQE|CBL_CBOFSMS004|	
layouts-copy:Reports/CBLReportsV1/Monthly/CBL_CBOFSMS004_08.rpt	ok	CBL_CBOFSMS004	6		AsOnDate;AmtIn	CRQE|CBL_CBOFSMS004|	
layouts-copy:Reports/CBLReportsV1/Monthly/CBL_CBOFSMS004_09.rpt	ok	CBL_CBOFSMS004	6		AsOnDate;AmtIn	CRQE|CBL_CBOFSMS004|	
layouts-copy:Reports/CBLReportsV1/Monthly/CBL_CBOFSMS004_10.rpt	ok	CBL_CBOFSMS004	6		AsOnDate;AmtIn	CRQE|CBL_CBOFSMS004|	
layouts-copy:Reports/CBLReportsV1/Monthly/CBL_CBOFSMS006_01.rpt	ok	CBL_CBOFSMS006	14	Footer.rpt;Header.rpt;PageHeader.rpt	AsOnDate;AmtIn	CRQE|CBL_CBOFSMS006|	
layouts-copy:Reports/CBLReportsV1/Monthly/CBL_CBOFSMS006_02.rpt	ok	CBL_CBOFSMS006	14	Footer.rpt;Header.rpt;PageHeader.rpt	AsOnDate;AmtIn	CRQE|CBL_CBOFSMS006|	
layouts-copy:Reports/CBLReportsV1/Monthly/CBL_CBOFSMS006_03.rpt	ok	CBL_CBOFSMS006	14	Footer.rpt;Header.rpt;PageHeader.rpt	AsOnDate;AmtIn	CRQE|CBL_CBOFSMS006|	
layouts-copy:Reports/CBLReportsV1/Monthly/CBL_CBOFSMS006_04.rpt	ok	CBL_CBOFSMS006	14	Footer.rpt;Header.rpt;PageHeader.rpt	AsOnDate;AmtIn	CRQE|CBL_CBOFSMS006|	
layouts-copy:Reports/CBLReportsV1/Monthly/CBL_CBOFSMS006_05.rpt	ok	CBL_CBOFSMS006	14	Footer.rpt;Header.rpt;PageHeader.rpt	AsOnDate;AmtIn	CRQE|CBL_CBOFSMS006|	
layouts-copy:Reports/CBLReportsV1/Monthly/CBL_CBOFSMS006_06.rpt	ok	CBL_CBOFSMS006	14	Footer.rpt;Header.rpt;PageHeader.rpt	AsOnDate;AmtIn	CRQE|CBL_CBOFSMS006|	
layouts-copy:Reports/CBLReportsV1/Monthly/CBL_CBOFSMS008_01.rpt	ok	CBL_CBOFSMS008_01	26	Footer.rpt;Header.rpt;PageHeader.rpt	AsOnDate;AmtIn	CRQE|CBL_CBOFSMS008_01|	
layouts-copy:Reports/CBLReportsV1/Monthly/CBL_CBOFSMS008_02.rpt	ok	CBL_CBOFSMS008_02	26	Footer.rpt;Header.rpt;PageHeader.rpt	AsOnDate;AmtIn	CRQE|CBL_CBOFSMS008_02|	
layouts-copy:Reports/CBLReportsV1/Monthly/CBL_CBOFSMS009_01.rpt	ok	CBL_CBOFSMS009_01	30	Footer.rpt;Header.rpt;PageHeader.rpt	AsOnDate;AmtIn	CRQE|CBL_CBOFSMS009_01|	
layouts-copy:Reports/CBLReportsV1/Monthly/CBL_CBOFSMS009_02.rpt	ok	CBL_CBOFSMS009_02	30	Footer.rpt;Header.rpt;PageHeader.rpt	AsOnDate;AmtIn	CRQE|CBL_CBOFSMS009_02|	
layouts-copy:Reports/CBLReportsV1/Monthly/CBL_CBOFSMS018_01.rpt	ok	CBL_CBOFSMS018_01	26		AsOnDate;AmtIn	CRQE|CBL_CBOFSMS018_01|	
layouts-copy:Reports/CBLReportsV1/Monthly/CBL_CBOFSMS018_02.rpt	ok	CBL_CBOFSMS018_02	26		AsOnDate;AmtIn	CRQE|CBL_CBOFSMS018_02|	
layouts-copy:Reports/CBLReportsV1/Quarterly/CBL_CBOFSQR001_01.rpt	ok	CBL_CBOFSQR001_01	19	Footer.rpt;Header.rpt;PageHeader.rpt	AsOnDate;AmtIn	CRQE|CBL_CBOFSQR001_01|	
layouts-copy:Reports/CBLReportsV1/Quarterly/CBL_CBOFSQR001_02.rpt	ok	CBL_CBOFSQR001_02	19	Footer.rpt;Header.rpt;PageHeader.rpt	AsOnDate;AmtIn	CRQE|CBL_CBOFSQR001_02|	
layouts-copy:Reports/CBLReportsV1/Quarterly/CBL_CBOFSQR003_01.rpt	ok	CBL_CBOFSQR003_01	13	Footer.rpt;Header.rpt;PageHeader.rpt	AsOnDate;AmtIn	CRQE|CBL_CBOFSQR003_01|	
layouts-copy:Reports/CBLReportsV1/Quarterly/CBL_CBOFSQR003_02.rpt	ok	CBL_CBOFSQR003_02	13	Footer.rpt;Header.rpt;PageHeader.rpt	AsOnDate;AmtIn	CRQE|CBL_CBOFSQR003_02|	
layouts-copy:Reports/CBLReportsV1/Quarterly/CBL_CBOFSQR004_01.rpt	ok	CBL_CBOFSQR004	14		AsOnDate;AmtIn	CRQE|CBL_CBOFSQR004|	
layouts-copy:Reports/CBLReportsV1/Quarterly/CBL_CBOFSQR004_02.rpt	ok	CBL_CBOFSQR004	14		AsOnDate;AmtIn	CRQE|CBL_CBOFSQR004|	
layouts-copy:Reports/CBLReportsV1/Quarterly/CBL_CBOFSQR004_03.rpt	ok	CBL_CBOFSQR004	14		AsOnDate;AmtIn	CRQE|CBL_CBOFSQR004|	
layouts-copy:Reports/CBLReportsV1/Quarterly/CBL_CBOFSQR005_01.rpt	ok	CBL_CBOFSMS005	18	Footer.rpt;Header.rpt;PageHeader.rpt	AsOnDate;AmtIn	CRQE|CBL_CBOFSMS005|	
layouts-copy:Reports/CBLReportsV1/Quarterly/CBL_CBOFSQR005_02.rpt	ok	CBL_CBOFSQR005_02	22	Footer.rpt;Header.rpt;PageHeader.rpt	AsOnDate;AmtIn	CRQE|CBL_CBOFSQR005_02|	
layouts-copy:Reports/CBLReportsV1/Quarterly/CBL_CBOFSQR006_01.rpt	ok	CBL_CBOFSQR006	15		AsOnDate;AmtIn	CRQE|CBL_CBOFSQR006|	
layouts-copy:Reports/CBLReportsV1/Quarterly/CBL_CBOFSQR006_02.rpt	ok	CBL_CBOFSQR006	15		AsOnDate;AmtIn	CRQE|CBL_CBOFSQR006|	
layouts-copy:Reports/CBLReportsV1/Quarterly/CBL_CBOFSQR007_01.rpt	ok	CBL_CBOFSQR007_01	8		AsOnDate;AmtIn	CRQE|CBL_CBOFSQR007_01|	
layouts-copy:Reports/CBLReportsV1/Quarterly/CBL_CBOFSQR007_02.rpt	ok	CBL_CBOFSQR007_02	8		AsOnDate;AmtIn	CRQE|CBL_CBOFSQR007_02|	
layouts-copy:Reports/CBLReportsV1/Quarterly/CBL_CBOFSQR009_01.rpt	ok	CBL_CBOFSQR009_01	7		AsOnDate;AmtIn	CRQE|CBL_CBOFSQR009_01|	
layouts-copy:Reports/CBLReportsV1/Quarterly/CBL_CBOFSQR009_02.rpt	ok	CBL_CBOFSQR009_02	7		AsOnDate;AmtIn	CRQE|CBL_CBOFSQR009_02|	
layouts-copy:Reports/CBLReportsV1/Quarterly/CBL_CBOFSQR009_03.rpt	ok	CBL_CBOFSQR009_03	7		AsOnDate;AmtIn	CRQE|CBL_CBOFSQR009_03|	
layouts-copy:Reports/CBLReportsV1/Quarterly/CBL_CBOFSQR009_04.rpt	ok	CBL_CBOFSQR009_04	7		AsOnDate;AmtIn	CRQE|CBL_CBOFSQR009_04|	
layouts-copy:Reports/CBLReportsV1/Quarterly/CBL_CBOFSQR009_05.rpt	ok	CBL_CBOFSQR009_05	7		AsOnDate;AmtIn	CRQE|CBL_CBOFSQR009_05|	
layouts-copy:Reports/CBLReportsV1/Quarterly/CBL_CBOFSQR009_06.rpt	ok	CBL_CBOFSQR009_05	7		AsOnDate;AmtIn	CRQE|CBL_CBOFSQR009_05|	
layouts-copy:Reports/CBLReportsV1/Quarterly/CBL_CBOFSQR010_01.rpt	ok	CBL_CBOFSQR010_01	9	Footer.rpt;Header.rpt;PageHeader.rpt	AsOnDate;AmtIn	CRQE|CBL_CBOFSQR010_01|	
layouts-copy:Reports/CBLReportsV1/Quarterly/CBL_CBOFSQR010_02.rpt	ok	CBL_CBOFSQR010_02	9	Footer.rpt;Header.rpt;PageHeader.rpt	AsOnDate;AmtIn	CRQE|CBL_CBOFSQR010_02|	
layouts-copy:Reports/CBLReportsV1/Quarterly/CBL_CBOFSQR020_01.rpt	ok	CBL_CBOFSQR020_01	5	Footer.rpt;Header.rpt;PageHeader.rpt	AsOnDate;AmtIn	CRQE|CBL_CBOFSQR020_01|	
layouts-copy:Reports/CBLReportsV1/Quarterly/CBL_CBOFSQR021_01.rpt	ok	CBL_CBOFSQR021_01	5	Footer.rpt;Header.rpt;PageHeader.rpt	AsOnDate;AmtIn	CRQE|CBL_CBOFSQR021_01|	
layouts-copy:Reports/CBLReportsV1/Quarterly/CBL_CBOFSQR022_01.rpt	ok	CBL_CBOFSQR022_01	5	Footer.rpt;Header.rpt;PageHeader.rpt	AsOnDate;AmtIn	CRQE|CBL_CBOFSQR022_01|	
layouts-copy:Reports/CBLReportsV1/Quarterly/CBL_CBOFSQR023_01.rpt	ok	CBL_CBOFSQR023_01	5	Footer.rpt;Header.rpt;PageHeader.rpt	AsOnDate;AmtIn	CRQE|CBL_CBOFSQR023_01|	
layouts-copy:Reports/CBLReportsV1/Quarterly/CBL_CBOFSQR024_01.rpt	ok	CBL_CBOFSQR024_01	5	Footer.rpt;Header.rpt;PageHeader.rpt	AsOnDate;AmtIn	CRQE|CBL_CBOFSQR024_01|	
layouts-copy:Reports/CBLReportsV1/Quarterly/CBL_CBOFSQR026_01.rpt	ok	CBL_CBOFSQR026	24		AsOnDate;AmtIn	CRQE|CBL_CBOFSQR026|	
layouts-copy:Reports/CBLReportsV1/Quarterly/CBL_CBOFSQR026_02.rpt	ok	CBL_CBOFSQR026	24		AsOnDate;AmtIn	CRQE|CBL_CBOFSQR026|	
layouts-copy:Reports/CBLReportsV1/Quarterly/CBL_CBOFSQR028_01.rpt	ok	CBL_CBOFSQR028	17		AsOnDate;AmtIn	CRQE|CBL_CBOFSQR028|	
layouts-copy:Reports/CBLReportsV1/Quarterly/CBL_CBOFSQR028_02.rpt	ok	CBL_CBOFSQR028	17		AsOnDate;AmtIn	CRQE|CBL_CBOFSQR028_01|	
layouts-copy:Reports/CBLReportsV1/Quarterly/CBL_CBOFSQR029_01.rpt	ok	CBL_CBOFSQR029_01	19			CRQE|CBL_CBOFSQR029_01|	
layouts-copy:Reports/CBLReportsV1/Quarterly/CBL_CBOFSQR029_02.rpt	ok	CBL_CBOFSQR029_02	19			CRQE|CBL_CBOFSQR029_02|	
layouts-copy:Reports/RetailBanking/SeedReports/CCLimitReminder.rpt	ok	CCLReminder	8	Footer.rpt;Header.rpt;PageHeader.rpt;ReportFooter.rpt	prmDate;prmBranch;prmBank	CRQE|_132_CCLimitReminder|	
layouts-copy:Reports/RetailBanking/SeedReports/CCLimitReminderDMP.rpt	ok	CCLReminder	8	FooterDMP.rpt;HeaderDMP.rpt;PageHeaderDMP.rpt;ReportFooterDMP.rpt	prmDate;prmBranch;prmBank	CRQE|_132_CCLimitReminder|	
xnet:Reports/RetailBanking/Account/ChargesConfigurationByAccount.rpt	ok	ChargesConfigurationByAccount	7	Footer.rpt;Header.rpt;PageHeader.rpt;ReportFooter.rpt	AccountCategory;ChartOfAccount	CRQE|ChargesConfigurationByAccount|	
layouts-copy:Reports/RetailBanking/Account/ChargesConfigurationByAccountDMP.rpt	ok	ChargesConfigurationByAccount	7	Footer.rpt;Header.rpt;PageHeader.rpt;ReportFooter.rpt	AccountCategory;ChartOfAccount	CRQE|ChargesConfigurationByAccount|	
layouts-copy:Reports/RetailBanking/Account/ChartofAccList.rpt	ok	ListOfAcc	3	Footer.rpt;Header.rpt;PageHeader.rpt;ReportFooter.rpt	accounttype	CRQE|ListOfAcc|	
layouts-copy:Reports/RetailBanking/Account/ChartofAccListDMP.rpt	ok	ListOfAcc	3	Footer.rpt;Header.rpt;PageHeader.rpt;ReportFooterDMP.rpt	accounttype	CRQE|ListOfAcc|	
xnet:Reports/RetailBanking/SeedReports/ChequeRangeIssuedReport.rpt	ok	ChequeRangeIssuedReport	8	Footer.rpt;Header.rpt;PageHeader.rpt;ReportFooter.rpt	FromDate;ToDate;AccountHead	CRQE|ChequeRangeIssuedReport|	
layouts-copy:Reports/RetailBanking/SeedReports/ChequeRangeIssuedReportDMP.rpt	ok	ChequeRangeIssuedReport	8	FooterDMP.rpt;HeaderDMP.rpt;PageHeaderDMP.rpt;ReportFooterDMP.rpt	FromDate;ToDate;AccountHead	CRQE|ChequeRangeIssuedReport|	
layouts-copy:Reports/RetailBanking/ClearanceCert.rpt	ok	ClearanceCertificate	2	Footer.rpt;Header.rpt;PageHeader.rpt	todaydate;BalanceCertBankName	CRQE|ClearanceCert|	
layouts-copy:Reports/RetailBanking/ClearanceCertDMP.rpt	ok	ClearanceCertificate	2	FooterDMP.rpt;HeaderDMP.rpt;PageHeaderDMP.rpt	todaydate;BalanceCertBankName	CRQE|ClearanceCert|	
xnet:Reports/RetailBanking/ClientList.rpt	ok	ClientList	12	Footer.rpt;Header.rpt;PageHeader.rpt;ReportFooter.rpt	IsPep;ClientType	CRQE|ClientList|	
layouts-copy:Reports/RetailBanking/COAAccBookBal.rpt	ok	COAAccBookBal	9	Footer.rpt;Header.rpt;PageHeader.rpt;ReportFooter.rpt	AsOnDate	CRQE|COAAccBookBal|	
layouts-copy:Reports/RetailBanking/COAAccBookBalDMP.rpt	ok	COAAccBookBal	9	Footer.rpt;Header.rpt;PageHeader.rpt;ReportFooter.rpt	AsOnDate	CRQE|COAAccBookBal|	
xnet:Reports/RetailBanking/COAAccLedgerBalances.rpt	ok	COAAccLedgerBalances	21	Footer.rpt;Header.rpt;PageHeader.rpt;ReportFooter.rpt	FromDt;ToDt	CRQE|COAAccLedgerBalances|	
xnet:Reports/RetailBanking/COAAccLedgerBalancesDMP.rpt	ok	COAAccLedgerBalances	21	footer.rpt;header.rpt;pageheader.rpt;reportfooter.rpt	FromDt;ToDt	CRQE|COAAccLedgerBalances|	
xnet:Reports/RetailBanking/SeedReports/CoADetailListReport.rpt	ok	CoADetailList	8	Footer.rpt;Header.rpt;PageHeader.rpt;ReportFooterDMP.rpt	FromDate;ToDate	CRQE|CoADetailList|	
xnet:Reports/RetailBanking/SeedReports/CoADetailListReportDMP.rpt	ok	CoADetailList	8	Footer.rpt;Header.rpt;PageHeader.rpt;ReportFooterDMP.rpt	FromDate;ToDate	CRQE|CoADetailList|	
layouts-copy:Reports/CBLReports/Collateralized.rpt	ok	Collateralized	15	Footer.rpt;Header.rpt;PageHeader.rpt	AsOnDate;AmtIn;SrNo	CRQE|Collateralized|	
xnet:Reports/Treasury/ConfirmedDealFIReport.rpt	ok	ConfirmedDealFI	7	Footer.rpt;Header.rpt;PageHeader.rpt;ReportFooter.rpt	FromDate;ToDate	CRQE|ConfirmedDealFI|	
xnet:Reports/RetailBanking/Balancing/ConsolidatedDetailedProfitAndLossStatement.rpt	ok	ConsolidatedDetailedProfitAndLossStatement	3	ConsolidatedExpenseProfitAndLossStatement.rpt;ConsolidatedIncomeProfitAndLossStatement.rpt;DetailedExpenseProfitAndLossStatement.rpt;DetailedIncomeProfitAndLossStatement.rpt;Footer.rpt;Header.rpt;PageHeader.rpt;ReportFooter.rpt	Date;AsOnDate;ProfitAmount;CurrencyCode;FinancialYear;BranchName	CRQE|ConsolidatedDetailedExpence|;CRQE|ConsolidatedDetailedProfitAndLossStatement|	
layouts-copy:Reports/RetailBanking/Balancing/ConsolidatedExpenseProfitAndLossStatement.rpt	ok	ConsolidatedDetailedExpence	3			CRQE|ConsolidatedDetailedExpence|	
layouts-copy:Reports/RetailBanking/Balancing/ConsolidatedIncomeProfitAndLossStatement.rpt	ok	ConsolidatedDetailedProfitAndLossStatement	3			CRQE|ConsolidatedDetailedProfitAndLossStatement|	
xnet:Reports/RetailBanking/CorporateAccCrdTrnOver.rpt	ok	CorporateAccCrdTrnOverdata	11	Header.rpt;PageHeader.rpt - 01;ReportFooter.rpt	FromDate;ToDate	CRQE|CorporateAccCrdTrnOver|	
xnet:Reports/RetailBanking/CorporateAccCrdTrnOverSumry.rpt	ok	CorporateAccCrdTrnOverdata	8	Footer.rpt;Header.rpt;PageHeader.rpt - 01;ReportFooter.rpt	FromDate;ToDate	CRQE|CorporateAccCrdTrnOver|	
xnet:Reports/RetailBanking/SeedReports/CounterCheque.rpt	ok	CounterCheque	10	Footer.rpt;Header.rpt;PageHeader.rpt;ReportFooter.rpt	BranchName;currency;COA;fromdate;todate	CRQE|CounterCheque|	
layouts-copy:Reports/RetailBanking/CreditHistorySubReport.rpt	ok	CreditHistorySubReport	7			CRQE|CreditHistorySubReport|	
xnet:Reports/RetailBanking/SeedReports/CreditOfficersPortfolioReport.rpt	ok	CreditOfficersPortfolioReport	7	Footer.rpt;Header.rpt;PageHeader.rpt;ReportFooter.rpt		CRQE|CreditOfficersPortfolioReport|	
layouts-copy:Reports/RetailBanking/CTR.rpt	ok	CTR	12	Footer.rpt;Header.rpt;PageHeader.rpt;ReportFooterDMP.rpt	InLakhs;FromDate;ToDate;BranchYetToSubmit;@param	CRQE|AccountStatement|	
layouts-copy:Reports/RetailBanking/CTRDMP.rpt	ok	CTR	12	FooterDMP.rpt;HeaderDMP132.rpt;PageHeader.rpt	InLakhs;FromDate;ToDate;BranchYetToSubmit	CRQE|AccountStatement|	
xnet:Reports/RetailBanking/SeedReports/CurrentAccWithOverdraftLimit.rpt	ok	CurrentAccWithOverdraftLimit	11	Footer.rpt;Header.rpt;PageHeader.rpt;ReportFooter.rpt	MarketedBy;AccountOpenDate	CRQE|DepositWithRangeOfVolsReport|	
layouts-copy:Reports/RetailBanking/SeedReports/CurrentAccWithOverdraftLimitDMP.rpt	ok	CurrentAccWithOverdraftLimit	11	Footer.rpt;Header.rpt;PageHeader.rpt;ReportFooter.rpt	MarketedBy;AccountOpenDate	CRQE|DepositWithRangeOfVolsReport|	
xnet:Reports/RetailBanking/SeedReports/CustomerAccountBalance.rpt	ok	CustomerAccountBalance	9	Footer.rpt;Header.rpt;PageHeader.rpt;ReportFooter.rpt	MarketedBy	CRQE|CustomerAccountBalance|	
layouts-copy:Reports/RetailBanking/SeedReports/CustomerAccountBalanceDMP.rpt	ok	CustomerAccountBalance	9	Footer.rpt;Header.rpt;PageHeader.rpt;ReportFooter.rpt	MarketedBy	CRQE|CustomerAccountBalance|	
layouts-copy:Reports/RetailBanking/DayBookDetailsReport.rpt	ok	DayBookDetails	7	Footer.rpt;Header.rpt;PageHeader.rpt	TrDate;OpeningBal;TotalCrCash;TotalDrCash	CRQE|DayBookDetails|	
layouts-copy:Reports/RetailBanking/DayBookDetailsReportDMP.rpt	ok	DayBookDetails	7	FooterDMP.rpt;HeaderDMP.rpt;PageHeaderDMP.rpt	TrDate;OpeningBal;TotalCrCash;TotalDrCash	CRQE|DayBookDetails|	
layouts-copy:Reports/RetailBanking/DayBookPagewisePortraitDMP.rpt	ok	DayBookPortrait	10	Footer.rpt;HeaderDMP.rpt;PageHeaderDMP.rpt;ReportFooterDMP.rpt	trdate;creditAmtTotal;creditRowcount;debitRowcount;debitAmtTotal;cashDrCount;cashCrCount;trfDrCount;trfCrCount;clgDrCount;clgCrCount	CRQE|DayBookPortrait|	
layouts-copy:Reports/RetailBanking/DayBookPortraitDMP.rpt	ok	DayBookPortrait	10	Footer.rpt;HeaderDMP.rpt;PageHeaderDMP.rpt;ReportFooterDMP.rpt	trdate;creditAmtTotal;creditRowcount;debitRowcount;debitAmtTotal;cashDrCount;cashCrCount;trfDrCount;trfCrCount;clgDrCount;clgCrCount	CRQE|DayBookPortrait|	
layouts-copy:Reports/RetailBanking/DayBookReport.rpt	ok	DayBook	11	Footer.rpt;Header.rpt;PageHeader.rpt;ReportFooter.rpt	TrDate;debitAmtTotal;creditAmtTotal;debitRowcount;creditRowcount;cashCrCount;cashDrCount;trfCrCount;trfDrCount;clgCrCount;clgDrCount	CRQE|DayBookReport|	
layouts-copy:Reports/RetailBanking/DayBookReportDMP.rpt	ok	DayBook	11	Footer.rpt;HeaderDMP.rpt;PageHeaderDMP.rpt;ReportFooterDMP.rpt	TrDate;creditAmtTotal;creditRowcount;debitRowcount;debitAmtTotal;cashDrCount;cashCrCount;trfDrcount;trfCrCount;clgDrCount;clgCrCount	CRQE|DayBookReport|	
xnet:Reports/RetailBanking/SeedReports/DealsBookedReport.rpt	ok	DealsBookedReport	16	Footer.rpt;Header.rpt;PageHeader.rpt;ReportFooter.rpt	FromDate;ToDate	CRQE|DealsBookedReport|	
layouts-copy:Reports/RetailBanking/SeedReports/DealsBookedReportDMP.rpt	ok	DealsBookedReport	16	FooterDMP.rpt;HeaderDMP.rpt;PageHeaderDMP.rpt;ReportFooterDMP.rpt	FromDate;ToDate	CRQE|DealsBookedReport|	
layouts-copy:Reports/Treasury/DealSettlementReport.rpt	ok	DealMMFI	22	Footer.rpt;Header.rpt;PageHeader.rpt;ReportFooter.rpt	FromDate;ToDate	CRQE|DealMMFI|	
layouts-copy:Reports/RetailBanking/Investment/DebtSecurityTermDepositInvestment.rpt	ok	GovtSecurityInvestment	23	Footer.rpt;HeaderA4LandScape.rpt;PageHeader.rpt	AsOnDate;frmCaption1;AccName;AccNo	CRQE|GovtSecurityInvestment|	
xnet:Reports/RetailBanking/SeedReports/DeleteTransactionReport.rpt	ok	DeleteTransaction	12	Footer.rpt;Header.rpt;PageHeader.rpt;ReportFooter.rpt	FDate;TDate;@param	CRQE|XMLSchema|	
layouts-copy:Reports/RetailBanking/DeleteTransactionReportDMP.rpt	ok	DeleteTransaction	11	FooterDMP.rpt;HeaderDMP.rpt;PageHeaderDMP.rpt;ReportFooterDMP.rpt	FDate;TDate	CRQE|XMLSchema|	
layouts-copy:Reports/RetailBanking/SeedReports/DeliquencyCalculation.rpt	ok	DeliquencyCalculation	12	Footer.rpt;Header.rpt;PageHeader.rpt;ReportFooter.rpt	AsOnDate	CRQE|DeliquencyCalculation|	
layouts-copy:Reports/RetailBanking/SeedReports/DeliquencyCalculationDMP.rpt	ok	DeliquencyCalculation	12	FooterDMP.rpt;HeaderDMP.rpt;PageHeaderDMP.rpt;ReportFooterDMP.rpt	AsOnDate	CRQE|DeliquencyCalculation|	
layouts-copy:Reports/RetailBanking/DemandGenerationReport.rpt	ok	DemandGenerationReport	31	Footer.rpt;Header.rpt;PageHeader.rpt	Sr. No.	CRQE|DemandGenerationReport|	
xnet:Reports/RetailBanking/SeedReports/DepositSchemeReport.rpt	ok	DepositScheme	13	Footer.rpt;Header.rpt;PageHeader.rpt;ReportFooter.rpt	Tdate	CRQE|DepositScheme|	
layouts-copy:Reports/RetailBanking/DepositSchemeReportDMP.rpt	ok	DepositScheme	13	FooterDMP.rpt;HeaderDMP.rpt;PageHeaderDMP.rpt;ReportFooterDMP.rpt	Tdate	CRQE|DepositScheme|	
xnet:Reports/RetailBanking/SeedReports/DepositWithRangeOfVolsReport.rpt	ok	DepositWithRangeOfVolsReport	11	Footer.rpt;Header.rpt;PageHeader.rpt;ReportFooter.rpt	AccountHead;AccountStatus;AmountRange;ToDt	CRQE|DepositWithRangeOfVolsReport|	
layouts-copy:Reports/Inventory/Depreciation.rpt	ok	Depreciation	4	Footer.rpt;Header.rpt;PageHeader.rpt	ParamHeading;paramCompName	CRQE|Depreciation|	
layouts-copy:Reports/Inventory/DepreciationCalculation.rpt	ok	DepreciationCalculation	10	Footer.rpt;HeaderA4LandScape.rpt;PageHeaderA4LandScape.rpt - 01;ReportFooterA4LandScape.rpt	asOnDate	CRQE|DepreciationCalculation|	
layouts-copy:Reports/Inventory/DepreciationCalculationDMP.rpt	ok	DepreciationCalculation	10	FooterDMP.rpt;HeaderDMP.rpt;PageHeaderDMP.rpt;ReportFooterDMP.rpt	asOnDate	CRQE|DepreciationCalculation|	
layouts-copy:Reports/Inventory/DepreciationDMP.rpt	ok	Depreciation	4	FooterDMP.rpt;HeaderDMP.rpt;PageHeaderDMP.rpt;ReportFooterDMP.rpt	ParamHeading;paramCompName	CRQE|Depreciation|	
layouts-copy:Reports/RetailBanking/Balancing/DetailedExpenseProfitAndLossStatement.rpt	ok	ConsolidatedDetailedProfitAndLossStatement	3			CRQE|ConsolidatedDetailedProfitAndLossStatement|	
layouts-copy:Reports/RetailBanking/Balancing/DetailedIncomeProfitAndLossStatement.rpt	ok	ConsolidatedDetailedProfitAndLossStatement	3			CRQE|ConsolidatedDetailedProfitAndLossStatement|	
layouts-copy:Reports/RetailBanking/New RetailBanking Report/Director.rpt	ok	Director	3	Footer.rpt;Header.rpt;PageHeader.rpt;ReportFooter.rpt		CRQE|Director|	
layouts-copy:Reports/RetailBanking/New RetailBanking Report/DirectorDMP.rpt	ok	Director	3	FooterDMP.rpt;HeaderDMP.rpt;PageHeaderDMP.rpt;ReportFooterDMP.rpt		CRQE|Director|	
xnet:Reports/RetailBanking/loan/DisbursementReport.rpt	ok	DisbursementReport	8	CriteriaSubReport.rpt;Footer.rpt;Header.rpt;PageHeader.rpt;ReportFooter.rpt	@AsOnDate	CRQE|DisbursementReport|	
layouts-copy:Reports/RetailBanking/DisbursementReportDMP.rpt	ok	DisbursementReport	6	CriteriaSubReportDMP.rpt;Footer.rpt;Header.rpt;PageHeader.rpt;ReportFooter.rpt	@AsOnDate	CRQE|DisbursementReport|	
layouts-copy:Reports/RetailBanking/DormantAccount.rpt	ok	DormantAccount	8	Footer.rpt;Header.rpt;PageHeader.rpt;ReportFooter.rpt	FromDate;ToDate	CRQE|DormantAccount|	
layouts-copy:Reports/RetailBanking/DormantAccountDMP.rpt	ok	DormantAccount	8	Footer.rpt;Header.rpt;PageHeader.rpt;ReportFooter.rpt	ToDate;FromDate	CRQE|DormantAccount|	
layouts-copy:Reports/RetailBanking/DorReactive.rpt	ok	DorReactive	13	Footer.rpt;Header.rpt;PageHeader.rpt;ReportFooter.rpt	BranchName;CurrencyCode;FromDate;ToDate	CRQE|DorReactive|	
layouts-copy:Reports/RetailBanking/Investment/EquitySharePurchaseInvestment.rpt	ok	GovtSecurityInvestment	23	Footer.rpt;HeaderA4LandScape.rpt;PageHeader.rpt	AsOnDate;frmCaption1;AccName;AccNo	CRQE|GovtSecurityInvestment|	
layouts-copy:Reports/RetailBanking/transaction/ExceptionalTransactionReport.rpt	ok	ExceptionalTransactions	7	Footer.rpt;Header.rpt;PageHeader.rpt;ReportFooter.rpt	ExceptionalAsOnDate	CRQE|ExceptionalTransactions|	
layouts-copy:Reports/RetailBanking/loan/ExpectedRepaymentofPastPresentDues.rpt	ok	ExpectedRepaymentsofPastPresentDues	11	CriteriaSubReport.rpt;Footer.rpt;Header.rpt;PageHeader.rpt;ReportFooter.rpt	pmFromDate;pmToDate	CRQE|ExpectedRepaymentsofPastPresentDues|	
layouts-copy:Reports/RetailBanking/loan/ExpectedRepaymentofPastPresentDuesDMP.rpt	ok	ExpectedRepaymentsofPastPresentDues	10	CriteriaSubReportDMP.rpt;FooterDMP.rpt;HeaderDMP.rpt;PageHeaderDMP.rpt;ReportFooterDMP.rpt	pmFromDate;pmToDate	CRQE|ExpectedRepaymentsofPastPresentDues|	
layouts-copy:Reports/RetailBanking/SeedReports/ExpiredODLimitReport.rpt	ok	ExpiredODLimitReport	9	Footer.rpt;Header.rpt;PageHeader.rpt;ReportFooter.rpt	FromDate;ToDate	CRQE|ExpiredODLimitReport|	
layouts-copy:Reports/RetailBanking/SeedReports/ExpiredODLimitReportDMP.rpt	ok	ExpiredODLimitReport	9	FooterDMP.rpt;HeaderDMP.rpt;PageHeaderDMP.rpt;ReportFooterDMP.rpt	FromDate;ToDate	CRQE|ExpiredODLimitReport|	
layouts-copy:Reports/RetailBanking/FDCertificate.rpt	ok	FDCertificateReport	10	Footer.rpt;Header.rpt;PageHeader.rpt;ReportFooter.rpt	TodayDate	CRQE|FDCertificateReport|	
xnet:Reports/RetailBanking/SeedReports/FDInterestv1.rpt	ok	FDInterest	10	Footer.rpt;Header.rpt;PageHeader.rpt;ReportFooter.rpt	BranchName	CRQE|FDInterest|	
layouts-copy:Reports/RetailBanking/SeedReports/FDInterestv1DMP.rpt	ok	FDInterest	10	Footer.rpt;Header.rpt;PageHeader.rpt;ReportFooter.rpt		CRQE|FDInterest|	
xnet:Reports/Treasury/FIMaturityDueReport.rpt	ok	FIMaturityDueReport	12	Footer.rpt;Header.rpt;PageHeader.rpt;ReportFooter.rpt	FromDate;ToDate	CRQE|FIMaturityDueReport|	
layouts-copy:Reports/RetailBanking/FixedDepositInterestReport.rpt	ok	FixedDepositInterest	7	Footer.rpt;Header.rpt;PageHeader.rpt;ReportFooter.rpt	FDIFromDate;FDIToDate;FDIAccount;FDIScheme;AccountCode	CRQE|FixedDepositInterest|	
layouts-copy:Reports/RetailBanking/FixedDepositInterestReportDMP.rpt	ok	FixedDepositInterest	7	FooterDMP.rpt;HeaderDMP.rpt;PageHeaderDMP.rpt;ReportFooterDMP.rpt	FDIFromDate;FDIToDate;FDIAccount;FDIScheme;AccountCode	CRQE|FixedDepositInterest|	
layouts-copy:Reports/RetailBanking/SeedReports/FixedDepositInterestReportDMPv1.rpt	ok	FixedDepositInterest	7	FooterDMP.rpt;HeaderDMP.rpt;PageHeaderDMP.rpt;ReportFooterDMP.rpt	FDIFromDate;FDIToDate;FDIAccount;FDIScheme;AccountCode	CRQE|FixedDepositInterest|	
layouts-copy:Reports/RetailBanking/SeedReports/FixedDepositInterestReportv1.rpt	ok	FixedDepositInterest	7	Footer.rpt;Header.rpt;PageHeader.rpt;ReportFooter.rpt	FDIFromDate;FDIToDate;FDIAccount;FDIScheme;AccountCode;BranchName	CRQE|FixedDepositInterest|	
layouts-copy:Reports/RetailBanking/SeedReports/FixedDepositReport.rpt	ok	FixedDepositReport	10	Footer.rpt;Header.rpt;PageHeader.rpt;ReportFooter.rpt	FromDate;ToDate	CRQE|FixedDepositReport|	
layouts-copy:Reports/RetailBanking/SeedReports/FixedDepositReportDMP.rpt	ok	FixedDepositReport	10	FooterDMP.rpt;HeaderDMP.rpt;PageHeaderDMP.rpt;ReportFooterDMP.rpt	FromDate;ToDate	CRQE|FixedDepositReport|	
layouts-copy:Reports/RetailBanking/FlexiAccountStatement.rpt	ok	FlexiAccountStatement	5	Footer.rpt;Header.rpt;PageHeader.rpt		CRQE|FlexiAccountStatement|	
xnet:Reports/RetailBanking/Forex/ForexBuy.rpt	ok	ForexBuy	8	footer.rpt;header.rpt;pageheader.rpt;reportfooter.rpt	FromDate;ToDate;Type;BranchName1	CRQE|ForexBuy|	
layouts-copy:Reports/RetailBanking/Forex/ForexBuyDMP.rpt	ok	ForexBuy	8	footer.rpt;header.rpt;pageheader.rpt;reportfooter.rpt	FromDate;ToDate;Type	CRQE|ForexBuy|	
layouts-copy:Reports/RetailBanking/Forex/ForexList.rpt	ok	ForexList	10	footer.rpt;header.rpt;pageheader.rpt;reportfooter.rpt	FromDate;ToDate;Type	CRQE|ForexList|	
layouts-copy:Reports/RetailBanking/Forex/ForexListDMP.rpt	ok	ForexList	10	footer.rpt;header.rpt;pageheader.rpt;reportfooter.rpt	FromDate;ToDate;Type	CRQE|ForexList|	
layouts-copy:Reports/RetailBanking/ForexRoundOffGainLoss.rpt	ok	ForexRoundOffGainLoss	8	Footer.rpt;Header.rpt;PageHeader.rpt;ReportFooter.rpt	FromDate;ToDate;Currency	CRQE|ForexRoundOffGainLoss|	
layouts-copy:Reports/RetailBanking/Forex/ForexSell.rpt	ok	ForexSell	9	footer.rpt;header.rpt;pageheader.rpt;reportfooter.rpt	FromDate;ToDate;Type;BranchName1	CRQE|ForexSell|	
layouts-copy:Reports/RetailBanking/Forex/ForexSellDMP.rpt	ok	ForexSell	9	footer.rpt;header.rpt;pageheader.rpt;reportfooter.rpt	FromDate;ToDate;Type	CRQE|ForexSell|	
layouts-copy:Reports/RetailBanking/loan/FullyRepaidLoansReport.rpt	ok	FullyRepaidLoansReport	11	CriteriaSubReport.rpt;Footer.rpt;Header.rpt;PageHeader.rpt;ReportFooter.rpt	pmFromDate;pmToDate	CRQE|FullyRepaidLoansReport|	
layouts-copy:Reports/RetailBanking/loan/FullyRepaidLoansReportDMP.rpt	ok	FullyRepaidLoansReport	11	CriteriaSubReportDMP.rpt;FooterDMP.rpt;HeaderDMP.rpt;PageHeaderDMP.rpt;ReportFooterDMP.rpt	pmFromDate;pmToDate	CRQE|FullyRepaidLoansReport|	
layouts-copy:Reports/Treasury/FXBrokerageReport.rpt	ok	Broker	9	Footer.rpt;Header.rpt;PageHeader.rpt;ReportFooter.rpt	FromDate;ToDate	CRQE|Broker|	
layouts-copy:Reports/Treasury/FXCurrencyAnalysisReport.rpt	ok	FXCurrencyAnalysisReport	6	Footer.rpt;Header.rpt;PageHeader.rpt;ReportFooter.rpt	FromDate;ToDate	CRQE|FXCurrencyAnalysisReport|	
xnet:Reports/Treasury/FxDealInput.rpt	ok	FxDealInput	14	Footer.rpt;Header.rpt;PageHeader.rpt;ReportFooter.rpt	FromDate;ToDate	CRQE|FxDealInput|	
layouts-copy:Reports/Treasury/FXMaturityDueReport.rpt	ok	FXMaturityDueReport	6	Footer.rpt;Header.rpt;PageHeader.rpt;ReportFooter.rpt	FromDate;ToDate	CRQE|FXMaturityDueReport|	
layouts-copy:Reports/RetailBanking/GenLedgerReport.rpt	ok	GenLedgerReport	8	Footer.rpt;Header.rpt;PageHeader.rpt;ReportFooter.rpt	fdate;tdate;@param	CRQE|GenLedgerReport|	
layouts-copy:Reports/RetailBanking/GenLedgerReportConSDMP.rpt	ok	GenLedgerReport	7	Footer.rpt;Header.rpt;PageHeader.rpt;ReportFooterDMP.rpt	fdate;tdate;OpenBal;CloseBal	CRQE|GenLedgerReport|	
layouts-copy:Reports/RetailBanking/GenLedgerReportDMP.rpt	ok	GenLedgerReport	7	Footer.rpt;Header.rpt;PageHeader.rpt;ReportFooterDMP.rpt	fdate;tdate	CRQE|GenLedgerReport|	
layouts-copy:Reports/RetailBanking/loan/GetLoansWithGuarantorReport.rpt	ok	GetLoansWithGuarantorReport	7	CriteriaSubReport.rpt;Footer.rpt;Header.rpt;PageHeader.rpt;ReportFooter.rpt	FromDate;ToDate;BranchName	CRQE|GetLoansWithGuarantorReport|	
layouts-copy:Reports/RetailBanking/loan/GetLoansWithoutGuarantorReport.rpt	ok	GetLoansWithoutGuarantorReport	5	CriteriaSubReport.rpt;Footer.rpt;Header.rpt;PageHeader.rpt;ReportFooter.rpt	FromDate;ToDate;BranchName	CRQE|GetLoansWithoutGuarantorReport|	
xnet:Reports/RetailBanking/SeedReports/GovTaxPayment.rpt	ok	GovTaxPayment	15	Footer.rpt;Header.rpt;PageHeader.rpt		CRQE|GovTaxPayment|	
layouts-copy:Reports/RetailBanking/Investment/GovtSecurityInvestment.rpt	ok	GovtSecurityInvestment	23	Footer.rpt;HeaderA4LandScape.rpt;PageHeader.rpt	AsOnDate;frmCaption1;AccName;AccNo	CRQE|GovtSecurityInvestment|	
xnet:Reports/RetailBanking/GSTReport.rpt	ok	GSTReport	10	Footer.rpt;Header.rpt;PageHeader.rpt;ReportFooterDMP.rpt	FromDate;ToDate;Tax	CRQE|GSTReport|	
layouts-copy:Reports/CBLReports/GuaranteeTrans.rpt	ok	GuaranteeTrans	15	Footer.rpt;Header.rpt;PageHeader.rpt	AsOnDate;AmtIn;SrNo	CRQE|GuaranteeTrans|	
layouts-copy:Reports/RetailBanking/GuarantorReport.rpt	ok	GuarantorReport	5	Header.rpt;PageHeader.rpt;ReportFooter.rpt;ReportFooter.rpt - 01	gurantorname	CRQE|GuarantorReport|	
layouts-copy:Reports/RetailBanking/loan/GuarantorsAndCollateralReport.rpt	ok	GuarantorsAndCollateralReport	7	CollateralSubReport.rpt;CriteriaSubReport.rpt;Footer.rpt;GuarantorsSubReport.rpt;Header.rpt;PageHeader.rpt;ReportFooter.rpt	FromDate;ToDate;AsonDate;BranchName	CRQE|CollateralSubReport|;CRQE|GuarantorsAndCollateralReport|;CRQE|GuarantorsSubReport|	
layouts-copy:Reports/RetailBanking/loan/GuarantorsAndCollateralReportDMP.rpt	ok	GuarantorsAndCollateralReport	7	CollateralSubReportDMP.rpt;CriteriaSubReportDMP.rpt;Footer.rpt;GuarantorsSubReportDMP.rpt;Header.rpt;PageHeader.rpt;ReportFooter.rpt	FromDate;ToDate	CRQE|CollateralSubReport|;CRQE|GuarantorsAndCollateralReport|;CRQE|GuarantorsSubReport|	
xnet:Reports/HelpDesk/HDFundTransferTransaction.rpt	ok	HDFundTransferTransaction	9	Footer.rpt;HeaderDMP.rpt;PageHeaderDMP.rpt;ReportFooterDMP.rpt	AssetValue;Name;Currency;FromDate;ToDate	CRQE|HDFundTransferTransaction|	
layouts-copy:Reports/HelpDesk/HDPendingRequestAccountStatement.rpt	ok	HDPendingRequest	24	Footer.rpt;HeaderDMP.rpt;PageHeaderDMP.rpt;ReportFooterDMP.rpt	AssetValue;Name;Currency;AsOnDate;RequestType	CRQE|HDPendingRequest|	
layouts-copy:Reports/HelpDesk/HDPendingRequestChequeBookIssue.rpt	ok	HDPendingRequest	24	Footer.rpt;HeaderDMP.rpt;PageHeaderDMP.rpt;ReportFooterDMP.rpt	AssetValue;Name;Currency;AsOnDate;RequestType	CRQE|HDPendingRequest|	
layouts-copy:Reports/HelpDesk/HDPendingRequestFundTransfer.rpt	ok	HDPendingRequest	28	Footer.rpt;HeaderDMP.rpt;PageHeaderDMP.rpt;ReportFooterDMP.rpt	AssetValue;Name;Currency;AsOnDate;RequestType	CRQE|HDPendingRequest|	
layouts-copy:Reports/HelpDesk/HDPendingRequestLCAmendment.rpt	ok	HDPendingRequest	24	Footer.rpt;HeaderDMP.rpt;PageHeaderDMP.rpt;ReportFooterDMP.rpt	AssetValue;Name;Currency;AsOnDate;RequestType	CRQE|HDPendingRequest|	
layouts-copy:Reports/HelpDesk/HDPendingRequestLoanApplication.rpt	ok	HDPendingRequest	24	Footer.rpt;HeaderDMP.rpt;PageHeaderDMP.rpt;ReportFooterDMP.rpt	AssetValue;Name;Currency;AsOnDate;RequestType	CRQE|HDPendingRequest|	
layouts-copy:Reports/HelpDesk/HDPendingRequestStopPayment.rpt	ok	HDPendingRequest	43	Footer.rpt;HeaderDMP.rpt;PageHeaderDMP.rpt;ReportFooterDMP.rpt	AssetValue;Name;Currency;AsOnDate;RequestType	CRQE|HDPendingRequest|	
layouts-copy:Reports/HelpDesk/HDPendingRequestWireTransfer.rpt	ok	HDPendingRequest	39	Footer.rpt;HeaderDMP.rpt;PageHeaderDMP.rpt;ReportFooterDMP.rpt	AssetValue;Name;Currency;AsOnDate;RequestType	CRQE|HDPendingRequest|	
layouts-copy:Reports/HelpDesk/HDUserList.rpt	ok	HDUserList	8	Footer.rpt;HeaderDMP.rpt;PageHeaderDMP.rpt;ReportFooterDMP.rpt	AssetValue;Name;Currency;FromDate;ToDate	CRQE|HDUserList|	
layouts-copy:Reports/Inventory/HeadWiseDepriciation.rpt	ok	element1	4	Footer.rpt;Header.rpt;PageHeader.rpt		CRQE|HeadWiseDepriciation|	
layouts-copy:Reports/RetailBanking/InactiveDormantReport.rpt	ok	InactiveDormantReport	8	Footer.rpt;Header.rpt;PageHeader.rpt;ReportFooter.rpt	BranchName;FromDate;ToDate	CRQE|PendingChequeBookRequest|	
xnet:Reports/RetailBanking/SeedReports/InterestPaidOnFixedDeposit.rpt	ok	InterestPaidOnFixedDate	10	Footer.rpt;Header.rpt;PageHeader.rpt;ReportFooter.rpt	prmAsOnDate;prmChartOfAccount;@param	CRQE|InterestPaidOnFixedDate|	
layouts-copy:Reports/RetailBanking/New RetailBanking Report/InterestPaidOnFixedDepositDMP.rpt	ok	InterestPaidOnFixedDate	10	FooterDMP.rpt;HeaderDMP.rpt;PageHeaderDMP.rpt;ReportFooterDMP.rpt	prmAsOnDate;prmChartOfAccount	CRQE|InterestPaidOnFixedDate|	
layouts-copy:Reports/RetailBanking/SeedReports/InterestSuspenseReport.rpt	ok	InterestSuspense	5	Footer.rpt;Header.rpt;PageHeader.rpt;ReportFooter.rpt	Date	CRQE|InterestSuspense|	
layouts-copy:Reports/RetailBanking/SeedReports/InterestSuspenseReportDMP.rpt	ok	InterestSuspense	5	FooterDMP.rpt;HeaderDMP.rpt;PageHeaderDMP.rpt;ReportFooterDMP.rpt	Date	CRQE|InterestSuspense|	
layouts-copy:Reports/Inventory/invdepriciation_v1.rpt	ok	invdepriciation	10	Footer.rpt;Header.rpt;PageHeader.rpt;ReportFooter.rpt	categoryCaption;date	CRQE|getinvdepriciation|	
layouts-copy:Reports/Inventory/invdepriciation_v1DMP.rpt	ok	invdepriciation	10	Footer.rpt;Header.rpt;PageHeader.rpt;ReportFooter.rpt	categoryCaption;date	CRQE|getinvdepriciation|	
layouts-copy:Reports/RetailBanking/InventoriesAndGrossMarginSubReport.rpt	ok	InventoriesAndGrossMarginSubReport	9			CRQE|InventoriesAndGrossMarginSubReport|	
xnet:Reports/RetailBanking/InventoryAndBalanceSheetReport.rpt	ok	InventoryAndBalanceSheetReport	13	BalanceSheetSubReport.rpt;CreditHistorySubReport.rpt;Footer.rpt;Header.rpt;InventoriesAndGrossMarginSubReport.rpt;MonthlyCashFlowSubReport.rpt;MonthlyCashFlowSubReport1.rpt;PageHeader.rpt;RecAmountAndRatiosSubReport.rpt;RecAmountAndRatiosSubReport1.rpt;ReportFooter.rpt		CRQE|BalanceSheetSubReport|;CRQE|CreditHistorySubReport|;CRQE|InventoriesAndGrossMarginSubReport|;CRQE|InventoryAndBalanceSheetReport|;CRQE|MonthlyCashFlowSubReport1|;CRQE|RecAmountAndRatiosSubReport1|	
layouts-copy:Reports/RetailBanking/Investment/InvestmentDDDReport.rpt	ok	GovtSecurityInvestment	23	Footer.rpt;HeaderA4Portrait.rpt;PageHeader.rpt	AsOnDate;frmCaption1;AccName;AccNo	CRQE|GovtSecurityInvestment|	
layouts-copy:Reports/RetailBanking/Investment/InvestmentOtherReport.rpt	ok	GovtSecurityInvestment	23	Footer.rpt;HeaderA4LandScape.rpt;PageHeader.rpt	AsOnDate;frmCaption1;AccName;AccNo;Caption	CRQE|GovtSecurityInvestment|	
layouts-copy:Reports/RetailBanking/New RetailBanking Report/InwardClearingPattiWithBankBranch.rpt	ok	FirstSecondClearingBranch	5	Footer.rpt;Header.rpt;PageHeader.rpt;ReportFooter.rpt	Date;prmBankName;prmBranchName	CRQE|_19_FirstSecondClearingBranch|	
layouts-copy:Reports/RetailBanking/New RetailBanking Report/InwardClearingPattiWithBankBranchDMP.rpt	ok	FirstSecondClearingBranch	5	FooterDMP.rpt;HeaderDMP.rpt;PageHeaderDMP.rpt;ReportFooterDMP.rpt	Date;prmBankName;prmBranchName	CRQE|_19_FirstSecondClearingBranch|	
xnet:Reports/RetailBanking/Clearing/InwardClearingReport.rpt	ok	InwardClearing	12	footer.rpt;header.rpt;pageheader.rpt;reportfooter.rpt	FromDate;ToDate;BranchName;TransactionType	CRQE|InwardClearing|	
layouts-copy:Reports/RetailBanking/SeedReports/InWardClearingReportDMP.rpt	ok	InWardClearingReport	12	FooterDMP.rpt;HeaderDMP.rpt;PageHeaderDMP.rpt;ReportFooterDMP.rpt	AccountHead;AccountStatus;FromDt;ToDt	CRQE|InWardClearingReport|	
layouts-copy:Reports/RetailBanking/Clearing/InwardReturnMemoReport.rpt	ok	InwardReturnMemo	10	Footer.rpt;Header.rpt;PageHeader.rpt		CRQE|InwardReturnMemo|	
layouts-copy:Reports/RetailBanking/Clearing/InwardReturnMemoReportDMP.rpt	ok	InwardReturnMemo	10	Footer.rpt;Header.rpt;PageHeader.rpt		CRQE|InwardReturnMemo|	
layouts-copy:Reports/RetailBanking/Clearing/InwardReturnRegisterReport.rpt	ok	InwardReturnMemo	10	Footer.rpt;Header.rpt;PageHeader.rpt;ReportFooter.rpt	FromToDate	CRQE|InwardReturnMemo|	
layouts-copy:Reports/RetailBanking/InwardReturnRegisterReportDMP.rpt	ok	InwardReturnMemo	10	FooterDMP.rpt;HeaderDMP.rpt;PageHeaderDMP.rpt;ReportFooterDMP.rpt	FromToDate	CRQE|InwardReturnMemo|	
layouts-copy:Reports/Inventory/ItemWiseDepriciation.rpt	ok	element1	5	Footer.rpt;Header.rpt;PageHeader.rpt		CRQE|ItemWiseDepriciation|	
layouts-copy:Reports/Inventory/ItemWiseDepriciationDMP.rpt	ok	element1	5	FooterDMP.rpt;HeaderDMP.rpt;PageHeaderDMP.rpt;ReportFooter.rpt		CRQE|ItemWiseDepriciation|	
layouts-copy:Reports/RetailBanking/LC/LCAccountDayBook.rpt	ok	LCAccountDayBook	14	Footer.rpt;Header.rpt;PageHeader.rpt;ReportFooter.rpt	debitAmtTotal;creditAmtTotal;debitRowcount;creditRowcount;TransactionForTheDate	CRQE|LCAccountDayBook|	
layouts-copy:Reports/RetailBanking/LC/LCAccountRegisterReport.rpt	ok	LCAccountRegisterReport	17	Footer.rpt;Header.rpt;PageHeader.rpt;ReportFooter.rpt	FromDate;ToDate;AsOnDate	CRQE|LCAccountRegisterReport|	
layouts-copy:Reports/RetailBanking/LC/LCRealisationReport.rpt	ok	OBCRealisation	8	Footer.rpt;Header.rpt;PageHeader.rpt;ReportFooter.rpt	FromDateOBC;ToDateOBC	CRQE|OBCRealisationBill|	
layouts-copy:Reports/RetailBanking/LC/LCRealisationReportDMP.rpt	ok	OBCRealisation	8	FooterDMP.rpt;HeaderDMP.rpt;PageHeaderDMP.rpt;ReportFooterDMP.rpt	FromDateOBC;ToDateOBC	CRQE|OBCRealisationBill|	
xnet:Reports/RetailBanking/LC/LCRealisedReport.rpt	ok	OBCIBCRealised	17	Footer.rpt;Header.rpt;PageHeader.rpt;ReportFooter.rpt	Date	CRQE|OBCIBCRealised|	
layouts-copy:Reports/RetailBanking/LC/LCRealisedReportDMP.rpt	ok	OBCIBCRealised	17	Footer.rpt;Header.rpt;PageHeader.rpt;ReportFooterDMP.rpt	Date	CRQE|OBCIBCRealised|	
layouts-copy:Reports/RetailBanking/LC/LCReturnReport.rpt	ok	OBCReturn	10	Footer.rpt;Header.rpt;PageHeader.rpt;ReportFooter.rpt	FromDateOBC;ToDateOBC	CRQE|OBCReturnBill|	
layouts-copy:Reports/RetailBanking/LC/LCReturnReportDMP.rpt	ok	OBCReturn	10	FooterDMP.rpt;HeaderDMP.rpt;PageHeaderDMP.rpt;ReportFooterDMP.rpt	FromDateOBC;ToDateOBC	CRQE|OBCReturnBill|	
layouts-copy:Reports/RetailBanking/LC/LCScheduleofRemittanceReport.rpt	ok	ScheduleRemittance	5	Footer.rpt;Header.rpt;PageHeader.rpt	To;BranchSch;DateSR;Instruction1;Instruction6;SInstruction1;AcknowledgeBankName;AcknowledgeText;Salutation	CRQE|ScheduleRemittance|	
layouts-copy:Reports/RetailBanking/LC/LCScheduleofRemittanceReportDMP.rpt	ok	ScheduleRemittance	5	Footer.rpt;Header.rpt;PageHeader.rpt	To;BranchSch;DateSR;Instruction1;SInstruction1;AcknowledgeBankName;AcknowledgeText;Salutation	CRQE|ScheduleRemittance|	
layouts-copy:Reports/RetailBanking/LC/LCUnRealisedReport.rpt	ok	obcunrealised	13	Footer.rpt;Header.rpt;PageHeader.rpt;ReportFooter.rpt	date	CRQE|OBCUnRealised|	
layouts-copy:Reports/RetailBanking/LC/LCUnRealisedReportDMP.rpt	ok	obcunrealised	13	Footer.rpt;Header.rpt;PageHeader.rpt;ReportFooterDMP.rpt	date	CRQE|OBCUnRealised|	
xnet:Reports/Reconciliation/LedgerGroupByReport.rpt	ok	OurLedgerReport	11	Footer.rpt;Header.rpt;LedgerReportNew.rpt;PageHeader.rpt;ReportFooter.rpt	Bank Name;Account Number;FromDate;Todate;Currency	CRQE|LedgerReportNew|;CRQE|OurLedgerReport|	
xnet:Reports/Reconciliation/LedgerGroupByReportDMP.rpt	ok	OurLedgerReport	11	FooterDMP.rpt;HeaderDMP132.rpt;LedgerReportNew.rpt;PageHeaderDMP132.rpt;ReportFooterDMP132.rpt	Bank Name;Account Number;FromDate;Todate;Currency	CRQE|LedgerReportNew|;CRQE|OurLedgerReport|	
xnet:Reports/RetailBanking/SeedReports/LedgerMovement.rpt	ok	LedgerMovement	6	Footer.rpt;Header.rpt;PageHeader.rpt;ReportFooter.rpt	BranchName;currency;COA;fromdate;todate	CRQE|LedgerMovement|	
xnet:Reports/Reconciliation/LedgerReport.rpt	ok	OurLedgerReport	9	Footer.rpt;Header.rpt;LedgerReportNew.rpt;PageHeader.rpt;ReportFooter.rpt	Bank Name;Account Number;FromDate;Todate;Currency	CRQE|LedgerReportNew|;CRQE|OurLedgerReport|	
xnet:Reports/Reconciliation/LedgerReportDMP.rpt	ok	OurLedgerReport	9	FooterDMP.rpt;HeaderDMP132.rpt;LedgerReportNew.rpt;PageHeaderDMP132.rpt;ReportFooterDMP132.rpt	Bank Name;Account Number;FromDate;Todate;LedgerName;Currency	CRQE|LedgerReportNew|;CRQE|OurLedgerReport|	
layouts-copy:Reports/Reconciliation/LedgerReportNew.rpt	ok	LedgerReportNew	2		Bank Name;Account Number;FromDate;Todate;ReportName;Currency;CountOurDebitEntrires;CountOurCreditEntrires;SumCreditAmountOurLedger;SumDebitAmountOurLedger	CRQE|LedgerReportNew|	
layouts-copy:Reports/RetailBanking/loan/ListingofRepayments.rpt	ok	ListingofRepayments	9	CriteriaSubReport.rpt;Footer.rpt;Header.rpt;PageHeader.rpt;ReportFooter.rpt	pmFromDate;pmToDate;BranchName	CRQE|ListingofRepayments|	
layouts-copy:Reports/RetailBanking/loan/ListingofRepaymentsDMP.rpt	ok	ListingofRepayments	8	CriteriaSubReportDMP.rpt;FooterDMP.rpt;HeaderDMP.rpt;PageHeaderDMP.rpt;ReportFooterDMP.rpt	pmFromDate;pmToDate	CRQE|ListingofRepayments|	
layouts-copy:Reports/RetailBanking/LoanBalancingReport.rpt	ok	LoanBalancing	9	Footer.rpt;Header.rpt;PageHeader.rpt	TotalBalance;CountCredit	CRQE|LoanBalancing|	
layouts-copy:Reports/RetailBanking/SeedReports/LoanBalancingReport_v1.rpt	ok	LoanBalancing	9	Footer.rpt;Header.rpt;PageHeader.rpt;ReportFooter.rpt	TotalBalance;CountCredit;AsOnDate;BranchName	CRQE|LoanBalancing|	
layouts-copy:Reports/RetailBanking/LoanBalancingReportDMP.rpt	ok	LoanBalancing	9	FooterDMP.rpt;HeaderDMP.rpt;PageHeaderDMP.rpt;ReportFooterDMP.rpt	TotalBalance;CountCredit	CRQE|LoanBalancing|	
layouts-copy:Reports/RetailBanking/SeedReports/LoanBalancingReportDMP_v1.rpt	ok	LoanBalancing	9	FooterDMP.rpt;HeaderDMP.rpt;PageHeaderDMP.rpt;ReportFooterDMP.rpt	TotalBalance;CountCredit	CRQE|LoanBalancing|	
layouts-copy:Reports/RetailBanking/loan/LoanCyclesReport.rpt	ok	LoanCyclesReport	10	Footer.rpt;Header.rpt;PageHeader.rpt;ReportFooter.rpt	AsOnDate;@param	CRQE|LoanCyclesReport|	
layouts-copy:Reports/RetailBanking/loan/LoanCyclesReportDMP.rpt	ok	LoanCyclesReport	9	CriteriaSubReportDMP.rpt;Footer.rpt;Header.rpt;PageHeader.rpt;ReportFooter.rpt	FromDate;ToDate	CRQE|LoanCyclesReport|	
xnet:Reports/RetailBanking/loan/LoanHistoryReport.rpt	ok	ListingofRepayments	9	Footer.rpt;Header.rpt;PageHeader.rpt;ReportFooter.rpt	pmFromDate;pmToDate;@param	CRQE|LoanHistoryReport|	
layouts-copy:Reports/RetailBanking/loan/LoanHistoryReportDMP.rpt	ok	ListingofRepayments	8	CriteriaSubReportDMP.rpt;FooterDMP.rpt;HeaderDMP.rpt;PageHeaderDMP.rpt;ReportFooterDMP.rpt	pmFromDate;pmToDate	CRQE|LoanHistoryReport|	
layouts-copy:Reports/RetailBanking/LoanInterest.rpt	ok	Loan_Interest	7	Footer.rpt;Header.rpt;PageHeader.rpt	todaydate;BalanceCertBankName;FromDate;ToDate	CRQE|LoanInterest|	
layouts-copy:Reports/RetailBanking/loan/LoanLedgerCard.rpt	ok	LoanLedgerCard	14	Footer.rpt;Header.rpt;LoanLedgerCardSubReport.rpt;PageHeader.rpt;ReportFooter.rpt	BranchName	CRQE|LoanLedgerCard|;CRQE|LoanLedgerCardSubReport|	
layouts-copy:Reports/RetailBanking/loan/LoanLedgerCardSubReport.rpt	ok	LoanLedgerCardSubReport	38			CRQE|LoanLedgerCardSubReport|	
xnet:Reports/RetailBanking/SeedReports/LoanRepaymentReport.rpt	ok	LoanReport	14	Footer.rpt;Header.rpt;PageHeader.rpt;ReportFooter.rpt		CRQE|LoanReport|	
layouts-copy:Reports/RetailBanking/LoanRepaymentReportDMP.rpt	ok	LoanReport	11	FooterDMP.rpt;HeaderDMP.rpt;PageHeaderDMP.rpt;ReportFooterDMP.rpt		CRQE|LoanReport|	
xnet:Reports/RetailBanking/loan/LoanRepaymentSchedule.rpt	ok	LoanRepaymentSchedule	18	CollateralRpt.rpt;CriteriaSubReport.rpt;Footer.rpt;GurantorRpt.rpt;Header.rpt;PageHeader.rpt;ReportFooter.rpt		CRQE|Collateral|;CRQE|Gurantor|;CRQE|LoanRepaymentSchedule|	
layouts-copy:Reports/RetailBanking/loan/LoanRepaymentScheduleDMP.rpt	ok	LoanRepaymentSchedule	18	CollateralRpt.rpt;CriteriaSubReportDMP.rpt;Footer.rpt;GurantorRpt.rpt;Header.rpt;PageHeader.rpt;ReportFooter.rpt		CRQE|Collateral|;CRQE|Gurantor|;CRQE|LoanRepaymentSchedule|	
layouts-copy:Reports/RetailBanking/SeedReports/LoanSchemeSlabDetailsReport.rpt	ok	LoanSchemeSlab	10	Footer.rpt;Header.rpt;PageHeader.rpt;ReportFooter.rpt		CRQE|LoanSchemeSlabDetails|	
layouts-copy:Reports/RetailBanking/loan/LoanSizesAnalysisReport.rpt	ok	LoanSizesAnalysisReport	10	CriteriaSubReport.rpt;Footer.rpt;Header.rpt;PageHeader.rpt;ReportFooter.rpt	FromDate;ToDate	CRQE|LoanSizesAnalysisReport|	
layouts-copy:Reports/RetailBanking/loan/LoanSizesAnalysisReportDMP.rpt	ok	LoanSizesAnalysisReport	10	CriteriaSubReportDMP.rpt;Footer.rpt;Header.rpt;PageHeader.rpt;ReportFooter.rpt	FromDate;ToDate	CRQE|LoanSizesAnalysisReport|	
layouts-copy:Reports/RetailBanking/Account/LoanSuitReport.rpt	ok	LoanSuitReport	8	Footer.rpt;Header.rpt;PageHeader.rpt		CRQE|TDSReport|	
xnet:Reports/RetailBanking/loan/LoanWrittenOff.rpt	ok	LoanWrittenOffReport	7	Footer.rpt;Header.rpt;PageHeader.rpt;ReportFooter.rpt	FromDt;ToDt;@param	CRQE|LoanWrittenOffReport|	
layouts-copy:Reports/RetailBanking/LogViewReport.rpt	ok	LogViewReport	5	Footer.rpt;Header.rpt;PageHeader.rpt;ReportFooter.rpt	Source;EnteredBy	CRQE|LogViewReport|	
xnet:Reports/RetailBanking/SeedReports/LraCstmPayReceipt.rpt	ok	LraCstmPayReceipt	13	Footer.rpt;Header.rpt;PageHeader.rpt		CRQE|LraCstmPayReceipt|	
xnet:Reports/RetailBanking/SeedReports/LraTaxPaymentReceipt.rpt	ok	LraTaxPaymentReceipt	14	Footer.rpt;Header.rpt;PageHeader.rpt		CRQE|LraTaxPaymentReceipt|	
layouts-copy:Reports/RetailBanking/ManagerChequeReport.rpt	ok	ManagerChequeReport	12	Footer.rpt;Header.rpt;PageHeader.rpt	Sr. No.	CRQE|ManagerChequeReport|	
layouts-copy:Reports/RetailBanking/MasterReport.rpt	ok	Master	5	Footer.rpt;Header.rpt;PageHeader.rpt	Col1;Col2;Col3;Col4;Col5	CRQE|DataSet1|	
layouts-copy:Reports/RetailBanking/MasterReportDMP.rpt	ok	Master	5	FooterDMP.rpt;HeaderDMP.rpt;PageHeaderDMP.rpt	Col1;Col2;Col3;Col4;Col5	CRQE|DataSet1|	
layouts-copy:Reports/RetailBanking/MaturedFd.rpt	ok	MaturedFd	7	footer.rpt;header.rpt;pageheader.rpt;reportfooter.rpt	Date	CRQE|MaturedFd|	
layouts-copy:Reports/RetailBanking/MaturedFdDMP.rpt	ok	MaturedFd	7	Footer.rpt;Header.rpt;PageHeader.rpt;ReportFooter.rpt	Date	CRQE|MaturedFd|	
xnet:Reports/RetailBanking/SeedReports/MaturedLoanAccount.rpt	ok	MaturedLoanAccount	11	Footer.rpt;Header.rpt;PageHeader.rpt;ReportFooter.rpt	FromDate;ToDate	CRQE|MaturedLoanAccount|	
layouts-copy:Reports/RetailBanking/SeedReports/MaturedLoanAccountDMP.rpt	ok	MaturedLoanAccount	11	FooterDMP.rpt;HeaderDMP.rpt;PageHeaderDMP.rpt;ReportFooterDMP.rpt	FromDate;ToDate	CRQE|MaturedLoanAccount|	
layouts-copy:Reports/CBLReports/MBR1000_I.rpt	ok	MBR1000_I	8	Footer.rpt;Header.rpt;PageHeader.rpt		CRQE|MBR1000_I|	
layouts-copy:Reports/CBLReports/MBR1000_II.rpt	ok	MBR1000_II	8	Footer.rpt;Header.rpt;PageHeader.rpt		CRQE|MBR1000_II|	
layouts-copy:Reports/CBLReports/MBR130_I.rpt	ok	MBR130	4	Footer.rpt;Header.rpt;PageHeader.rpt		CRQE|MBR130|	
layouts-copy:Reports/CBLReports/MBR130_II.rpt	ok	MBR130	4	Footer.rpt;Header.rpt;PageHeader.rpt		CRQE|MBR130|	
layouts-copy:Reports/CBLReports/MBR400_I.rpt	ok	MBR400_I	12	Footer.rpt;Header.rpt;PageHeader.rpt		CRQE|MBR400_I|	
layouts-copy:Reports/CBLReports/MBR400_II.rpt	ok	MBR400_I	12	Footer.rpt;Header.rpt;PageHeader.rpt		CRQE|MBR400_I|	
layouts-copy:Reports/RetailBanking/SeedReports/MonthEndReport.rpt	ok	MonthEndReport	7	footer.rpt;header.rpt;pageheader.rpt;reportfooter.rpt	@AsOnDate;@Description;@CurrencyCode;@Hide;@BranchName	CRQE|MonthEndReport|	
layouts-copy:Reports/RetailBanking/MonthlyCashFlowSubReport.rpt	ok	BalanceSheetSubReport	7			CRQE|BalanceSheetSubReport|	
layouts-copy:Reports/RetailBanking/MonthlyCashFlowSubReport1.rpt	ok	MonthlyCashFlowSubReport1	32			CRQE|MonthlyCashFlowSubReport1|	
layouts-copy:Reports/RetailBanking/SeedReports/MonthlyProvisionReport.rpt	ok	MonthlyProvision	10	Footer.rpt;Header.rpt;PageHeader.rpt;ReportFooter.rpt	Date	CRQE|MonthlyProvision|	
layouts-copy:Reports/RetailBanking/SeedReports/MonthlyProvisionReportDMP.rpt	ok	MonthlyProvision	10	FooterDMP.rpt;HeaderDMP.rpt;PageHeaderDMP.rpt;ReportFooterDMP.rpt	Date	CRQE|MonthlyProvision|	
layouts-copy:Reports/RetailBanking/MstClsAdv.rpt	ok	MstClsAdv	32	Footer.rpt;Header.rpt;PageHeader.rpt	prmBranch;prmAsOnDate	CRQE|MstClsAdv|	
layouts-copy:Reports/CBLReports/NettingOff.rpt	ok	NettingOff	11	Footer.rpt;Header.rpt;PageHeader.rpt	AsOnDate;AmtIn;SrNo	CRQE|NettingOff|	
xnet:Reports/RetailBanking/NewAccOpenReport.rpt	ok		0	Footer.rpt;Header.rpt;NewAccOpenReportDeclaration.rpt;NewAccOpenReportDetail.rpt;NewAccOpenReportFooter.rpt;NewAccOpenReportHeader.rpt;NewAccOpenReportSubject.rpt;NewAccOpenReportSummary.rpt;PageHeader.rpt;ReportFooter.rpt		CRQE|NewAccOpenReportDeclaration|;CRQE|NewAccOpenReportDetail|;CRQE|NewAccOpenReportFooter|;CRQE|NewAccOpenReportHeader|;CRQE|NewAccOpenReportSubject|;CRQE|NewAccOpenReportSummary|	
layouts-copy:Reports/RetailBanking/NewAccOpenReportDeclaration.rpt	ok	NewAccOpenReportDeclaration	1			CRQE|NewAccOpenReportDeclaration|	
layouts-copy:Reports/RetailBanking/NewAccOpenReportDetail.rpt	ok	NewAccOpenReportDetail	1			CRQE|NewAccOpenReportDetail|	
layouts-copy:Reports/RetailBanking/NewAccOpenReportFooter.rpt	ok	NewAccOpenReportFooter	1			CRQE|NewAccOpenReportFooter|	
layouts-copy:Reports/RetailBanking/NewAccOpenReportHeader.rpt	ok	NewAccOpenReportHeader	2			CRQE|NewAccOpenReportHeader|	
layouts-copy:Reports/RetailBanking/NewAccOpenReportSubject.rpt	ok	NewAccOpenReportSubject	1			CRQE|NewAccOpenReportSubject|	
layouts-copy:Reports/RetailBanking/NewAccOpenReportSummary.rpt	ok	NewAccOpenReportSummary	8			CRQE|NewAccOpenReportSummary|	
xnet:HO/NGODisbCom.rpt	ok	NGODisbCom	16	Footer.rpt;Header.rpt;PageHeader.rpt;ReportFooter.rpt	Date;NgoName	CRQE|NGODisbCom|	
layouts-copy:Reports/RetailBanking/NilBalanceReport.rpt	ok	NilBalance	3	Footer.rpt;Header.rpt;PageHeader.rpt	NHead;AccountCode	CRQE|NilBalance|	
layouts-copy:Reports/RetailBanking/Balancing/NilBalanceReportDMP.rpt	ok	NilBalance	3	Footer.rpt;Header.rpt;PageHeader.rpt	NHead;AccountCode;NilBalanceDate	CRQE|NilBalance|	
layouts-copy:Reports/Inventory/NotewiseBudgetReport.rpt	ok	NotewiseBudget	3	Footer.rpt;Header.rpt;PageHeader.rpt	prmBdgtType;prmFinYear;prmMonth;prmBdgtCat	CRQE|NotewiseBudgetReport|	
layouts-copy:Reports/Inventory/NotewiseBudgetReportDMP.rpt	ok	NotewiseBudget	3	FooterDMP.rpt;HeaderDMP.rpt;PageHeaderDMP.rpt;ReportFooterDMP.rpt	prmBdgtType;prmFinYear;prmMonth;prmBdgtCat	CRQE|NotewiseBudgetReport|	
layouts-copy:Reports/Inventory/NotewiseTotalBudgetReport.rpt	ok	NotewiseTotalBudget	4	Footer.rpt;Header.rpt;PageHeader.rpt	prmFinYear;prmMonth;prmBdgtCat	CRQE|NotewiseTotalBudgetReport|	
layouts-copy:Reports/Inventory/NotewiseTotalBudgetReportDMP.rpt	ok	NotewiseTotalBudget	4	FooterDMP.rpt;HeaderDMP.rpt;PageHeaderDMP.rpt;ReportFooterDMP.rpt	prmFinYear;prmMonth;prmBdgtCat	CRQE|NotewiseTotalBudgetReport|	
layouts-copy:Reports/RetailBanking/OBCReturnBillReport.rpt	ok	OBCReturn	10	Footer.rpt;Header.rpt;PageHeader.rpt;ReportFooter.rpt	FromDateOBC;ToDateOBC	CRQE|OBCReturnBill|	
layouts-copy:Reports/RetailBanking/OBCReturnBillReportDMP.rpt	ok	OBCReturn	10	FooterDMP.rpt;HeaderDMP.rpt;PageHeaderDMP.rpt;ReportFooterDMP.rpt	FromDateOBC;ToDateOBC	CRQE|OBCReturnBill|	
layouts-copy:Reports/Inventory/ObjectDetail.rpt	ok	ObjectDetail	3	Footer.rpt;Header.rpt;PageHeader.rpt	ParamCompName;ParamHeading	CRQE|ObjectDetail|	
layouts-copy:Reports/Inventory/ObjectDetailDMP.rpt	ok	ObjectDetail	3	FooterDMP.rpt;HeaderDMP.rpt;PageHeaderDMP.rpt;ReportFooterDMP.rpt	ParamCompName;ParamHeading	CRQE|ObjectDetail|	
layouts-copy:Reports/Inventory/ObjectParameter.rpt	ok	Parameter	2	Footer.rpt;Header.rpt;PageHeader.rpt	ParamHeading;paramCompName	CRQE|Document|	
layouts-copy:Reports/Inventory/ObjectParameterDMP.rpt	ok	Parameter	2	FooterDMP.rpt;HeaderDMP.rpt;PageHeaderDMP.rpt;ReportFooterDMP.rpt	ParamHeading;paramCompName	CRQE|Document|	
layouts-copy:Reports/RetailBanking/ODCompStatement.rpt	ok	element1	12	Footer.rpt;Header.rpt;PageHeader.rpt;ReportFooter.rpt		CRQE|ODCompStatement|	
layouts-copy:Reports/RetailBanking/ODCompStatementDMP.rpt	ok	element1	12	footer.rpt;headerdmp.rpt;pageheaderdmp.rpt;reportfooterdmp.rpt		CRQE|ODCompStatement|	
xnet:Reports/RetailBanking/SeedReports/OMBTranReport.rpt	ok	OMBTranReport	14	Footer.rpt;Header.rpt;PageHeader.rpt	FromDate;ToDate;RequestType;AccountAlias;Status	CRQE|OMBTranReport|	
xnet:Reports/RetailBanking/loan/OnTimeRepaymentsperCycleReport.rpt	ok	OnTimeRepaymentsperCycleReport	9	Footer.rpt;Header.rpt;PageHeader.rpt;ReportFooter.rpt	@param;AsOnDate	CRQE|OnTimeRepaymentsperCycleReport|	
layouts-copy:Reports/RetailBanking/loan/OnTimeRepaymentsperCycleReportDMP.rpt	ok	OnTimeRepaymentsperCycleReport	9	CriteriaSubReportDMP.rpt;FooterDMP.rpt;HeaderDMP.rpt;PageHeaderDMP.rpt;ReportFooterDMP.rpt		CRQE|OnTimeRepaymentsperCycle_Report|	
layouts-copy:Reports/Inventory/OpeningStock.rpt	ok	Stock_Register	5	Footer.rpt;Header.rpt;PageHeader.rpt	ParamHeading;paramCompName	CRQE|OpeningStock|	
layouts-copy:Reports/Inventory/OpeningStockDMP.rpt	ok	Stock_Register	5	FooterDMP.rpt;HeaderDMP.rpt;PageHeaderDMP.rpt;ReportFooterDMP.rpt	ParamHeading;paramCompName	CRQE|OpeningStock|	
layouts-copy:Reports/RetailBanking/OtherRecAccountBalancingDMP.rpt	ok	element1	9	Footer.rpt;HeaderDMP.rpt;PageHeaderDMP.rpt;ReportFooterDMP.rpt	BDate;BHead;ChartofAccount;IsChartOfAccount	CRQE|OtherRecAccountBalancing|	
xnet:Reports/Reconciliation/OutPutTypeReport.rpt	ok	OutPutTypeReport	10	Footer.rpt;Header.rpt;PageHeader.rpt;ReportFooter.rpt	Bank Name;Account Number;FromDate;Todate;ReportName;OutPutType;Currency	CRQE|OurLedgerReport|	
xnet:Reports/Reconciliation/OutPutTypeReportDMP.rpt	ok	OutPutTypeReport	10	FooterDMP.rpt;HeaderDMP80.rpt;PageHeaderDMP80.rpt;ReportFooterDMP80.rpt	Bank Name;Account Number;FromDate;Todate;ReportName;OutPutType;Currency	CRQE|OurLedgerReport|	
xnet:Reports/Reconciliation/OutPutTypeSummaryReport.rpt	ok	OutPutTypeSummaryReport	5	Footer.rpt;Header.rpt;PageHeader.rpt	Bank Name;Account Number;FromDate;Todate;p_OurLedgerOpeningBalanceLabel;p_OutputLabel01;p_OutPutLabel02;p_OutPutLabel03;p_OutPutLabel04;p_OurLedgerClosingbalanceLabel;p_TheirLedgerClosingBalanceLabel;p_OurLedgerOpeningBalanceAmount;p_OutPutAmount01;p_OutPutAmount02;p_OutPutAmount03;p_OutPutAmount04;p_OurLedgerClosingBalanceAmount;p_TheirLedgerClosingbalanceAmount;TotalEntries;IsExlude0To3Months;Currency	CRQE|OurLedgerReport|	
xnet:Reports/Reconciliation/OutPutTypeSummaryReportDMP.rpt	ok	OutPutTypeSummaryReport	5	FooterDMP.rpt;HeaderDMP80.rpt;PageHeaderDMP80.rpt	Bank Name;Account Number;FromDate;Todate;ReportName;p_OurLedgerOpeningBalanceLabel;p_OutputLabel01;p_OutPutLabel02;p_OutPutLabel03;p_OutPutLabel04;p_OurLedgerClosingbalanceLabel;p_TheirLedgerClosingBalanceLabel;p_OurLedgerOpeningBalanceAmount;p_OutPutAmount01;p_OutPutAmount02;p_OutPutAmount03;p_OutPutAmount04;p_OurLedgerClosingBalanceAmount;p_TheirLedgerClosingbalanceAmount;TotalEntries;IsExlude0To3Months;Currency	CRQE|OurLedgerReport|	
xnet:Reports/Reconciliation/OutPutTypeSummaryReportV1.rpt	ok	OutPutTypeSummaryReport	6	Footer.rpt;Header.rpt;PageHeader.rpt	Bank Name;Account Number;FromDate;Todate;p_OurLedgerOpeningBalanceLabel;p_OutputLabel01;p_OutPutLabel02;p_OutPutLabel03;p_OutPutLabel04;p_OurLedgerClosingbalanceLabel;p_TheirLedgerClosingBalanceLabel;p_OurLedgerOpeningBalanceAmount;p_OutPutAmount01;p_OutPutAmount02;p_OutPutAmount03;p_OutPutAmount04;p_OurLedgerClosingBalanceAmount;p_TheirLedgerClosingbalanceAmount;TotalEntries;IsExlude0To3Months;Currency	CRQE|OutPutTypeSummaryReportV1.xsd|	
xnet:Reports/Reconciliation/OutPutTypeSummaryReportV1DMP.rpt	ok	OutPutTypeSummaryReport	6	FooterDMP.rpt;HeaderDMP.rpt;PageHeaderDMP.rpt	Bank Name;Account Number;FromDate;Todate;p_OurLedgerOpeningBalanceLabel;p_OutputLabel01;p_OutPutLabel02;p_OutPutLabel03;p_OutPutLabel04;p_OurLedgerClosingbalanceLabel;p_TheirLedgerClosingBalanceLabel;p_OurLedgerOpeningBalanceAmount;p_OutPutAmount01;p_OutPutAmount02;p_OutPutAmount03;p_OutPutAmount04;p_OurLedgerClosingBalanceAmount;p_TheirLedgerClosingbalanceAmount;TotalEntries;IsExlude0To3Months;Currency	CRQE|OutPutTypeSummaryReportV1.xsd|	
xnet:Reports/RetailBanking/loan/OutstandingBalance.rpt	ok	OutstandingBalance	11	Footer.rpt;Header.rpt;PageHeader.rpt;ReportFooter.rpt	AsOnDate;@param;Date	CRQE|OutstandingBalance|	
layouts-copy:Reports/RetailBanking/loan/OutstandingBalanceDMP.rpt	ok	OutstandingBalance	11	CriteriaSubReportDMP.rpt;Footer.rpt;Header.rpt;PageHeader.rpt;ReportFooter.rpt		CRQE|OutstandingBalance|	
layouts-copy:Reports/RetailBanking/Clearing/OutwardClearingReport.rpt	ok	OutwardClearing	4	Footer.rpt;Header.rpt;PageHeader.rpt;ReportFooter.rpt	OutwardClearingDate;ClearingType	CRQE|OutwardClearing|	
layouts-copy:Reports/RetailBanking/Clearing/OutwardClearingReportDMP.rpt	ok	OutwardClearing	4	Footer.rpt;Header.rpt;PageHeader.rpt;ReportFooterDMP.rpt	OutwardClearingDate;ClearingType	CRQE|OutwardClearing|	
xnet:Reports/RetailBanking/Clearing/OutwardClearingReportNew.rpt	ok	OutwardClearingNew	16	Footer.rpt;Header.rpt;PageHeader.rpt;ReportFooter.rpt	OutwardClearingDate;ClearingType;@param;todate	CRQE|OutwardClearingNew|	
xnet:Reports/RetailBanking/Clearing/OutwardReturnClearingReportNew.rpt	ok	OutwardReturnClearingNew_xsd	14	Footer.rpt;Header.rpt;PageHeader.rpt;ReportFooter.rpt	OutwardClearingDate;ClearingType;@paramBranch;ToDate	CRQE|OutwardReturnClearingNew.xsd|	
xnet:Reports/RetailBanking/Clearing/OutwardReturnMemoReport.rpt	ok	OutwardReturnMemo	8	Footer.rpt;Header.rpt;PageHeader.rpt	AccNo;_BankName	CRQE|OutwardReturnMemo|	
layouts-copy:Reports/RetailBanking/OverdrawnAccountReport.rpt	ok	OverdrawnAccountReport	5	Footer.rpt;Header.rpt;PageHeader.rpt;ReportFooter.rpt	Date	CRQE|OverdrawnAccountReport|	
layouts-copy:Reports/RetailBanking/OverdrawnAccountReportDMP.rpt	ok	OverdrawnAccountReport	5	Footer.rpt;Header.rpt;PageHeader.rpt;ReportFooter.rpt	Date	CRQE|OverdrawnAccountReport|	
xnet:Reports/RetailBanking/SeedReports/OverdrawnAccountReportNew.rpt	ok	OverdrawnAccountReport	18	Footer.rpt;Header.rpt;PageHeader.rpt;ReportFooter.rpt	Date;BranchName	CRQE|OverdrawnAccountReport|	
layouts-copy:Reports/RetailBanking/OverdrawnAccountReportNewDMP.rpt	ok	OverdrawnAccountReport	13	Footer.rpt;Header.rpt;PageHeader.rpt;ReportFooter.rpt	Date;@CurrTot	CRQE|OverdrawnAccountReport|	
layouts-copy:Reports/RetailBanking/SeedReports/OverdrawnCCLimitReport_V1.rpt	ok	UnDrawnCCLimit	8	Footer.rpt;Header.rpt;PageHeader.rpt;ReportFooter.rpt	prmAsOnDate;prmChartOfAccount;IsShowOverdrawn	CRQE|UndrawnCCLimit|	
layouts-copy:Reports/RetailBanking/SeedReports/OverdrawnCCLimitReportDMP_V1.rpt	ok	UnDrawnCCLimit	8	FooterDMP.rpt;HeaderDMP.rpt;PageHeaderDMP.rpt;ReportFooterDMP.rpt	prmAsOnDate;prmChartOfAccount;IsShowOverdrawn	CRQE|UndrawnCCLimit|	
layouts-copy:Reports/RetailBanking/SeedReports/OverdrawnPositionReport.rpt	ok	VaultMovment	13	Footer.rpt;Header.rpt;PageHeader.rpt;ReportFooter.rpt	FromDate;ToDate	CRQE|VaultMovment|	
layouts-copy:Reports/RetailBanking/SeedReports/OverdrawnPositionReportDMP.rpt	ok	VaultMovment	13	FooterDMP.rpt;HeaderDMP.rpt;PageHeaderDMP.rpt;ReportFooterDMP.rpt	FromDate;ToDate	CRQE|VaultMovment|	
xnet:Reports/RetailBanking/PaidUnPaidBankerChequeReport.rpt	ok	PaidUnPaidBankerCheque	6	Footer.rpt;Header.rpt;PageHeader.rpt;ReportFooter.rpt	FromDate;ToDate;Currency;TransactionType	CRQE|PaidUnPaidBankerCheque|;CRQE|PendingChequeBookRequest|	
layouts-copy:Reports/RetailBanking/PaidUnPaidBankerChequeReportDMP.rpt	ok	PaidUnPaidBankerCheque	6	Footer.rpt;HeaderDMP.rpt;PageHeaderDMP.rpt;ReportFooterDMP.rpt	FromDate;ToDate;Currency;TransactionType	CRQE|PaidUnPaidBankerCheque|	
layouts-copy:Reports/RetailBanking/PassingScroll.rpt	ok	passingscroll	4	Footer.rpt;Header.rpt;PageHeader.rpt;ReportFooter.rpt	WorkingDate;BranchName	CRQE|passingscroll|	
layouts-copy:Reports/RetailBanking/transaction/PassingScrollDetailReport.rpt	ok	PassingScrollDetail	9	Footer.rpt;Header.rpt;PageHeader.rpt;ReportFooter.rpt	Date	CRQE|PassingScrollDetail|	
layouts-copy:Reports/RetailBanking/transaction/PassingScrollDetailReportDMP.rpt	ok	PassingScrollDetail	9	FooterDMP.rpt;HeaderDMP.rpt;PageHeaderDMP.rpt;ReportFooterDMP.rpt	Date	CRQE|PassingScrollDetail|	
layouts-copy:Reports/RetailBanking/transaction/PassingScrollDetailReportHorizontal.rpt	ok	PassingScrollDetail	9	Footer.rpt;Header.rpt;PageHeader.rpt;ReportFooter.rpt	Date	CRQE|PassingScrollDetail|	
layouts-copy:Reports/RetailBanking/transaction/PassingScrollDetailReportHorizontalDMP.rpt	ok	PassingScrollDetail	9	Footer.rpt;Header.rpt;PageHeader.rpt;ReportFooterDMP.rpt	Date	CRQE|PassingScrollDetail|	
layouts-copy:Reports/RetailBanking/SeedReports/PassingScrollDetailReportHorizontalv1.rpt	ok	PassingScrollDetail	10	Footer.rpt;Header.rpt;PageHeader.rpt;ReportFooter.rpt	Date	CRQE|PassingScrollDetail|	
layouts-copy:Reports/RetailBanking/SeedReports/PassingScrollDetailReportHorizontalv1DMP.rpt	ok	PassingScrollDetail	10	Footer.rpt;Header.rpt;PageHeader.rpt;ReportFooterDMP.rpt	Date	CRQE|PassingScrollDetail|	
layouts-copy:Reports/RetailBanking/SeedReports/PassingScrollDetailReportv1.rpt	ok	PassingScrollDetail	10	Footer.rpt;Header.rpt;PageHeader.rpt;ReportFooter.rpt	Date	CRQE|PassingScrollDetail|	
layouts-copy:Reports/RetailBanking/SeedReports/PassingScrollDetailReportv1DMP.rpt	ok	PassingScrollDetail	10	FooterDMP.rpt;HeaderDMP.rpt;PageHeaderDMP.rpt;ReportFooterDMP.rpt	Date	CRQE|PassingScrollDetail|	
layouts-copy:Reports/RetailBanking/PassingScrollDMP.rpt	ok	passingscroll	4	FooterDMP.rpt;HeaderDMP.rpt;PageHeaderDMP.rpt;ReportFooterDMP.rpt	WorkingDate	CRQE|passingscroll|	
xnet:Reports/RetailBanking/loan/PaymentsMadeDuringPeriodReport.rpt	ok	PaymentsMadeDuringPeriodReport	13	CriteriaSubReport.rpt;Footer.rpt;Header.rpt;PageHeader.rpt;ReportFooter.rpt	pmFromDate;pmToDate;BranchName	CRQE|PaymentsMadeDuringPeriodReport|	
layouts-copy:Reports/RetailBanking/loan/PaymentsMadeDuringPeriodReportDMP.rpt	ok	PaymentsMadeDuringPeriodReport	11	CriteriaSubReportDMP.rpt;FooterDMP.rpt;HeaderDMP.rpt;PageHeaderDMP.rpt;ReportFooterDMP.rpt	pmFromDate;pmToDate	CRQE|PaymentsMadeDuringPeriodReport|	
xnet:Reports/RetailBanking/loan/PaymentsMadesinceDisbursement.rpt	ok	PaymentsMadesinceDisbursement	13	CriteriaSubReport.rpt;Footer.rpt;Header.rpt;PageHeader.rpt;ReportFooter.rpt	AsOnDate;BranchName	CRQE|PaymentsMadesinceDisbursement|	
layouts-copy:Reports/RetailBanking/loan/PaymentsMadesinceDisbursementDMP.rpt	ok	PaymentsMadesinceDisbursement	12	CriteriaSubReportDMP.rpt;FooterDMP.rpt;HeaderDMP.rpt;PageHeaderDMP.rpt;ReportFooterDMP.rpt	pmFromDate;pmToDate	CRQE|PaymentsMadesinceDisbursement|	
layouts-copy:Reports/RetailBanking/loan/PenaltiesChargedPenaltiesPaid.rpt	ok	PenaltiesChargedPenaltiesPaid	8	CriteriaSubReport.rpt;Footer.rpt;Header.rpt;PageHeader.rpt;ReportFooter.rpt	pmFromDate;pmToDate;BranchName	CRQE|PenaltiesChargedPenaltiesPaid|	
layouts-copy:Reports/RetailBanking/loan/PenaltiesChargedPenaltiesPaidDMP.rpt	ok	PenaltiesChargedPenaltiesPaid	8	CriteriaSubReportDMP.rpt;FooterDMP.rpt;HeaderDMP.rpt;PageHeaderDMP.rpt;ReportFooterDMP.rpt	pmFromDate;pmToDate	CRQE|PenaltiesChargedPenaltiesPaid|	
layouts-copy:Reports/RetailBanking/PendingChequebookRequest.rpt	ok	PendingChequeBookRequest	7	Footer.rpt;Header.rpt;PageHeader.rpt;ReportFooter.rpt	FromDate;BranchName	CRQE|PendingChequeBookRequest|	
layouts-copy:Reports/RetailBanking/New RetailBanking Report/PigmyAgentCommission.rpt	ok	PigmyAgentCommission	10	Footer.rpt;Header.rpt;PageHeader.rpt;ReportFooter.rpt		CRQE|PigmyAgentCommission|	
layouts-copy:Reports/RetailBanking/loan/PortfolioatRiskReport.rpt	ok	PortfolioatRiskReport	11	CriteriaSubReport.rpt;Footer.rpt;Header.rpt;PageHeader.rpt;ReportFooter.rpt	AsOnDate;BranchName	CRQE|PortfolioatRiskReport|	
layouts-copy:Reports/RetailBanking/loan/PortfolioatRiskReportDMP.rpt	ok	PortfolioatRiskReport	10	CriteriaSubReportDMP.rpt;FooterDMP.rpt;HeaderDMP.rpt;PageHeaderDMP.rpt;ReportFooterDMP.rpt		CRQE|PortfolioatRiskReport|	
layouts-copy:Reports/RetailBanking/loan/PrePaymentsMadeDuringPeriodReport.rpt	ok	PrePaymentsMadeDuringPeriodReport	9	CriteriaSubReport.rpt;Footer.rpt;Header.rpt;PageHeader.rpt;ReportFooter.rpt	FromDate;ToDate;BranchName	CRQE|PrePaymentsMadeDuringPeriodReport|	
layouts-copy:Reports/RetailBanking/loan/PrePaymentsMadeDuringPeriodReportDMP.rpt	ok	PrePaymentsMadeDuringPeriodReport	9	CriteriaSubReportDMP.rpt;FooterDMP.rpt;HeaderDMP.rpt;PageHeaderDMP.rpt;ReportFooterDMP.rpt	pmFromDate;pmToDate	CRQE|PrePaymentsMadeDuringPeriodReport|	
layouts-copy:Reports/RetailBanking/New RetailBanking Report/PrioritySectorWeakerSectionDetails.rpt	ok	PrioritySectorWeakerSection	13	Footer.rpt;Header.rpt;PageHeader.rpt;ReportFooter.rpt	prmAsOnDate;prmBankName;prmCurrencySymbol;prmTotalOutstandingAdvances;prmTotalNoOfUnitsPs;prmTotalLimitSanctionedPs;prmTotalAmountAdvancedPs;prmTotalOutstandingPs;prmTotalAmountOverduePs;prmTotalNoOfUnitsWs;prmTotalLimitSanctionedWs;prmTotalAmountAdvancedWs;prmTotalOutstandingWs;prmTotalAmountOverdueWs;prmPsPercentageToTotal;prmWsPercentageToTotal;prmOverduePsPercentageToTotal;prmOverdueWsPercentageToTotal;prmTotalNoOfUnitsNonPs;prmTotalOutstandingNonPs	CRQE|PriorityWeakerSectionDetails|	
layouts-copy:Reports/RetailBanking/New RetailBanking Report/PrioritySectorWeakerSectionDetailsDMP.rpt	ok	PrioritySectorWeakerSection	13	FooterDMP.rpt;HeaderDMP.rpt;PageHeaderDMP.rpt;ReportFooterDMP.rpt	prmAsOnDate;prmBankName;prmCurrencySymbol;prmTotalOutstandingAdvances;prmTotalNoOfUnitsPs;prmTotalLimitSanctionedPs;prmTotalAmountAdvancedPs;prmTotalOutstandingPs;prmTotalAmountOverduePs;prmTotalNoOfUnitsWs;prmTotalLimitSanctionedWs;prmTotalAmountAdvancedWs;prmTotalOutstandingWs;prmTotalAmountOverdueWs;prmPsPercentageToTotal;prmWsPercentageToTotal;prmOverduePsPercentageToTotal;prmOverdueWsPercentageToTotal;prmTotalNoOfUnitsNonPs;prmTotalOutstandingNonPs	CRQE|PriorityWeakerSectionDetails|	
layouts-copy:Reports/RetailBanking/New RetailBanking Report/PrioritySectorWeakerSectionSummary.rpt	ok	PrioritySectorWeakerSectionSummary	15	Footer.rpt;GetBranchYetToSubmit.rpt;Header.rpt;PageHeader.rpt;PrioritySectorWeakerSectionSummaryNetPosition.rpt;PrioritySectorWeakerSectionSummaryScSt.rpt;PrioritySectorWeakerSectionSummaryWomenOthers.rpt;ReportFooter.rpt	prmAsOnDate;prmTotalOutstandingAdvances;Branch1;BranchYetToSubmit	CRQE|GetBranchYetToSubmit|;CRQE|PriorityWeakerSectionDetails|	
layouts-copy:Reports/RetailBanking/New RetailBanking Report/PrioritySectorWeakerSectionSummaryDMP.rpt	ok	PrioritySectorWeakerSectionSummary	15	Footer.rpt;GetBranchYetToSubmit.rpt;HeaderDMP132.rpt;PageHeaderDMP132.rpt;PrioritySectorWeakerSectionSummaryNetPosition.rpt;PrioritySectorWeakerSectionSummaryScSt.rpt;PrioritySectorWeakerSectionSummaryWomenOthers.rpt;ReportFooter.rpt	prmAsOnDate;prmTotalOutstandingAdvances;Branch1;BranchYetToSubmit	CRQE|GetBranchYetToSubmit|;CRQE|PriorityWeakerSectionDetails|	
layouts-copy:Reports/RetailBanking/New RetailBanking Report/PriorityWeakerSectionSegmentWiseDMP.rpt	ok	PriorityWeakerSectionSegmentWise	5	FooterDMP.rpt;GetBranchYetToSubmit.rpt;HeaderDMP.rpt;PageHeaderDMP.rpt;ReportFooterDMP.rpt	prmAsOnDate;prmTotalOutstandingAdvances;prmDividingValue;BranchYetToSubmit;Branch1	CRQE|GetBranchYetToSubmit|;CRQE|PriorityWeakerSectionSegmentWise|	
layouts-copy:Reports/Reconciliation/ProcessTypeReport.rpt	ok	ProcessTypeReport	22	Footer.rpt;Header.rpt;PageHeader.rpt;ProcessTypeReport1.rpt;ReportFooter.rpt	Bank Name;Account Number;FromDate;Todate;ReportName;Currency	CRQE|OurLedgerReport|;CRQE|ProcessTypeReport1|	
layouts-copy:Reports/Reconciliation/ProcessTypeReport1.rpt	ok	ProcessTypeReport1	2		Bank Name;Account Number;FromDate;Todate;ReportName;Currency;CountOurDebitEntrires;CountOurCreditEntrires;SumCreditAmountOurLedger;SumDebitAmountOurLedger	CRQE|ProcessTypeReport1|	
layouts-copy:Reports/Reconciliation/ProcessTypeReportDMP.rpt	ok	ProcessTypeReport	22	FooterDMP.rpt;HeaderDMP132.rpt;PageHeaderDMP132.rpt;ProcessTypeReport1.rpt;ReportFooterDMP132.rpt	Bank Name;Account Number;FromDate;Todate;ReportName;Currency	CRQE|OurLedgerReport|;CRQE|ProcessTypeReport1|	
layouts-copy:Reports/RetailBanking/ProfitAndLossDailyJournalReport.rpt	ok	ProfitAndLoss	7	Footer.rpt;Header.rpt;PageHeader.rpt;ReportFooterDMP.rpt	PLDAte	CRQE|ProfitandLossDailyJournal|	
layouts-copy:Reports/RetailBanking/ProfitAndLossDailyJournalReportDMP.rpt	ok	ProfitAndLoss	7	Footer.rpt;Header.rpt;PageHeader.rpt;ReportFooterDMP.rpt	PLDAte	CRQE|ProfitandLossDailyJournal|	
layouts-copy:Reports/RetailBanking/SeedReports/ProfitAndLossDailyJournalReportDMPv1.rpt	ok	ProfitAndLoss	7	Footer.rpt;Header.rpt;PageHeader.rpt;ReportFooterDMP.rpt	PLDAte	CRQE|ProfitandLossDailyJournal|	
layouts-copy:Reports/RetailBanking/SeedReports/ProfitAndLossDailyJournalReportv1.rpt	ok	ProfitAndLoss	7	Footer.rpt;Header.rpt;PageHeader.rpt;ReportFooterDMP.rpt	PLDAte	CRQE|ProfitandLossDailyJournal|	
layouts-copy:Reports/RetailBanking/Balancing/ProfitAndLossStatementNew.rpt	ok	ProfitAndLossStatementnew	8	Footer.rpt;Header.rpt;PageHeader.rpt;ReportFooter.rpt	AsOnDate	CRQE|ProfitAndLossStatementnew|	
layouts-copy:Reports/RetailBanking/Balancing/ProfitAndLossStatementNewDMP.rpt	ok	ProfitAndLossStatementnew	8	Footer.rpt;HeaderDMP.rpt;PageHeaderDMP.rpt;ReportFooterDMP.rpt	AsOnDate	CRQE|ProfitAndLossStatementnew|	
layouts-copy:Reports/RetailBanking/Balancing/ProfitAndLossStatementReport.rpt	ok	ProfitAndLossStatement	6	Footer.rpt;Header.rpt;PageHeader.rpt;ReportFooter.rpt	AsOnDate;Profit;Loss;ProfitLabel;LossLabel;TotalIAmount;TotalEAmount	CRQE|ProfitAndLossStatement|	
layouts-copy:Reports/RetailBanking/Balancing/ProfitAndLossStatementReportDMP.rpt	ok	ProfitAndLossStatement	6	Footer.rpt;HeaderDMP.rpt;PageHeaderDMP.rpt;ReportFooterDMP.rpt	AsOnDate;Profit;Loss;ProfitLabel;LossLabel;TotalIAmount;TotalEAmount	CRQE|ProfitAndLossStatement|	
layouts-copy:Reports/RetailBanking/Balancing/ProfitAndLossStatementReportFromToDateNF.rpt	ok	ProfitAndLossStatementNF	8	Footer.rpt;Header.rpt;PageHeader.rpt;ReportFooter.rpt	AsOnDate;Profit;Loss;ProfitLabel;LossLabel;TotalIAmount;TotalEAmount;LastYrEndDate;TotalPrvEAmount;TotalPrvIAmount;FromDate	CRQE|ProfitAndLossStatementNF|	
layouts-copy:Reports/RetailBanking/Balancing/ProfitAndLossStatementReportFromToDateNFDMP.rpt	ok	ProfitAndLossStatementNF	8	Footer.rpt;HeaderDMP.rpt;PageHeaderDMP.rpt;ReportFooterDMP.rpt	AsOnDate;Profit;Loss;ProfitLabel;LossLabel;TotalIAmount;TotalEAmount;LastYrEndDate;TotalPrvEAmount;TotalPrvIAmount;FromDate	CRQE|ProfitAndLossStatementNF|	
layouts-copy:Reports/RetailBanking/Balancing/ProfitAndLossStatementReportNF.rpt	ok	ProfitAndLossStatementNF	8	Footer.rpt;Header.rpt;PageHeader.rpt;ReportFooter.rpt	AsOnDate;Profit;Loss;ProfitLabel;LossLabel;TotalIAmount;TotalEAmount;LastYrEndDate;TotalPrvEAmount;TotalPrvIAmount	CRQE|ProfitAndLossStatementNF|	
layouts-copy:Reports/RetailBanking/Balancing/ProfitAndLossStatementReportNFDMP.rpt	ok	ProfitAndLossStatementNF	8	Footer.rpt;HeaderDMP.rpt;PageHeaderDMP.rpt;ReportFooterDMP.rpt	AsOnDate;Profit;Loss;ProfitLabel;LossLabel;TotalIAmount;TotalEAmount;LastYrEndDate;TotalPrvEAmount;TotalPrvIAmount	CRQE|ProfitAndLossStatementNF|	
layouts-copy:Reports/RetailBanking/HeadOffice/ProfitandLossStatementv1.rpt	ok	ProfitandLossv1	7	Footer.rpt;Header.rpt;PageHeader.rpt;ReportFooter.rpt	Date	CRQE|ProfitandLossv1|	
layouts-copy:Reports/RetailBanking/HeadOffice/ProfitandLossStatementv1DMP.rpt	ok	ProfitandLossv1	7	Footer.rpt;Header.rpt;PageHeader.rpt;ReportFooter.rpt	Date	CRQE|ProfitandLossv1|	
layouts-copy:Reports/RetailBanking/ProfitLossSummaryReport.rpt	ok	GenLedgerReport	8	Footer.rpt;Header.rpt;PageHeader.rpt;ReportFooter.rpt	fdate;tdate;@param	CRQE|GenLedgerReport|	
layouts-copy:Reports/RetailBanking/ProfitLossSummaryReportCons.rpt	ok	GenLedgerReport	8	Footer.rpt;Header.rpt;PageHeader.rpt;ReportFooter.rpt	fdate;tdate;@param	CRQE|GenLedgerReport|	
layouts-copy:Reports/RetailBanking/ProfitLossSummaryReportConsDMP.rpt	ok	GenLedgerReport	8	Footer.rpt;Header.rpt;PageHeader.rpt;ReportFooter.rpt	fdate;tdate	CRQE|GenLedgerReport|	
layouts-copy:Reports/RetailBanking/ProfitLossSummaryReportDMP.rpt	ok	GenLedgerReport	8	Footer.rpt;Header.rpt;PageHeader.rpt;ReportFooterDMP.rpt	fdate;tdate	CRQE|GenLedgerReport|	
layouts-copy:Reports/RetailBanking/TrialBalanceTemplate/ProfitLossTemplate.rpt	ok	ProfitLossTemplate	9	Footer.rpt;Header.rpt;PageHeader.rpt;ReportFooter.rpt	AsOnDate;FromDate;Name	CRQE|CashBookDetails|	
layouts-copy:Reports/RetailBanking/TrialBalanceTemplate/ProfitLossTemplateDMP.rpt	ok	ProfitLossTemplate	9	FooterDMP.rpt;HeaderDMP.rpt;PageHeaderDMP.rpt;ReportFooterDMP.rpt	AsOnDate;FromDate;Name	CRQE|CashBookDetails|	
layouts-copy:Reports/RetailBanking/TrialBalanceTemplate/ProfitLossTemplateWithCrDr.rpt	ok	ProfitLossTemplate	10	Footer.rpt;Header.rpt;PageHeader.rpt;ReportFooter.rpt	AsOnDate;FromDate;Name	CRQE|CashBookDetails|	
layouts-copy:Reports/RetailBanking/TrialBalanceTemplate/ProfitLossTemplateWithCrDrDMP.rpt	ok	ProfitLossTemplate	10	FooterDMP.rpt;HeaderDMP.rpt;PageHeaderDMP.rpt;ReportFooterDMP.rpt	AsOnDate;FromDate;Name	CRQE|CashBookDetails|	
layouts-copy:Reports/Inventory/PurchaseRegister.rpt	ok	PurchaseRegister	10	Footer.rpt;Header.rpt;PageHeader.rpt	ParamCompName;ParamHeading	CRQE|PurchaseRegister|	
layouts-copy:Reports/Inventory/PurchaseRegisterDMP.rpt	ok	PurchaseRegister	10	FooterDMP.rpt;HeaderDMP.rpt;PageHeaderDMP.rpt;ReportFooterDMP.rpt	ParamCompName;ParamHeading	CRQE|PurchaseRegister|	
layouts-copy:Reports/Inventory/PurchaseReport.rpt	ok	PurchaseReport	15	Footer.rpt;Header.rpt;PageHeader.rpt	ParamHeading;ParamCompName	CRQE|PurchaseReport|	
layouts-copy:Reports/Inventory/PurchaseReportDMP.rpt	ok	PurchaseReport	15	FooterDMP.rpt;HeaderDMP.rpt;PageHeaderDMP.rpt;ReportFooterDMP.rpt	ParamHeading;ParamCompName	CRQE|PurchaseReport|	
layouts-copy:Inventory/PurchaseReq.rpt	ok	PurchaseReq	8	Footer.rpt;Header.rpt;PageHeader.rpt;PurchaseReqSubReport1.rpt;ReportFooter.rpt	Date	CRQE|PurchaseReq|;CRQE|PurchaseReqSubReport1|	
layouts-copy:Reports/Inventory/PurchaseReqSubReport1.rpt	ok	PurchaseReqSubReport1	8			CRQE|PurchaseReqSubReport1|	
layouts-copy:Reports/RetailBanking/SeedReports/PurposeWiseAnalysis_V1.rpt	ok	PurposeWiseAnalysis	8	Footer.rpt;Header.rpt;PageHeader.rpt;ReportFooter.rpt	@param;prmAsOnDate;prmDividingValue;prmBankName	CRQE|PurposeWiseAnalysis|	
layouts-copy:Reports/RetailBanking/SeedReports/PurposeWiseAnalysisDMP_V1.rpt	ok	PurposeWiseAnalysis	8	FooterDMP.rpt;HeaderDMP.rpt;PageHeaderDMP.rpt;ReportFooterDMP.rpt	prmAsOnDate;prmBankName;prmEndOfLastFinancialYear;prmDividingValue	CRQE|PurposeWiseAnalysis|	
layouts-copy:Reports/RetailBanking/SeedReports/PurposewiseClassificationOfAdvancesNew_V1.rpt	ok	PurposeWiseClassificationOfAdvances	6	Footer.rpt;Header.rpt;PageHeader.rpt	Asondate;@param	CRQE|PurposeWiseClassificationOfAdvances|	
layouts-copy:Reports/RetailBanking/SeedReports/PurposewiseClassificationOfAdvancesNewDMP_V1.rpt	ok	PurposewiseClassificationOfAdvances	6	HeaderDMP.rpt;PageHeaderDMP.rpt;ReportFooterDMP.rpt	Asondate	CRQE|PurposewiseClassificationOfAdvances|	
layouts-copy:Reports/CBLReports/QBR100_I.rpt	ok	QBR100_I	9	Footer.rpt;Header.rpt;PageHeader.rpt	AsOnDate;AmtIn;SrNo	CRQE|QBR100_I|	
layouts-copy:Reports/CBLReports/QBR100_II.rpt	ok	QBR100_II	5	Footer.rpt;Header.rpt;PageHeader.rpt	AsOnDate;AmtIn;SrNo	CRQE|QBR100_II|	
layouts-copy:Reports/CBLReports/QBR500LD.rpt	ok	QBR500LD	11	Footer.rpt;Header.rpt;PageHeader.rpt	AsOnDate;AmtIn;SrNo	CRQE|QBR500LD|	
layouts-copy:Reports/CBLReports/QBR500USD.rpt	ok	QBR500USD	11	Footer.rpt;Header.rpt;PageHeader.rpt	AsOnDate;AmtIn;SrNo	CRQE|QBR500USD|	
layouts-copy:Reports/CBLReports/QBR600LD.rpt	ok	QBR600LD	9	Footer.rpt;Header.rpt;PageHeader.rpt	AsOnDate;AmtIn;SrNo	CRQE|QBR600LD|	
layouts-copy:Reports/CBLReports/QBR600USD.rpt	ok	QBR600USD	9	Footer.rpt;Header.rpt;PageHeader.rpt	AsOnDate;AmtIn;SrNo	CRQE|QBR600USD|	
layouts-copy:Reports/RetailBanking/RecAmountAndRatiosSubReport.rpt	ok	BalanceSheetSubReport	7			CRQE|BalanceSheetSubReport|	
layouts-copy:Reports/RetailBanking/RecAmountAndRatiosSubReport1.rpt	ok	RecAmountAndRatiosSubReport1	5			CRQE|RecAmountAndRatiosSubReport1|	
layouts-copy:Reports/Inventory/ReceiptDispatch.rpt	ok	ReceiptDispatch	9	Footer.rpt;Header.rpt;PageHeader.rpt	ParamHeading;ParamCompName	CRQE|Receipt Dispatch|	
layouts-copy:Reports/Inventory/ReceiptDispatchDMP.rpt	ok	ReceiptDispatch	9	FooterDMP.rpt;HeaderDMP.rpt;PageHeaderDMP.rpt;ReportFooterDMP.rpt	ParamHeading;ParamCompName	CRQE|Receipt Dispatch|	
xnet:Reports/RetailBanking/SeedReports/ReceivableChargesReport.rpt	ok	ReceivableCharges	6	Footer.rpt;Header.rpt;PageHeader.rpt;ReportFooterDMP.rpt	AsOnDate	CRQE|ReceivableCharges|	
xnet:Reports/RetailBanking/SeedReports/ReceivableChargesReportDMP.rpt	ok	ReceivableCharges	5	Footer.rpt;Header.rpt;PageHeader.rpt;ReportFooterDMP.rpt	AsOnDate	CRQE|ReceivableCharges|	
layouts-copy:Reports/RetailBanking/RenewedInsurance.rpt	ok	element1	6	Footer.rpt;Header.rpt;PageHeader.rpt;ReportFooter.rpt		CRQE|RenewedInsurance|	
layouts-copy:Reports/RetailBanking/RenewedInsuranceDMP.rpt	ok	element1	6	footer.rpt;headerdmp.rpt;pageheaderdmp.rpt;reportfooterdmp.rpt		CRQE|RenewedInsurance|	
layouts-copy:Reports/RetailBanking/loan/RepaymentDuesReport.rpt	ok	RepaymentDuesReport	13	CriteriaSubReport.rpt;Footer.rpt;Header.rpt;PageHeader.rpt;ReportFooter.rpt	FromDate;ToDate;BranchName	CRQE|RepaymentDuesReport|	
layouts-copy:Reports/RetailBanking/loan/RepaymentDuesReportDMP.rpt	ok	RepaymentDuesReport	13	CriteriaSubReportDMP.rpt;Footer.rpt;Header.rpt;PageHeader.rpt;ReportFooterDMP.rpt	pmFromDate;pmToDate	CRQE|RepaymentDuesReport|	
layouts-copy:Reports/RetailBanking/loan/RepaymentNotice_t1.rpt	ok	RepaymentNotice_t1	9		Date_t1	CRQE|RepaymentNotice_t1|	
layouts-copy:Reports/RetailBanking/loan/RepaymentNotice_t2.rpt	ok	RepaymentNotice_t2	12		Date_t2	CRQE|RepaymentNotice_t1|	
layouts-copy:Reports/RetailBanking/loan/RepaymentNotice_t3.rpt	ok	RepaymentNotice_t3	14		Date_t3	CRQE|RepaymentNotice_t1|	
layouts-copy:Reports/RetailBanking/loan/RepaymentNotice_t4.rpt	ok	RepaymentNotice_t3	14		Date_t4	CRQE|RepaymentNotice_t1|	
layouts-copy:Reports/RetailBanking/loan/RepaymentNotice_t5.rpt	ok	RepaymentNotice_t3	14		Date_t5	CRQE|RepaymentNotice_t1|	
layouts-copy:Reports/RetailBanking/loan/RepaymentNoticeReport.rpt	ok		0	Footer.rpt;Header.rpt;PageHeader.rpt;RepaymentNotice_t1.rpt;RepaymentNotice_t2.rpt;RepaymentNotice_t3.rpt;RepaymentNotice_t4.rpt;RepaymentNotice_t5.rpt;ReportFooter.rpt	t1;t2;t3;t4;t5	CRQE|RepaymentNotice_t1|	
xnet:Reports/RetailBanking/loan/RepaymentsPastDueReport.rpt	ok	RepaymentsPastDueReport	10	CriteriaSubReport.rpt;Footer.rpt;Header.rpt;PageHeader.rpt;ReportFooter.rpt	FromDate;ToDate;BranchName	CRQE|RepaymentsPastDueReport|	
layouts-copy:Reports/RetailBanking/loan/RepaymentsPastDueReportDMP.rpt	ok	RepaymentsPastDueReport	9	CriteriaSubReportDMP.rpt;FooterDMP.rpt;HeaderDMP.rpt;PageHeaderDMP.rpt	pmFromDate;pmToDate	CRQE|RepaymentsPastDueReport|	
layouts-copy:Reports/RetailBanking/loan/RepaymentsWrittenOffLoansReport.rpt	ok	RepaymentsWrittenOffLoansReport	8	CriteriaSubReport.rpt;Footer.rpt;Header.rpt;PageHeader.rpt;ReportFooter.rpt	pmToDate;BranchName	CRQE|RepaymentsWrittenOffLoansReport|	
layouts-copy:Reports/RetailBanking/loan/RepeatClientsLoansReport.rpt	ok	RepeatClientsLoansReport	7	CriteriaSubReport.rpt;Footer.rpt;Header.rpt;PageHeader.rpt;ReportFooter.rpt	pmFromDate;pmToDate;@param	CRQE|RepeatClientsLoansReport|	
layouts-copy:Reports/RetailBanking/loan/RepeatClientsLoansReportDMP.rpt	ok	RepeatClientsLoansReport	7	CriteriaSubReportDMP.rpt;FooterDMP.rpt;HeaderDMP.rpt;PageHeaderDMP.rpt;ReportFooterDMP.rpt	pmFromDate;pmToDate	CRQE|RepeatClientsLoansReport|	
layouts-copy:Reports/RetailBanking/loan/ReportFeesReceived.rpt	ok	ReportFeesReceived	12	CriteriaSubReport.rpt;Footer.rpt;Header.rpt;PageHeader.rpt;ReportFooter.rpt	FromDate;ToDate;BranchName	CRQE|ReportFeesReceived|	
layouts-copy:Reports/RetailBanking/loan/ReportFeesReceivedDMP.rpt	ok	ReportFeesReceived	10	CriteriaSubReportDMP.rpt;FooterDMP.rpt;HeaderDMP.rpt;PageHeaderDMP.rpt;ReportFooterDMP.rpt	pmFromDate;pmToDate	CRQE|ReportFeesReceived|	
layouts-copy:Reports/RBI Report/ReportItemDetails.rpt	ok	ReportItemDetails	7	Footer.rpt;Header.rpt;PageHeader.rpt;ReportItemGroupDetails.rpt	ReportName	CRQE|ReportItemDetails|;CRQE|ReportItemGroupDetails|	
layouts-copy:Reports/RBI Report/ReportItemGroupHistory.rpt	ok	ReportItemGroupHistory	11			CRQE|ReportItemGroupHistory|	
xnet:Reports/RBI Report/ReportItemHistory.rpt	ok	ReportItemHistory	7	Footer.rpt;Header.rpt;PageHeader.rpt;ReportItemDetailHistory.rpt;ReportItemGroupHistory.rpt	ReportName	CRQE|ReportItemGroupHistory|;CRQE|ReportItemHistory|	
layouts-copy:Reports/RetailBanking/loan/RescheduledLoansReport.rpt	ok	WrittenOffandRescheduledLoansReport	6	CriteriaSubReport.rpt;Footer.rpt;Header.rpt;PageHeader.rpt;ReportFooter.rpt	pmToDate;pmFromDate;BranchName	CRQE|WrittenOffandRescheduledLoansReport|	
layouts-copy:Reports/RetailBanking/loan/RescheduledLoansReportDMP.rpt	ok	WrittenOffandRescheduledLoansReport	4	CriteriaSubReportDMP.rpt;Footer.rpt;Header.rpt;PageHeader.rpt;ReportFooter.rpt	pmToDate;pmFromDate	CRQE|WrittenOffandRescheduledLoansReport|	
layouts-copy:Reports/RetailBanking/SeedReports/ReturnChequeReport.rpt	ok	ReturnChequeReport	10	Footer.rpt;Header.rpt;PageHeader.rpt;ReportFooter.rpt	FromDt;ToDt	CRQE|ReturnChequeReport|	
layouts-copy:Reports/RetailBanking/SeedReports/ReturnChequeReportDMP.rpt	ok	ReturnChequeReport	10	FooterDMP.rpt;HeaderDMP.rpt;PageHeaderDMP.rpt;ReportFooterDMP.rpt	FromDt;ToDt	CRQE|ReturnChequeReport|	
xnet:Reports/RetailBanking/SeedReports/RiskAssetReport.rpt	ok	RiskAssetReport	18	footer.rpt;header.rpt;pageheader.rpt;reportfooter.rpt	Date;BranchName	CRQE|RiskAssetReport|	
layouts-copy:Reports/RetailBanking/SeedReports/RiskAssetReportDMP.rpt	ok	RiskAssetReport	18	FooterDMP.rpt;HeaderDMP.rpt;PageHeaderDMP.rpt;ReportFooterDMP.rpt	Date	CRQE|RiskAssetReport|	
xnet:Reports/RetailBanking/SeedReports/rtgsrequestdetails.rpt	ok	rtgsrequestdetails	13	Footer.rpt;Header.rpt;PageHeader.rpt		CRQE|rtgsrequestdetails|	
layouts-copy:Reports/RetailBanking/SeedReports/SavingInterestCertificate.rpt	ok	SavingCert	6	Footer.rpt;Header.rpt;PageHeader.rpt;ReportFooter.rpt	FromDate;ToDate;CrrDate	CRQE|SavingIntrestCertificate|	
layouts-copy:Reports/RetailBanking/SeedReports/SavingInterestCertificateDMP.rpt	ok	SavingCert	6	FooterDMP.rpt;HeaderDMP.rpt;PageHeaderDMP.rpt;ReportFooterDMP.rpt	prmCurrDate;FromDate;ToDate	CRQE|SavingIntrestCertificate|	
layouts-copy:Reports/CBLReports/SchdB_CAR_I.rpt	ok	SchdB_CAR_I	8	Footer.rpt;Header.rpt;PageHeader.rpt	AsOnDate;AmtIn;SrNo	CRQE|SchdB_CAR_I|	
layouts-copy:Reports/CBLReports/SchdB_CAR_II.rpt	ok	SchdB_CAR_II	8	Footer.rpt;Header.rpt;PageHeader.rpt	AsOnDate;AmtIn;SrNo	CRQE|SchdB_CAR_II|	
layouts-copy:Reports/RetailBanking/ScheduleofCalDepositReport.rpt	ok	ScheduleOFCall	12	Footer.rpt;Header.rpt;PageHeader.rpt;ReportFooter.rpt	CallDate	CRQE|ScheduleOfCallDeposit|	
layouts-copy:Reports/RetailBanking/SeedReports/ScheduleofCalDepositReport_V1.rpt	ok	ScheduleOFCall	12	Footer.rpt;Header.rpt;PageHeader.rpt;ReportFooter.rpt	CallDate	CRQE|ScheduleOfCallDeposit|	
layouts-copy:Reports/RetailBanking/SeedReports/ScheduleofCalDepositReportDMP_V1.rpt	ok	ScheduleOFCall	12	FooterDMP.rpt;HeaderDMP.rpt;PageHeaderDMP.rpt;ReportFooterDMP.rpt	CallDate	CRQE|ScheduleOfCallDeposit|	
xnet:Reports/RetailBanking/SeedReports/SectorialDeposit.rpt	ok	SectorialDeposit	11	Footer.rpt;Header.rpt;PageHeader.rpt;ReportFooter.rpt	SectorName;MarketedBy;BranchName	CRQE|SectorialDeposit|	
layouts-copy:Reports/RetailBanking/SeedReports/SectorialDepositDMP.rpt	ok	SectorialDeposit	11	Footer.rpt;Header.rpt;PageHeader.rpt;ReportFooter.rpt	SectorName;MarketedBy	CRQE|SectorialDeposit|	
xnet:Reports/RetailBanking/SignatureUnavailableAccounts.rpt	ok	SignatureUnavailableAccounts	8	Footer.rpt;Header.rpt;PageHeader.rpt;ReportFooter.rpt	ReportName;CashierName;Ondate;Opening;Receipt;Payment;Closing;ClosingInWords;CurrencyCode	CRQE|SignatureUnavailableAccounts|	
layouts-copy:Reports/RetailBanking/SeedReports/StandingInstructionReport.rpt	ok	StandingInstructionReport	12	Footer.rpt;Header.rpt;PageHeader.rpt;ReportFooter.rpt	FromDate;ToDate;BranchName	CRQE|StandingInstructionReport|	
layouts-copy:Reports/RetailBanking/SeedReports/StandingInstructionReportDMP.rpt	ok	StandingInstructionReport	12	FooterDMP.rpt;HeaderDMP.rpt;PageHeaderDMP.rpt;ReportFooterDMP.rpt	FromDate;ToDate;BranchName	CRQE|StandingInstructionReport|	
xnet:Reports/RetailBanking/loan/Stateduringperiodv1.rpt	ok	Stateduringperiodat	12	Footer.rpt;Header.rpt;PageHeader.rpt;ReportFooter.rpt	@param;FromDate;ToDate	CRQE|Document|	
layouts-copy:Reports/RetailBanking/loan/StatePerticularDate.rpt	ok	EmployeeLeaves	12	CriteriaSubReport.rpt;Footer.rpt;Header.rpt;PageHeader.rpt;ReportFooter.rpt	BranchName;AsOnDate	CRQE|Document|	
xnet:Reports/RetailBanking/SeedReports/StatusWiseSummary.rpt	ok	StatusWiseSummary	6	Footer.rpt;Header.rpt;PageHeader.rpt;ReportFooter.rpt	FromDate;ToDate;BranchName;Currency;COA	CRQE|StatusWiseSummary|	
layouts-copy:Reports/Inventory/StockPosition.rpt	ok	StockPosition	4	Footer.rpt;HeaderA4Portrait.rpt;PageHeaderA4Portrait.rpt;ReportFooterA4Portrait.rpt	AsOnDate	CRQE|Document|	
layouts-copy:Reports/Inventory/StockPositionDMP.rpt	ok	StockPosition	4	FooterDMP.rpt;HeaderDMP.rpt;PageHeaderDMP.rpt;ReportFooterDMP.rpt	AsOnDate	CRQE|Document|	
layouts-copy:Reports/Inventory/StockRegister.rpt	ok	Stock_Register	10	Footer.rpt;Header.rpt;PageHeader.rpt	ParamHeading;paramCompName;DatePeriod	CRQE|StockRegister|	
layouts-copy:Reports/Inventory/StockRegisterCategory.rpt	ok	Stock_Register	9	Footer.rpt;Header.rpt;PageHeader.rpt	ParamHeading;paramCompName;DatePeriod	CRQE|StockRegisterCategory|	
layouts-copy:Reports/Inventory/StockRegisterCategoryDMP.rpt	ok	Stock_Register	9	FooterDMP.rpt;HeaderDMP.rpt;PageHeader.rpt;ReportFooterDMP.rpt	ParamHeading;paramCompName;DatePeriod	CRQE|StockRegisterCategory|	
layouts-copy:Reports/Inventory/StockRegisterDMP.rpt	ok	Stock_Register	10	FooterDMP.rpt;HeaderDMP.rpt;PageHeader.rpt;ReportFooterDMP.rpt	ParamHeading;paramCompName;DatePeriod	CRQE|StockRegister|	
xnet:Reports/RetailBanking/StoppedChequeReport.rpt	ok	StoppedChequeReport	12	Footer.rpt;Header.rpt;PageHeader.rpt;ReportFooter.rpt	Date;ToDate	CRQE|StoppedChequeReport|	
xnet:Reports/RetailBanking/StoppedChequeReportDMP.rpt	ok	StoppedChequeReport	11	Footer.rpt;Header.rpt;PageHeader.rpt;ReportFooter.rpt	Date;ToDate	CRQE|StoppedChequeReport|	
xnet:Reports/RetailBanking/STR/Version2/STRTransactionsMainReport.rpt	ok		0	Footer.rpt;Header.rpt;PageHeader.rpt;STRIndividualDetails.rpt;STRLegalPersonDetails.rpt;STRSheetFourData.rpt;STRSheetThreeData.rpt;STRSheetTwoData.rpt;STRTransactionsDetail.rpt;STRTransactionsDetails.rpt	ReportName;AsOnDate;Bank;FromDate;ToDate	CRQE|CTRIndividualDetails|;CRQE|CTRLegalPersonDetails|;CRQE|CTRTransactionsDetails|;CRQE|SheetFourData|;CRQE|SheetThreeData|	
xnet:Reports/Inventory/Supplier.rpt	ok	Supplier	10	Footer.rpt;Header.rpt;PageHeader.rpt	ParamCompName;ParamHeading	CRQE|Document|	
layouts-copy:Reports/Inventory/SupplierDMP.rpt	ok	Supplier	10	FooterDMP.rpt;HeaderDMP.rpt;PageHeaderDMP.rpt;ReportFooterDMP.rpt	ParamCompName;ParamHeading	CRQE|Document|	
layouts-copy:Reports/RetailBanking/loan/SurityRegisterReport.rpt	ok	SurityRegister	7	Footer.rpt;Header.rpt;PageHeader.rpt;ReportFooter.rpt		CRQE|SurityRegister|	
layouts-copy:Reports/RetailBanking/loan/SurityRegisterReportDMP.rpt	ok	SurityRegister	7	FooterDMP.rpt;HeaderDMP.rpt;PageHeaderDMP.rpt;ReportFooterDMP.rpt		CRQE|SurityRegister|	
layouts-copy:Reports/RetailBanking/SuspiciousTransaction.rpt	ok	SuspiciousTransaction	6	Footer.rpt;Header.rpt;PageHeader.rpt;ReportFooter.rpt	FromDate;ToDate	CRQE|SuspiciousTransaction|	
xnet:Reports/RetailBanking/SeedReports/SwiftInwTran.rpt	ok	SwiftInwTran	11	Footer.rpt;Header.rpt;PageHeader.rpt;ReportFooter.rpt	FromDate;ToDate	CRQE|SwiftInwTran|	
layouts-copy:Reports/RetailBanking/HeadOffice/TBHorizontalNFormatFromToDate.rpt	ok	HeadOfficeBalanceSheet	8	Footer.rpt;Header.rpt;PageHeader.rpt;ReportFooter.rpt	Profit;Loss;Date;ProfitLabel;LossLabel;LiabilityAmount;AssetAmount;LastYrEndDate;PrvLiabilityAmount;PrvAssetAmount;FromDate	CRQE|TrialBalanceHorizontalNF|	
layouts-copy:Reports/RetailBanking/HeadOffice/TBHorizontalNFormatFromToDateDMP.rpt	ok	HeadOfficeBalanceSheet	8	Footer.rpt;Header.rpt;PageHeader.rpt;ReportFooterDMP.rpt	Profit;Loss;Date;ProfitLabel;LossLabel;LiabilityAmount;AssetAmount;LastYrEndDate;PrvLiabilityAmount;PrvAssetAmount;FromDate	CRQE|TrialBalanceHorizontalNF|	
layouts-copy:Reports/RetailBanking/TDS/TDApplicabelSReport.rpt	ok	TDSReportApplicabel	11	Footer.rpt;Header.rpt;PageHeader.rpt	FromDate;CellingAmount	CRQE|TDSReportApplicabel|	
xnet:Reports/RetailBanking/TDBG/TDBGClientDueRenewalDMP.rpt	ok	BGClientRenewal	11	Footer.rpt;HeaderDMP.rpt;PageHeaderDMP.rpt;ReportFooterDMP.rpt	ExpiryFromDate;ExpiryToDate;Name;Currency	CRQE|BGRenewal|	
xnet:Reports/RetailBanking/TDBG/TDBGClientRenewalDMP.rpt	ok	BGClientRenewal	11	Footer.rpt;HeaderDMP.rpt;PageHeaderDMP.rpt;ReportFooterDMP.rpt	Name;Currency	CRQE|BGRenewal|	
xnet:Reports/RetailBanking/TDBG/TDBGClosingRegisterDMP.rpt	ok	BGDayBook	13	Footer.rpt;HeaderDMP.rpt;PageHeaderDMP.rpt;ReportFooterDMP.rpt	TransactionFromDate;TransactionToDate;Name;Currency	CRQE|BGDayBook|	
xnet:Reports/RetailBanking/TDBG/TDBGCommissionDayBookDMP.rpt	ok	BGCommissionDayBook	8	Footer.rpt;HeaderDMP.rpt;PageHeaderDMP.rpt;ReportFooterDMP.rpt	AssetValue;AsOnDate;Name;Currency	CRQE|BGCommissionDayBook|	
xnet:Reports/RetailBanking/TDBG/TDBGDayBookDMP.rpt	ok	BGDayBook	13	Footer.rpt;HeaderDMP.rpt;PageHeaderDMP.rpt;ReportFooterDMP.rpt	AsONDate;ActiveDrHeadName;ActiveDrHeadCode;ActiveCrHeadName;ActiveCrHeadCode;StatusType;Name;Currency	CRQE|BGDayBook|	
xnet:Reports/RetailBanking/TDBG/TDBGDueRenewalDMP.rpt	ok	BGRenewal	13	Footer.rpt;HeaderDMP.rpt;PageHeaderDMP.rpt;ReportFooterDMP.rpt	AssetValue;ExpiryFromDate;ExpiryToDate;Currency;Name	CRQE|BGRenewal|	
xnet:Reports/RetailBanking/TDBG/TDBGRegister.rpt	ok	BGRegister	16	Footer.rpt;HeaderDMP.rpt;PageHeaderDMP.rpt;ReportFooterDMP.rpt	AssetValue;Name;Currency	CRQE|BGRegister|	
xnet:Reports/RetailBanking/TDBG/TDBGRegisterDMP.rpt	ok	BGRegister	16	Footer.rpt;HeaderDMP.rpt;PageHeaderDMP.rpt;ReportFooterDMP.rpt	AssetValue;Name;Currency	CRQE|BGRegister|	
xnet:Reports/RetailBanking/TDBG/TDBGRenewalDMP.rpt	ok	BGRenewal	13	Footer.rpt;HeaderDMP.rpt;PageHeaderDMP.rpt;ReportFooterDMP.rpt	TransactionFromDate;TransactionToDate;Name;Currency	CRQE|BGRenewal|	
xnet:Reports/RetailBanking/TDBG/TDBGRevokeRegisterDMP.rpt	ok	BGRevokeRegister	13	Footer.rpt;HeaderDMP.rpt;PageHeaderDMP.rpt;ReportFooterDMP.rpt	TransactionFromDate;TransactionToDate;Currency;Name	CRQE|BGRevokeRegister|	
xnet:Reports/RetailBanking/TDBG/TDBGTemplateReport.rpt	ok	OverdueLetter	1	Footer.rpt;Header.rpt;PageHeader.rpt;ReportFooter.rpt	LetterHead	CRQE|UserdefinedOverdueLetter|	
layouts-copy:Reports/RetailBanking/loan/TODRegisterReport.rpt	ok	TODRegister	14	Footer.rpt;Header.rpt;PageHeader.rpt;ReportFooter.rpt	prmAsOnDate	CRQE|TODRegister|	
layouts-copy:Reports/RetailBanking/loan/TODRegisterReportDMP.rpt	ok	TODRegister	14	FooterDMP.rpt;Header.rpt;PageHeaderDMP.rpt;ReportFooterDMP.rpt	prmAsOnDate	CRQE|TODRegister|	
layouts-copy:Reports/RetailBanking/loan/TopBorrowersReport.rpt	ok	TopBorrowersReport	7	Footer.rpt;Header.rpt;PageHeader.rpt;ReportFooter.rpt	AsOnDate;BranchName;Currency	CRQE|TopBorrowersReport|	
layouts-copy:Reports/RetailBanking/loan/TopBorrowersReportDMPV1.rpt	ok	TopBorrowersReport	12	Footer.rpt;Header.rpt;PageHeader.rpt;ReportFooter.rpt		CRQE|TopBorrowersReport|	
xnet:Reports/RetailBanking/Account/TopDepositors.rpt	ok	TopDepositors	8	Footer.rpt;Header.rpt;PageHeader.rpt;ReportFooter.rpt	AsOnDate;Product;BranchName;Currency	CRQE|TopDepositors|	
layouts-copy:Reports/RetailBanking/Account/TopDepositorsDMP.rpt	ok	TopDepositors	6	Footer.rpt;Header.rpt;PageHeader.rpt	AsOnDate;Product	CRQE|TopDepositors|	
layouts-copy:Reports/RetailBanking/TransactionDetaillReport.rpt	ok	TransactionReport	19	footer.rpt;header.rpt;pageheader.rpt;reportfooter.rpt	FromDate;UptoDate;ChartOfAccount;@TotalCurrInfor	CRQE|TransactionReport|	
layouts-copy:Reports/RetailBanking/TransactionDetaillReportDMP.rpt	ok	TransactionReport	19	Footer.rpt;Header.rpt;PageHeader.rpt;ReportFooter.rpt	FromDate;UptoDate;ChartOfAccount;@TotalCurrInfor	CRQE|TransactionReport|	
xnet:Reports/RetailBanking/SeedReports/TransactionDetaillReportv1.rpt	ok	TransactionReport	16	Footer.rpt;Header.rpt;PageHeader.rpt;ReportFooter.rpt	FromDate;UptoDate;ChartOfAccount	CRQE|TransactionReport|	
layouts-copy:Reports/RetailBanking/SeedReports/TransactionDetaillReportv1DMP.rpt	ok	TransactionReport	16	FooterDMP.rpt;HeaderDMP.rpt;PageHeaderDMP.rpt;ReportFooterDMP.rpt	FromDate;UptoDate;ChartOfAccount	CRQE|TransactionReport|	
xnet:Reports/RetailBanking/Transaction/TransactionSourceWiseListReport.rpt	ok	TransactionSourceWiseList	9	Footer.rpt;Header.rpt;PageHeader.rpt;ReportFooter.rpt	forTheDate;BranchName	CRQE|TransactionSourceWiseList|	
xnet:Reports/RetailBanking/Transaction/TransactionSourceWiseListReportDMP.rpt	ok	TransactionSourceWiseList	9	Footer.rpt;Header.rpt;PageHeader.rpt;ReportFooter.rpt	forTheDate;BranchName	CRQE|TransactionSourceWiseList|	
layouts-copy:Reports/RetailBanking/HeadOffice/TrialBalanceHorizontal.rpt	ok	HeadOfficeBalanceSheet	6	Footer.rpt;Header.rpt;PageHeader.rpt;ReportFooter.rpt	Profit;Loss;Date;ProfitLabel;LossLabel;LiabilityAmount;AssetAmount	CRQE|HeadsOfficeBalanceSheet|	
layouts-copy:Reports/RetailBanking/HeadOffice/TrialBalanceHorizontalDMP.rpt	ok	HeadOfficeBalanceSheet	6	Footer.rpt;Header.rpt;PageHeader.rpt;ReportFooterDMP.rpt	Profit;Loss;Date;ProfitLabel;LossLabel;LiabilityAmount;AssetAmount	CRQE|HeadsOfficeBalanceSheet|	
layouts-copy:Inventory/TrialBalanceHorizontalIslamic.rpt	ok	HeadOfficeBalanceSheet	6	Footer.rpt;Header.rpt;PageHeader.rpt;ReportFooter.rpt	Loss;Date;ProfitLabel;LossLabel;LiabilityAmount;AssetAmount;ReportType;Profit	CRQE|HeadsOfficeBalanceSheet|	
layouts-copy:Reports/RetailBanking/HeadOffice/TrialBalanceHorizontalIslamicDMP.rpt	ok	HeadOfficeBalanceSheet	6	Footer.rpt;Header.rpt;PageHeader.rpt;ReportFooterDMP.rpt	Profit;Loss;Date;ProfitLabel;LossLabel;LiabilityAmount;AssetAmount;ReportType	CRQE|HeadsOfficeBalanceSheet|	
layouts-copy:Reports/RetailBanking/HeadOffice/TrialBalanceHorizontalNF.rpt	ok	HeadOfficeBalanceSheet	8	Footer.rpt;Header.rpt;PageHeader.rpt;ReportFooter.rpt	Profit;Loss;Date;ProfitLabel;LossLabel;LiabilityAmount;AssetAmount;LastYrEndDate;PrvLiabilityAmount;PrvAssetAmount	CRQE|TrialBalanceHorizontalNF|	
layouts-copy:Reports/RetailBanking/HeadOffice/TrialBalanceHorizontalNFDMP.rpt	ok	HeadOfficeBalanceSheet	8	Footer.rpt;Header.rpt;PageHeader.rpt;ReportFooterDMP.rpt	Profit;Loss;Date;ProfitLabel;LossLabel;LiabilityAmount;AssetAmount;LastYrEndDate;PrvLiabilityAmount;PrvAssetAmount	CRQE|TrialBalanceHorizontalNF|	
layouts-copy:Reports/RetailBanking/HeadOffice/TrialBalanceHorizontalWithAcc.rpt	ok	TrialBalanceHorizontalWithAcc	10	Footer.rpt;Header.rpt;PageHeader.rpt;ReportFooter.rpt	Profit;Loss;Date;ProfitLabel;LossLabel;LiabilityAmount;AssetAmount	CRQE|TrialBalanceHorizontalWithAcc|	
layouts-copy:Reports/RetailBanking/HeadOffice/TrialBalanceHorizontalWithAccDMP.rpt	ok	TrialBalanceHorizontalWithAcc	10	Footer.rpt;Header.rpt;PageHeader.rpt;ReportFooterDMP.rpt	Profit;Loss;Date;ProfitLabel;LossLabel;LiabilityAmount;AssetAmount	CRQE|TrialBalanceHorizontalWithAcc|	
layouts-copy:Reports/RetailBanking/HeadOffice/TrialBalanceHorizontalWithAccIslamic.rpt	ok	TrialBalanceHorizontalWithAcc	10	Footer.rpt;Header.rpt;PageHeader.rpt;ReportFooter.rpt	Profit;Loss;Date;ProfitLabel;LossLabel;LiabilityAmount;AssetAmount;ReportType	CRQE|TrialBalanceHorizontalWithAcc|	
layouts-copy:Reports/RetailBanking/HeadOffice/TrialBalanceHorizontalWithAccIslamicDMP.rpt	ok	TrialBalanceHorizontalWithAcc	10	Footer.rpt;Header.rpt;PageHeader.rpt;ReportFooterDMP.rpt	Profit;Loss;Date;ProfitLabel;LossLabel;LiabilityAmount;AssetAmount;ReportType	CRQE|TrialBalanceHorizontalWithAcc|	
layouts-copy:Reports/RetailBanking/HeadOffice/TrialBalanceMeanRate.rpt	ok	TrialBalanceMeanRate	8	footer.rpt;header.rpt;pageheader.rpt;reportfooter.rpt	Date	CRQE|TrialBalanceMeanRate|	
layouts-copy:Reports/RetailBanking/HeadOffice/TrialBalanceMeanRateDMP.rpt	ok	TrialBalanceMeanRate	8	Footer.rpt;Header.rpt;PageHeader.rpt;ReportFooter.rpt	Date	CRQE|TrialBalanceMeanRate|	
layouts-copy:Reports/RetailBanking/TrialBalanceTemplate/TrialBalanceTemplate.rpt	ok	TrialBalanceTemplate	12	Footer.rpt;Header.rpt;PageHeader.rpt;ReportFooter.rpt	AsOnDate;OnePreviousWeekAsOnDate;FromDate;TemplateName	CRQE|CashBookDetails|	
layouts-copy:Reports/RetailBanking/TrialBalanceTemplate/TrialBalanceTemplateDMP.rpt	ok	TrialBalanceTemplate	12	FooterDMP.rpt;HeaderDMP.rpt;PageHeaderDMP.rpt;ReportFooterDMP.rpt	AsOnDate;OnePreviousWeekAsOnDate;FromDate;TemplateName	CRQE|CashBookDetails|	
layouts-copy:Reports/RetailBanking/TrialBalanceTemplate/TrialBalanceTemplateHideCodeCurrentDMP.rpt	ok	TrialBalanceTemplate	12	FooterDMP.rpt;HeaderDMP.rpt;PageHeaderDMP.rpt;ReportFooterDMP.rpt	AsOnDate;OnePreviousWeekAsOnDate;FromDate;TemplateName	CRQE|CashBookDetails|	
layouts-copy:Reports/RetailBanking/TrialBalanceTemplate/TrialBalanceTemplateHideCodeCurrentProgressiveDMP.rpt	ok	TrialBalanceTemplate	12	FooterDMP.rpt;HeaderDMP.rpt;PageHeaderDMP.rpt;ReportFooterDMP.rpt	AsOnDate;OnePreviousWeekAsOnDate;FromDate;TemplateName	CRQE|CashBookDetails|	
layouts-copy:Reports/RetailBanking/TrialBalanceTemplate/TrialBalanceTemplateHideCodeDMP.rpt	ok	TrialBalanceTemplate	12	FooterDMP.rpt;HeaderDMP.rpt;PageHeaderDMP.rpt;ReportFooterDMP.rpt	AsOnDate;OnePreviousWeekAsOnDate;FromDate;TemplateName	CRQE|CashBookDetails|	
layouts-copy:Reports/RetailBanking/TrialBalanceTemplate/TrialBalanceTemplateHideCodeProgressiveDMP.rpt	ok	TrialBalanceTemplate	12	FooterDMP.rpt;HeaderDMP.rpt;PageHeaderDMP.rpt;ReportFooterDMP.rpt	AsOnDate;OnePreviousWeekAsOnDate;FromDate;TemplateName	CRQE|CashBookDetails|	
layouts-copy:Reports/RetailBanking/TrialBalanceTemplate/TrialBalanceTemplateHideCurrentDMP.rpt	ok	TrialBalanceTemplate	12	FooterDMP.rpt;HeaderDMP.rpt;PageHeaderDMP.rpt;ReportFooterDMP.rpt	AsOnDate;OnePreviousWeekAsOnDate;FromDate;TemplateName	CRQE|CashBookDetails|	
layouts-copy:Reports/RetailBanking/TrialBalanceTemplate/TrialBalanceTemplateHideCurrentProgressiveDMP.rpt	ok	TrialBalanceTemplate	12	FooterDMP.rpt;HeaderDMP.rpt;PageHeaderDMP.rpt;ReportFooterDMP.rpt	AsOnDate;OnePreviousWeekAsOnDate;FromDate;TemplateName	CRQE|CashBookDetails|	
layouts-copy:Reports/RetailBanking/TrialBalanceTemplate/TrialBalanceTemplateHideOpeningCodeCurrentDMP.rpt	ok	TrialBalanceTemplate	12	FooterDMP.rpt;HeaderDMP.rpt;PageHeaderDMP.rpt;ReportFooterDMP.rpt	AsOnDate;OnePreviousWeekAsOnDate;FromDate;TemplateName	CRQE|CashBookDetails|	
layouts-copy:Reports/RetailBanking/TrialBalanceTemplate/TrialBalanceTemplateHideOpeningCodeCurrentProgressiveDMP.rpt	ok	TrialBalanceTemplate	12	FooterDMP.rpt;HeaderDMP.rpt;PageHeaderDMP.rpt;ReportFooterDMP.rpt	AsOnDate;OnePreviousWeekAsOnDate;FromDate;TemplateName	CRQE|CashBookDetails|	
layouts-copy:Reports/RetailBanking/TrialBalanceTemplate/TrialBalanceTemplateHideOpeningCodeDMP.rpt	ok	TrialBalanceTemplate	12	FooterDMP.rpt;HeaderDMP.rpt;PageHeaderDMP.rpt;ReportFooterDMP.rpt	AsOnDate;OnePreviousWeekAsOnDate;FromDate;TemplateName	CRQE|CashBookDetails|	
layouts-copy:Reports/RetailBanking/TrialBalanceTemplate/TrialBalanceTemplateHideOpeningCurrentDMP.rpt	ok	TrialBalanceTemplate	12	FooterDMP.rpt;HeaderDMP.rpt;PageHeaderDMP.rpt;ReportFooterDMP.rpt	AsOnDate;OnePreviousWeekAsOnDate;FromDate;TemplateName	CRQE|CashBookDetails|	
layouts-copy:Reports/RetailBanking/TrialBalanceTemplate/TrialBalanceTemplateHideOpeningCurrentProgressiveDMP.rpt	ok	TrialBalanceTemplate	12	FooterDMP.rpt;HeaderDMP.rpt;PageHeaderDMP.rpt;ReportFooterDMP.rpt	AsOnDate;OnePreviousWeekAsOnDate;FromDate;TemplateName	CRQE|CashBookDetails|	
layouts-copy:Reports/RetailBanking/TrialBalanceTemplate/TrialBalanceTemplateHideOpeningDMP.rpt	ok	TrialBalanceTemplate	12	FooterDMP.rpt;HeaderDMP.rpt;PageHeaderDMP.rpt;ReportFooterDMP.rpt	AsOnDate;OnePreviousWeekAsOnDate;FromDate;TemplateName	CRQE|CashBookDetails|	
layouts-copy:Reports/RetailBanking/TrialBalanceTemplate/TrialBalanceTemplateHideOpeningProgressiveDMP.rpt	ok	TrialBalanceTemplate	12	FooterDMP.rpt;HeaderDMP.rpt;PageHeaderDMP.rpt;ReportFooterDMP.rpt	AsOnDate;OnePreviousWeekAsOnDate;FromDate;TemplateName	CRQE|CashBookDetails|	
layouts-copy:Reports/RetailBanking/TrialBalanceTemplate/TrialBalanceTemplateHideProgressiveDMP.rpt	ok	TrialBalanceTemplate	12	FooterDMP.rpt;HeaderDMP.rpt;PageHeaderDMP.rpt;ReportFooterDMP.rpt	AsOnDate;OnePreviousWeekAsOnDate;FromDate;TemplateName	CRQE|CashBookDetails|	
xnet:Reports/RetailBanking/HeadOffice/TrialBalancev1.rpt	ok	TrialBalancev1	6	Footer.rpt;Header.rpt;PageHeader.rpt;ReportFooter.rpt	Date;Currency;PrmBranch	CRQE|TrialBalancev1|	
layouts-copy:TrialBalancev1Branch.rpt	ok	TrialBalancev1Branch	6	Footer.rpt;Header.rpt;PageHeader.rpt;ReportFooter.rpt	Date;Currency;PrmBranch	CRQE|TrialBalancev1Branch|	
layouts-copy:Reports/RetailBanking/HeadOffice/TrialBalancev1DMP.rpt	ok	TrialBalancev1	7	Footer.rpt;Header.rpt;PageHeader.rpt;ReportFooter.rpt	Date	CRQE|TrialBalancev1|	
xnet:Reports/RetailBanking/SeedReports/TurnoverReport.rpt	ok	TurnoverReport	11	Footer.rpt;Header.rpt;PageHeader.rpt;ReportFooter.rpt	FromDate;ToDate	CRQE|TurnoverReport|	
layouts-copy:Reports/RetailBanking/SeedReports/TurnoverReportDMP.rpt	ok	TurnoverReport	11	FooterDMP.rpt;HeaderDMP.rpt;PageHeaderDMP.rpt;ReportFooterDMP.rpt	FromDate;ToDate	CRQE|TurnoverReport|	
xnet:Reports/RetailBanking/SeedReports/UnAuthDCOutTran.rpt	ok	UnAuthDCOutTran	5			CRQE|UnAuthDCOutTran|	
layouts-copy:Reports/RetailBanking/SeedReports/unauthorizeadditionallimit.rpt	ok	UnAuthorizeAdditionalLimit	4	footer.rpt;header.rpt;pageheader.rpt;reportfooter.rpt		CRQE|UnAuthorizeAdditionalLimit|	
layouts-copy:Reports/RetailBanking/SeedReports/UnAuthorizeATMCardRegistration.rpt	ok	UnAuthorizeATMCardRegistration	6	Footer.rpt;PageHeader.rpt		CRQE|UnAuthorizeATMCardRegistration|	
layouts-copy:Reports/RetailBanking/SeedReports/UnAuthorizeBankerCheque.rpt	ok	UnAuthorizeBankerCheque	5	Footer.rpt;PageHeader.rpt		CRQE|UnAuthorizeBankerCheque|	
layouts-copy:Reports/RetailBanking/SeedReports/UnAuthorizeCashInTransitTran.rpt	ok	UnAuthorizeCashInTransitTran	3	Footer.rpt;PageHeader.rpt		CRQE|UnAuthorizeCashInTransitTran|	
layouts-copy:Reports/RetailBanking/SeedReports/UnAuthorizeChargesReceivableRev.rpt	ok	UnAuthorizeChargesReceivableRev	3	Footer.rpt;PageHeader.rpt		CRQE|UnAuthorizeChargesReceivableRev|	
layouts-copy:Reports/RetailBanking/SeedReports/UnAuthorizeClassByProductReport.rpt	ok	UnAuthorizeClassByProductReport	3	PageHeader.rpt		CRQE|UnAuthorizeClassByProductReport|	
layouts-copy:Reports/RetailBanking/SeedReports/UnAuthorizeClassificationReport.rpt	ok	UnAuthorizeClassificationReport	4	PageHeader.rpt		CRQE|UnAuthorizeClassificationReport|	
layouts-copy:Reports/RetailBanking/SeedReports/UnAuthorizeClientReport.rpt	ok	UnAuthorizeClientReport	4	Footer.rpt;PageHeader.rpt		CRQE|UnAuthorizeClientReport|	
layouts-copy:Reports/RetailBanking/SeedReports/UnAuthorizedChequeBookReq.rpt	ok	UnAuthorizedChequeBookReq	3	Footer.rpt;PageHeader.rpt		CRQE|UnAuthorizedChequeBookReq|	
layouts-copy:Reports/RetailBanking/SeedReports/UnAuthorizedForexTradingTran.rpt	ok	UnAuthorizedForexTradingTran	3	Footer.rpt;PageHeader.rpt		CRQE|UnAuthorizedForexTradingTran|	
layouts-copy:Reports/RetailBanking/SeedReports/UnAuthorizedHoldingAmountTran.rpt	ok	UnAuthorizedHoldingAmountTran	4	Footer.rpt;PageHeader.rpt		CRQE|UnAuthorizedHoldingAmountTran|	
layouts-copy:Reports/RetailBanking/SeedReports/UnAuthorizedLoanCancellation.rpt	ok	UnAuthorizedLoanCancellation	3	Footer.rpt;PageHeader.rpt		CRQE|UnAuthorizedLoanCancellation|	
layouts-copy:Reports/RetailBanking/SeedReports/UnAuthorizedLoanDisbursementTran.rpt	ok	UnAuthorizedLoanDisbursementTran	4	Footer.rpt;PageHeader.rpt		CRQE|UnAuthorizedLoanDisbursementTran|	
layouts-copy:Reports/RetailBanking/SeedReports/UnAuthorizedLoanRebate.rpt	ok	UnAuthorizedOutwardReturnTran	4	Footer.rpt;PageHeader.rpt		CRQE|UnAuthorizedOutwardReturnTran|	
layouts-copy:Reports/RetailBanking/SeedReports/UnAuthorizedLoanSettlement.rpt	ok	UnAuthorizedOutwardReturnTran	4	Footer.rpt;PageHeader.rpt		CRQE|UnAuthorizedOutwardReturnTran|	
layouts-copy:Reports/RetailBanking/SeedReports/UnAuthorizedLoanWrittenOff.rpt	ok	UnAuthorizelLoanWrittenOff	3	Footer.rpt;PageHeader.rpt		CRQE|UnAuthorizelLoanWrittenOff|	
layouts-copy:Reports/RetailBanking/SeedReports/UnAuthorizedLocalFundTransfer.rpt	ok	UnAuthorizedLocalFundTransfer	4	Footer.rpt;PageHeader.rpt		CRQE|UnAuthorizedLocalFundTransfer|	
xnet:Reports/RetailBanking/SeedReports/unauthorizedLRABillPayReport.rpt	ok	UnPassedReportClearingTransaction	11			CRQE|UnPassedReportClearingTransaction|	
layouts-copy:Reports/RetailBanking/SeedReports/UnAuthorizedODReport.rpt	ok	UnAuthorizedODReport	10	Footer.rpt;Header.rpt;PageHeader.rpt;ReportFooter.rpt	Date	CRQE|UnAuthorizedODReport|	
layouts-copy:Reports/RetailBanking/SeedReports/UnAuthorizedODReportDMP.rpt	ok	UnAuthorizedODReport	10	FooterDMP.rpt;HeaderDMP.rpt;PageHeaderDMP.rpt;ReportFooterDMP.rpt	Date	CRQE|UnAuthorizedODReport|	
layouts-copy:Reports/RetailBanking/SeedReports/UnAuthorizeDormantRec.rpt	ok	UnAuthorizeDormantRec	10	PageHeader.rpt		CRQE|UnAuthorizeDormantRec|	
layouts-copy:Reports/RetailBanking/SeedReports/UnAuthorizedOutwardReturnTran.rpt	ok	UnAuthorizedOutwardReturnTran	4	Footer.rpt;PageHeader.rpt		CRQE|UnAuthorizedOutwardReturnTran|	
layouts-copy:Reports/RetailBanking/SeedReports/UnAuthorizedSavingCheckingAccountClosure.rpt	ok	UnAuthorizedSavingCheckingAccountClosure	3	Footer.rpt;PageHeader.rpt		CRQE|UnAuthorizedSavingCheckingAccountClosure|	
layouts-copy:Reports/RetailBanking/SeedReports/UnAuthorizedTreasuryTran.rpt	ok	UnAuthorizedTreasuryTran	4	Footer.rpt;PageHeader.rpt		CRQE|UnAuthorizedTreasuryTran|	
layouts-copy:Reports/RetailBanking/SeedReports/UnAuthorizedWireTransaction.rpt	ok	UnAuthorizedWireTransaction	6	Footer.rpt;PageHeader.rpt		CRQE|UnAuthorizedWireTransaction|	
layouts-copy:Reports/RetailBanking/SeedReports/UnAuthorizeExcessWithdrawal.rpt	ok	UnAuthorizeExcessWithdrawal	4	Footer.rpt;PageHeader.rpt		CRQE|UnAuthorizeExcessWithdrawal|	
layouts-copy:Reports/RetailBanking/SeedReports/UnAuthorizeFDMatPreClosing.rpt	ok	UnAuthorizeFDMatPreClosing	5	footer.rpt;pageheader.rpt		CRQE|UnAuthorizeFDMatPreClosing|	
layouts-copy:Reports/RetailBanking/SeedReports/UnAuthorizeForexTran.rpt	ok	UnAuthorizeForexTran	5	Footer.rpt;PageHeader.rpt		CRQE|UnAuthorizeForexTran|	
layouts-copy:Reports/RetailBanking/SeedReports/UnAuthorizeGovernmentRevenueTran.rpt	ok	UnAuthorizeGovernmentRevenueTran	3	Footer.rpt;PageHeader.rpt		CRQE|UnAuthorizeGovernmentRevenueTran|	
layouts-copy:Reports/RetailBanking/SeedReports/UnAuthorizeGovTaxTran.rpt	ok	UnAuthorizeGovTaxTran	7	Footer.rpt;PageHeader.rpt		CRQE|UnAuthorizeGovTaxTran|	
layouts-copy:Reports/RetailBanking/SeedReports/UnAuthorizeInwardFileUpdate.rpt	ok	UnAuthorizeManyToManyTransaction	6	Footer.rpt;PageHeader.rpt		CRQE|UnAuthorizeManyToManyTransaction|	
layouts-copy:Reports/RetailBanking/SeedReports/UnAuthorizeLoanReshedule.rpt	ok	UnAuthorizeManyToManyTransaction	6	PageHeader.rpt		CRQE|UnAuthorizeManyToManyTransaction|	
layouts-copy:Reports/RetailBanking/SeedReports/UnAuthorizeLoanWrittenOffReverseTran.rpt	ok	UnAuthorizeLoanWrittenOffReverseTran	3	Footer.rpt;PageHeader.rpt		CRQE|UnAuthorizeLoanWrittenOffReverseTran|	
layouts-copy:Reports/RetailBanking/SeedReports/UnAuthorizeLocalFundTransferRev.rpt	ok	UnAuthorizeLocalFundTransferRev	4	Footer.rpt;PageHeader.rpt		CRQE|UnAuthorizeLocalFundTransferRev|	
layouts-copy:Reports/RetailBanking/SeedReports/UnAuthorizeManagerChequeReversal.rpt	ok	UnAuthorizeManagerChequeReversal	6	Footer.rpt;PageHeader.rpt		CRQE|UnAuthorizeManagerChequeReversal|	
layouts-copy:Reports/RetailBanking/SeedReports/UnAuthorizeManyToManyTransaction.rpt	ok	UnAuthorizeManyToManyTransaction	6	Footer.rpt;PageHeader.rpt		CRQE|UnAuthorizeManyToManyTransaction|	
layouts-copy:Reports/RetailBanking/SeedReports/UnAuthorizeMemoOnAccAddition.rpt	ok	UnAuthorizeMemoOnAccAddition	5	footer.rpt;pageheader.rpt		CRQE|UnAuthorizeMemoOnAccAddition|	
layouts-copy:Reports/RetailBanking/SeedReports/UnAuthorizeODReductionTran.rpt	ok	UnAuthorizeODReductionTran	3	Footer.rpt;PageHeader.rpt		CRQE|UnAuthorizeODReductionTran|	
layouts-copy:Reports/RetailBanking/SeedReports/UnAuthorizeOutwardTransaction.rpt	ok	UnAuthorizeOutwardTransaction	5	Footer.rpt;PageHeader.rpt		CRQE|UnAuthorizeOutwardTransaction|	
layouts-copy:Reports/RetailBanking/SeedReports/UnAuthorizePenalInterestRev.rpt	ok	UnAuthorizeODReductionTran	3	Footer.rpt;PageHeader.rpt		CRQE|UnAuthorizeODReductionTran|	
layouts-copy:Reports/RetailBanking/SeedReports/UnAuthorizeSignImageUpload.rpt	ok	UnAuthorizeATMCardRegistration	6	Footer.rpt;PageHeader.rpt		CRQE|UnAuthorizeATMCardRegistration|	
layouts-copy:Reports/RetailBanking/SeedReports/UnAuthorizeStopChequePayment.rpt	ok	UnAuthorizeStopChequePayment	6	Footer.rpt;PageHeader.rpt		CRQE|UnAuthorizeStopChequePayment|	
layouts-copy:Reports/Treasury/UnconfirmedFXContractsReport.rpt	ok	UnconfirmedFXContractsReport	7	Footer.rpt;Header.rpt;PageHeader.rpt;ReportFooter.rpt		CRQE|UnconfirmedFXContractsReport|	
layouts-copy:Reports/RetailBanking/UndoneSIReport.rpt	ok	UnDoneSIReport	6	Footer.rpt;Header.rpt;PageHeader.rpt;ReportFooter.rpt	FromDate	CRQE|UnDoneSIReport|	
layouts-copy:Reports/RetailBanking/UndoneSIReportDMP.rpt	ok	UnDoneSIReport	6	FooterDMP.rpt;HeaderDMP.rpt;PageHeaderDMP.rpt;ReportFooterDMP.rpt	FromDate	CRQE|UnDoneSIReport|	
layouts-copy:Reports/RetailBanking/SeedReports/UndrawnAccounts.rpt	ok	UndrawnAccounts	9	footer.rpt;header.rpt;pageheader.rpt;reportfooter.rpt	FromDate;ToDate;Currency;AsOnDate	CRQE|UndrawnAccounts|	
layouts-copy:Reports/RetailBanking/SeedReports/UndrawnCCLimitReport_V1.rpt	ok	UnDrawnCCLimit	7	Footer.rpt;Header.rpt;PageHeader.rpt;ReportFooter.rpt	prmAsOnDate;prmChartOfAccount;IsShowOverdrawn	CRQE|UndrawnCCLimit|	
layouts-copy:Reports/RetailBanking/SeedReports/UndrawnCCLimitReportDMP_V1.rpt	ok	UnDrawnCCLimit	7	FooterDMP.rpt;HeaderDMP.rpt;PageHeaderDMP.rpt;ReportFooterDMP.rpt	prmAsOnDate;prmChartOfAccount;IsShowOverdrawn	CRQE|UndrawnCCLimit|	
layouts-copy:Reports/RetailBanking/SeedReports/unExternalTreasuryTransaction.rpt	ok	ExternalTreasuryTransaction	4	footer.rpt;header.rpt;pageheader.rpt;reportfooter.rpt		CRQE|ExternalTreasuryTransaction|	
layouts-copy:Reports/Inventory/UnitOfMeasurement.rpt	ok	UnitOfMeasurement	3	Footer.rpt;Header.rpt;PageHeader.rpt	paramCompName;ParamHeading	CRQE|UnitOfMeasurement|	
layouts-copy:Reports/Inventory/UnitOfMeasurementDMP.rpt	ok	UnitOfMeasurement	3	FooterDMP.rpt;HeaderDMP.rpt;PageHeaderDMP.rpt;ReportFooterDMP.rpt	paramCompName;ParamHeading	CRQE|UnitOfMeasurement|	
layouts-copy:Reports/RetailBanking/Clearing/UnpaidCheckReport.rpt	ok	UnpaidCheckReport	4	footer.rpt;header.rpt;pageheader.rpt;reportfooter.rpt	FromDate;ToDate;BranchName	CRQE|UnpaidCheckReport|	
xnet:Reports/RetailBanking/SeedReports/UnPassAccountReport.rpt	ok	unpassaccount	5	Footer.rpt;Header.rpt;PageHeader.rpt;ReportFooter.rpt	ADate	CRQE|UnPassAccount|	
layouts-copy:Reports/RetailBanking/UnPassAccountReportDMP.rpt	ok	unpassaccount	4	Footer.rpt;Header.rpt;PageHeader.rpt;ReportFooterDMP.rpt	ADate	CRQE|UnPassAccount|	
layouts-copy:Reports/RetailBanking/UnpassCashierTOCashierTran.rpt	ok	UnpassCashierTOCashierTran	3			CRQE|UnpassCashierTOCashierTran|	
layouts-copy:Reports/RetailBanking/UnpassCashierTOCashierTranDMP.rpt	ok	UnpassCashierTOCashierTran	3			CRQE|UnpassCashierTOCashierTran|	
layouts-copy:Reports/RetailBanking/UnPassDormantReactivation.rpt	ok	DormantReactivation	6			CRQE|DormantReactivation|	
layouts-copy:Reports/RetailBanking/UnPassedBatchReport.rpt	ok	unpassBatch	2	Footer.rpt;Header.rpt;PageHeader.rpt;ReportFooter.rpt	date	CRQE|UnPassBatch|	
layouts-copy:Reports/RetailBanking/UnPassedBatchReportDMP.rpt	ok	unpassBatch	2	FooterDMP.rpt;HeaderDMP.rpt;PageHeaderDMP.rpt;ReportFooterDMP.rpt	date	CRQE|UnPassBatch|	
layouts-copy:Reports/RetailBanking/SeedReports/UnPassedBatchReportDMPv1.rpt	ok	unpassBatch	2	FooterDMP.rpt;HeaderDMP.rpt;PageHeaderDMP.rpt;ReportFooterDMP.rpt	date	CRQE|UnPassBatch|	
xnet:Reports/RetailBanking/SeedReports/UnPassedBatchReportv1.rpt	ok	unpassBatch	2	Footer.rpt;Header.rpt;PageHeader.rpt;ReportFooter.rpt	date;@param	CRQE|UnPassBatch|	
layouts-copy:Reports/RetailBanking/UnPassedCallSweepAccTrfReport.rpt	ok	UnPassedCallSweepAccTrf	8			CRQE|UnPassedCallSweepAccTrf|	
layouts-copy:Reports/RetailBanking/UnPassedCallSweepAccTrfReportDMP.rpt	ok	UnPassedCallSweepAccTrf	8			CRQE|UnPassedCallSweepAccTrf|	
layouts-copy:Reports/RetailBanking/transaction/UnPassedCashierTransaction.rpt	ok	_UnPassedCashierTransaction	7	Footer.rpt;Header.rpt;PageHeader.rpt;ReportFooter.rpt	WorkingDate	CRQE|UnPassedCashierTransaction|	
layouts-copy:Reports/RetailBanking/transaction/UnPassedCashierTransactionDMP.rpt	ok	_UnPassedCashierTransaction	7	Footer.rpt;Header.rpt;PageHeader.rpt;ReportFooterDMP.rpt	WorkingDate	CRQE|UnPassedCashierTransaction|	
layouts-copy:Reports/RetailBanking/SeedReports/UnPassedCashierTransactionDMPv1.rpt	ok	_UnPassedCashierTransaction	8	Footer.rpt;Header.rpt;PageHeader.rpt;ReportFooterDMP.rpt	WorkingDate	CRQE|UnPassedCashierTransaction|	
layouts-copy:Reports/RetailBanking/SeedReports/UnPassedCashierTransactionv1.rpt	ok	_UnPassedCashierTransaction	8	Footer.rpt;Header.rpt;PageHeader.rpt;ReportFooter.rpt	WorkingDate;@param	CRQE|UnPassedCashierTransaction|	
xnet:Reports/RetailBanking/SeedReports/UnPassedReport.rpt	ok	unpassaccount	5	UnAuthCashSwapTran.rpt;UnAuthCstmsTran.rpt;UnAuthCstmsTranRev.rpt;UnAuthDCOutTran.rpt;UnAuthLendingSettlementTran.rpt;UnAuthLendingTran.rpt;UnAuthSFTIW.rpt;UnAuthSFTOW.rpt;UnAuthcashswapSettlement.rpt;allowdebittranaccounthead.rpt;footer.rpt;header.rpt;pageheader.rpt;unauthorizeadditionallimit.rpt;unauthorizeatmcardregistration.rpt;unauthorizebankercheque.rpt;unauthorizecashintransittran.rpt;unauthorizechargesreceivablerev.rpt;unauthorizeclassbyproductreport.rpt;unauthorizeclassificationreport.rpt;unauthorizeclientreport.rpt;unauthorizedLRABillPayReport.rpt;unauthorizedchequebookreq.rpt;unauthorizedforextradingtran.rpt;unauthorizedholdingamounttran.rpt;unauthorizedloancancellation.rpt;unauthorizedloandisbursementtran.rpt;unauthorizedloanrebate.rpt;unauthorizedloansettlement.rpt;unauthorizedloanwrittenoff.rpt;unauthorizedlocalfundtransfer.rpt;unauthorizedormantrec.rpt;unauthorizedoutwardreturntran.rpt;unauthorizedsavingcheckingaccountclosure.rpt;unauthorizedtreasurytran.rpt;unauthorizedwiretransaction.rpt;unauthorizeexcesswithdrawal.rpt;unauthorizefdmatpreclosing.rpt;unauthorizeforextran.rpt;unauthorizegovernmentrevenuetran.rpt;unauthorizegovtaxtran.rpt;unauthorizeinwardfileupdate.rpt;unauthorizeloanreshedule.rpt;unauthorizeloanwrittenoffreversetran.rpt;unauthorizelocalfundtransferrev.rpt;unauthorizemanagerchequereversal.rpt;unauthorizemanytomanytransaction.rpt;unauthorizememoonaccaddition.rpt;unauthorizeodreductiontran.rpt;unauthorizeoutwardtransaction.rpt;unauthorizepenalinterestrev.rpt;unauthorizesignimageupload.rpt;unauthorizestopchequepayment.rpt;unexternaltreasurytransaction.rpt;unpasscashiertocashiertran.rpt;unpasschqrevstoppay.rpt;unpasschqstoppayment.rpt;unpassedagclnacccls.rpt;unpassedcallsweepacctrfreport.rpt;unpassedecstrans.rpt;unpassedreportaccount.rpt;unpassedreportbatch.rpt;unpassedreportcashiertransaction.rpt;unpassedreportchequeissuetransaction.rpt;unpassedreportclearingtransaction.rpt;unpassedreportfdrtransaction.rpt;unpassedreportibttransaction.rpt;unpassedreportinwardclearinglottransaction.rpt;unpassedreportinwardreturntransaction.rpt;unpassedreportloanrepayment.rpt;unpassedreportpigmytransaction.rpt;unpassedreportstandinginstructionschedule.rpt;unpassedreporttransaction.rpt;unpassedsbcardaccountclosingreport.rpt;unpassedstatusmodiaccounts.rpt;unpasssitransaction.rpt	unPassedTransaction;unPassedFdrTransaction;unPassedBatch;unPassedCashierTransaction;unPassedInwardClearingLotTransaction;unPassedInwardReturnTransaction;unPassedChequeIssueTransaction;unPassStandingInstructionSchedule;CheckClearingTransactionBalance;unPassedAccount;unPassClearingTransaction;unPassedStatusModiAccounts;UnPassedAgentClientAccountClosingTransactionReport;UnPassedEcsTransactionReport;unPassChqStopPayment;unPassChqRevStopPay;UnPassedIBTTransaction;UnPassedPigmyTransaction;unPassedFDLoanRepayment;unPassedFdLoanSettlement;unPassedFdPaymentSchedule;unPassedFdIntOtherBank;unPassedFdIntPayment;unPassedFdDeposit;unPassedFDAutoTransfer;unPassedLoanDisbursement;unPassedDisbursementscheduled;unPassedFdTransaction;unPassSITransaction;UnpassCashierTOCashierTran;UnPassedReportLoanRepayment;UnPassedCallSweepAccTrf;UnpassedSBCAAccountClosing;UnAuthorizeBankerCheque;UnAuthorizeForexTransaction;UnAuthorizeOutwardTrasaction;UnAuthorizedTreasuryTran;UnAuthorizedWireTransaction;UnAuthorizedLocalFundTransfer;UnAuthorizedLoanDisbursementTran;UnAuthorizedSCAccountClosure;UnAuthorizedChequeBookReq;UnAuthorizedHoldingAmountTran;UnAuthorizedForexTradingTran;UnAuthorizedOutwardReturnTran;UnAuthorizeCashInTransitTran;unExternalTreasuryTransaction;UnAuthorizeAdditionalLimit;UnAuthorizeAllowDebitTransAccHead;UnAuthorizedLoanCancellation;UnAuthorizedLoanSettlement;UnAuthorizedLoanRebate;UnAuthorizedLoanWrittenOff;UnAuthorizedManyToManyTransaction;unauthorizedinwardfileupload;unauthorizeatmcardregistration;unauthorizesignimageupload;unauthorizestopchequepayment;unauthorizegovernmentrevenuetran;unauthorizemanagerchequereversal;unauthorizewrittenoffreversetran;unauthorizelocalfundtranferreversal;unauthorizeclientreport;unauthorizeodreduction;unauthorizechargesreceivablerev;unauthorizepenalinterestrev;unauthorizeexcesswithdrawal;unauthorizefdmatpreclosing;unauthorizememoonaccaddition;unauthorizeloanreshedule;unauthorizeclassreport;unauthorizeclassbyproductreport;unauthorizegovtaxtran;unauthorizedormantrec;billpayment;UnAuthorizecashswapsettlement;UnAuthorizecashswaptransaction;UnAuthDCOutTran;UnAuthCstmsTran;UnAuthCstmsTranRev;UnAuthLendingTran;UnAuthLendingSettlementTran;UnAuthSFTOW;UnAuthSFTIW	CRQE|AllowDebitTransAccHeadDetails.xsd|;CRQE|ExternalTreasuryTransaction|;CRQE|UnAuthcashswapSettlement|;CRQE|UnAuthCstmsTran|;CRQE|UnAuthCstmsTranRev|;CRQE|UnAuthDCOutTran|;CRQE|UnAuthLendingSettlementTran|;CRQE|UnAuthLendingTran|;CRQE|UnAuthorizeAdditionalLimit|;CRQE|UnAuthorizeATMCardRegistration|;CRQE|UnAuthorizeBankerCheque|;CRQE|UnAuthorizeCashInTransitTran|;CRQE|UnAuthorizeChargesReceivableRev|;CRQE|UnAuthorizeClassByProductReport|;CRQE|UnAuthorizeClassificationReport|;CRQE|UnAuthorizeClientReport|;CRQE|UnAuthorizedChequeBookReq|;CRQE|UnAuthorizedForexTradingTran|;CRQE|UnAuthorizedHoldingAmountTran|;CRQE|UnAuthorizedLoanCancellation|;CRQE|UnAuthorizedLoanDisbursementTran|;CRQE|UnAuthorizedLoanRebate|;CRQE|UnAuthorizedLoanSettlement|;CRQE|UnAuthorizedLocalFundTransfer|;CRQE|unauthorizedLRABillPaymentReport|;CRQE|UnAuthorizeDormantRec|;CRQE|UnAuthorizedOutwardReturnTran|;CRQE|UnAuthorizedSavingCheckingAccountClosure|;CRQE|UnAuthorizedTreasuryTran|;CRQE|UnAuthorizedWireTransaction|;CRQE|UnAuthorizeExcessWithdrawal|;CRQE|UnAuthorizeFDMatPreClosing|;CRQE|UnAuthorizeForexTran|;CRQE|UnAuthorizeGovernmentRevenueTran|;CRQE|UnAuthorizeGovTaxTran|;CRQE|UnAuthorizeInwardFileUpdate|;CRQE|UnAuthorizelLoanWrittenOff|;CRQE|UnAuthorizeLoanWrittenOffReverseTran|;CRQE|UnAuthorizeLocalFundTransferRev|;CRQE|UnAuthorizeManagerChequeReversal|;CRQE|UnAuthorizeManyToManyTransaction|;CRQE|UnAuthorizeMemoOnAccAddition|;CRQE|UnAuthorizeODReductionTran|;CRQE|UnAuthorizeOutwardTransaction|;CRQE|UnAuthorizeStopChequePayment|;CRQE|UnAuthSFTIW|;CRQE|UnAuthSFTOW|;CRQE|UnPassAccount|;CRQE|UnpassCashierTOCashierTran|;CRQE|unPassedAgClnAccCls|;CRQE|UnPassedCallSweepAccTrf|;CRQE|unPassedCashierTransaction|;CRQE|unPassedChequeIssueTransaction|;CRQE|unPassedEcsTrans|;CRQE|UnPassedFdrTransaction|;CRQE|unPassedInwardClearingLotTransaction|;CRQE|UnPassedReportBatch|;CRQE|UnPassedReportClearingTransaction|;CRQE|UnPassedReportLoanRepayment|;CRQE|UnPassedSBCARDAccountClosing|;CRQE|unPassedStandingInstructionSchedule|;CRQE|unPassInwardReturnTransaction|;CRQE|unPassSITransaction|;CRQE|UnPassTransaction|	
layouts-copy:Reports/RetailBanking/UnPassedReportAccountDMP.rpt	ok	unpassaccount	5			CRQE|UnPassAccount|	
layouts-copy:Reports/RetailBanking/unPassedReportCashierTransaction.rpt	ok	unPassedCashierTransaction	6			CRQE|unPassedCashierTransaction|	
layouts-copy:Reports/RetailBanking/unPassedReportCashierTransactionDMP.rpt	ok	unPassedCashierTransaction	6			CRQE|unPassedCashierTransaction|	
layouts-copy:Reports/RetailBanking/SeedReports/UnPassedReportClearingTransaction.rpt	ok	UnPassedReportClearingTransaction	13			CRQE|UnPassedReportClearingTransaction|	
layouts-copy:Reports/RetailBanking/UnPassedReportDMP.rpt	ok	unpassaccount	4	FooterDMP.rpt;HeaderDMP.rpt;PageHeaderDMP.rpt;UnPassedCallSweepAccTrfReportDMP.rpt;UnPassedReportAccountDMP.rpt;UnPassedReportBatchDMP.rpt;UnPassedReportClearingTransactionDMP.rpt;UnPassedReportFdrTransactionDMP.rpt;UnPassedReportIBTTransactionDMP.rpt;UnPassedReportLoanRepaymentDMP.rpt;UnPassedReportPigmyTransactionDMP.rpt;UnPassedReportTransactionDMP.rpt;UnPassedSBCARDAccountClosingReportDMP.rpt;UnpassCashierTOCashierTranDMP.rpt;unPassChqRevStopPayDMP.rpt;unPassChqStopPaymentDMP.rpt;unPassSITransactionDMP.rpt;unPassedAgClnAccClsDMP.rpt;unPassedEcsTransDMP.rpt;unPassedReportCashierTransactionDMP.rpt;unPassedReportChequeIssueTransactionDMP.rpt;unPassedReportInwardClearingLotTransactionDMP.rpt;unPassedReportInwardReturnTransactionDMP.rpt;unPassedReportStandingInstructionScheduleDMP.rpt;unPassedStatusModiAccountsDMP.rpt	unPassedTransaction;unPassedFdrTransaction;unPassedBatch;unPassedCashierTransaction;unPassedInwardClearingLotTransaction;unPassedInwardReturnTransaction;unPassedChequeIssueTransaction;unPassStandingInstructionSchedule;CheckClearingTransactionBalance;unPassClearingTransaction;unPassedStatusModiAccounts;UnPassedAgentClientAccountClosingTransactionReport;UnPassedEcsTransactionReport;unPassChqStopPayment;unPassChqRevStopPay;UnPassedIBTTransaction;UnPassedPigmyTransaction;unPassSITransaction;UnpassCashierTOCashierTran;UnPassedReportLoanRepayment;unPassedAccount;UnPassedCallSweepAccTrf;UnpassedSBCAAccountClosing	CRQE|UnPassAccount|;CRQE|UnpassCashierTOCashierTran|;CRQE|unPassedAgClnAccCls|;CRQE|UnPassedCallSweepAccTrf|;CRQE|unPassedCashierTransaction|;CRQE|unPassedChequeIssueTransaction|;CRQE|unPassedEcsTrans|;CRQE|UnPassedFdrTransaction|;CRQE|unPassedInwardClearingLotTransaction|;CRQE|UnPassedReportBatch|;CRQE|UnPassedReportClearingTransaction|;CRQE|UnPassedReportLoanRepayment|;CRQE|UnPassedSBCARDAccountClosing|;CRQE|unPassedStandingInstructionSchedule|;CRQE|unPassInwardReturnTransaction|;CRQE|unPassSITransaction|;CRQE|UnPassTransaction|	
layouts-copy:Reports/RetailBanking/UnPassedReportFdrTransaction.rpt	ok	UnPassedFdrTransaction	7			CRQE|UnPassedFdrTransaction|	
layouts-copy:Reports/RetailBanking/UnPassedReportFdrTransactionDMP.rpt	ok	UnPassedFdrTransaction	7			CRQE|UnPassedFdrTransaction|	
layouts-copy:Reports/RetailBanking/UnPassedReportLoanRepayment.rpt	ok	UnPassedReportLoanRepayment	9			CRQE|UnPassedReportLoanRepayment|	
layouts-copy:Reports/RetailBanking/UnPassedReportLoanRepaymentDMP.rpt	ok	UnPassedReportLoanRepayment	9			CRQE|UnPassedReportLoanRepayment|	
layouts-copy:Reports/RetailBanking/UnPassedReportTransaction.rpt	ok	UnPassTransaction	7			CRQE|UnPassTransaction|	
layouts-copy:Reports/RetailBanking/UnPassedReportTransactionDMP.rpt	ok	UnPassTransaction	7			CRQE|UnPassTransaction|	
layouts-copy:Reports/RetailBanking/UnPassedSBCARDAccountClosingReport.rpt	ok	UnPassedSBCARDAccountClosing	8			CRQE|UnPassedSBCARDAccountClosing|	
layouts-copy:Reports/RetailBanking/unPassSITransaction.rpt	ok	unPassSITransaction	4			CRQE|unPassSITransaction|	
layouts-copy:Reports/RetailBanking/unPassSITransactionDMP.rpt	ok	unPassSITransaction	4			CRQE|unPassSITransaction|	
xnet:Reports/RetailBanking/SeedReports/UnPassTransactionReport.rpt	ok	UnPassTransaction	8	Footer.rpt;Header.rpt;PageHeader.rpt	UDate	CRQE|UnPassTransaction|	
layouts-copy:Reports/RetailBanking/UnPassTransactionReportDMP.rpt	ok	UnPassTransaction	7	FooterDMP.rpt;HeaderDMP.rpt;PageHeaderDMP.rpt	UDate	CRQE|UnPassTransaction|	
layouts-copy:Reports/Reconciliation/UnRecInterBrAdjEntrReport.rpt	ok	UnRecInterBrAdjEntrReport	7	Footer.rpt;Header.rpt;PageHeader.rpt;ReportFooter.rpt	AsOnDate;BranchName;FromDate;IsExlude0To3Months	CRQE|UnRecInterBrAdjEntrReport|	
xnet:Reports/Reconciliation/UnRecInterBrAdjEntrReportDMP.rpt	ok	UnRecInterBrAdjEntrReport	7	FooterDMP.rpt;HeaderDMP132.rpt;PageHeaderDMP132.rpt;ReportFooterDMP132.rpt	AsOnDate;BranchName;FromDate;IsExlude0To3Months	CRQE|UnRecInterBrAdjEntrReport|	
xnet:Reports/RetailBanking/loan/UpcomingMaturityLoans.rpt	ok	UpcomingMaturityLoans	7	CriteriaSubReport.rpt;Footer.rpt;Header.rpt;PageHeader.rpt;ReportFooter.rpt	FromDate;ToDate;BranchName	CRQE|Document|	
layouts-copy:Reports/RetailBanking/loan/UpcomingMaturityLoansDMP.rpt	ok	UpcomingMaturityLoans	7	CriteriaSubReportDMP.rpt;FooterDMP.rpt;HeaderDMP.rpt;PageHeaderDMP.rpt;ReportFooterDMP.rpt	FromDate;ToDate	CRQE|Document|	
xnet:Reports/Admin/UserAccessStatus.rpt	ok	UserAccessStatus	7	Footer.rpt;Header.rpt;PageHeader.rpt;ReportFooter.rpt		CRQE|UserAccessStatus|	
layouts-copy:Reports/HelpDesk/UserActivity.rpt	ok	UserActivity	9	Footer.rpt;HeaderDMP.rpt;PageHeaderDMP.rpt;ReportFooterDMP.rpt	AssetValue;Name;Currency;FromDate;ToDate	CRQE|UserActivity|	
layouts-copy:Reports/RetailBanking/LC/UserdefinedLCLetter.rpt	ok	OverdueLetter	1	Footer.rpt;Header.rpt;PageHeader.rpt;ReportFooter.rpt	LetterHead	CRQE|UserdefinedOverdueLetter|	
layouts-copy:Reports/Admin/UserRights.rpt	ok	UserRights	5	Footer.rpt;Header.rpt;PageHeader.rpt	Module	CRQE|UserRights|	
xnet:Reports/Admin/UserRightsRevoke.rpt	ok	UserRightsRevoke	6	Footer.rpt;Header.rpt;PageHeader.rpt;ReportFooter.rpt		CRQE|UserRightsRevoke|	
xnet:Reports/RetailBanking/SeedReports/UserStatusReport.rpt	ok	UserStatusReport	10	footer.rpt;header.rpt;pageheader.rpt	Currency;BranchName	CRQE|UserStatusReport|	
layouts-copy:Reports/RetailBanking/SeedReports/VaultMovmentReport.rpt	ok	VaultMovment	12	Footer.rpt;Header.rpt;PageHeader.rpt;ReportFooter.rpt	FromDate;ToDate	CRQE|VaultMovment|	
layouts-copy:Reports/RetailBanking/SeedReports/VaultMovmentReportDMP.rpt	ok	VaultMovment	12	FooterDMP.rpt;HeaderDMP.rpt;PageHeaderDMP.rpt;ReportFooterDMP.rpt	FromDate;ToDate	CRQE|VaultMovment|	
xnet:Reports/RetailBanking/VoucherStasticsReport.rpt	ok	CashBookDetails	10	Footer.rpt;Header.rpt;PageHeader.rpt;ReportFooter.rpt	CashBookDate;TotalDrCash;TotalDrTransfer;TotalCrCash;TotalCrTransfer;ProvClosing;ProvOpening;ProvDrCash;ProvDrTransfer;ProvCrCash;ProvCrTransfer;TotalDrClearing;ProvDrClearing;TotalCrClearing;ProvCrClearing	CRQE|CashBookDetails|	
layouts-copy:Reports/CBLReports/WBR100_I.rpt	ok	WBR100_I	5	Footer.rpt;Header.rpt;PageHeader.rpt	AsOnDate;AmtIn;SrNo	CRQE|WBR100_I|	
layouts-copy:Reports/CBLReports/WBR100_II.rpt	ok	WBR100_II	9	Footer.rpt	AsOnDate;AmtIn;SrNo	CRQE|WBR100_II|	
xnet:Reports/RetailBanking/WireTransaction.rpt	ok	WireTransaction	21	Footer.rpt;Header.rpt;PageHeader.rpt;ReportFooter.rpt	FromDate;ToDate;Curreny;BranchName	CRQE|WireTransaction|	
xnet:Reports/RetailBanking/Transaction/WireTransactionReportPopup.rpt	ok	WireTransactionReportPopup	39	Footer.rpt;Header.rpt;PageHeader.rpt;ReportFooter.rpt	BranchName;CurrencyCode	CRQE|WireTransactionReportPopup|	
layouts-copy:Reports/RetailBanking/loan/WrittenOffandRescheduledLoansReport.rpt	ok	WrittenOffandRescheduledLoansReport	5	CriteriaSubReport.rpt;Footer.rpt;Header.rpt;PageHeader.rpt;ReportFooter.rpt	pmToDate;pmFromDate	CRQE|WrittenOffandRescheduledLoansReport|	
layouts-copy:Reports/RetailBanking/loan/WrittenOffandRescheduledLoansReportDMP.rpt	ok	WrittenOffandRescheduledLoansReport	5	CriteriaSubReportDMP.rpt;FooterDMP.rpt;HeaderDMP.rpt;PageHeaderDMP.rpt;ReportFooterDMP.rpt	pmToDate;pmFromDate	CRQE|WrittenOffandRescheduledLoansReport|	
layouts-copy:Reports/Inventory/YearlyDepriciation.rpt	ok	element1	4	Footer.rpt;Header.rpt;PageHeader.rpt		CRQE|YearlyDepriciation|	
layouts-copy:Reports/Inventory/YearlyDepriciationDMP.rpt	ok	element1	4	FooterDMP.rpt;HeaderDMP.rpt;PageHeaderDMP.rpt;ReportFooterDMP.rpt		CRQE|YearlyDepriciation|	
