MenuModule	MenuModules	MenuRows	MenuActive	Folder	SubArea	Screen	RelativePath	Category	Complexity	Score	LegacyBucket	AspxLoc	VbLoc	Controls	Grids	Inputs	Buttons	ProcCount	Writes	ClientAssets	MigratedTo	Procs
(not in menu)		0		(root)		ad_ajax_dac.aspx	ad_ajax_dac.aspx	Handler / API / Ajax	Simple	0.75	Simple	17	113	0	0	0	0	0				
(not in menu)		0		(root)		apperror.aspx	apperror.aspx	Client-rendered / Other	Simple	0.28	Simple	20	30	2	0	0	0	0				
Retail and Corporate Operations	Retail and Corporate Operations	1		(root)		customised_reports.aspx	customised_reports.aspx	Report	Report	2.73	Report	42	139	10	1	1	1	1				pr_g_getcustomisedrpt
(not in menu)		0		(root)		DashBoard.aspx	DashBoard.aspx	Client-rendered / Other	Simple	0.21	Simple	8	19	2	0	0	0	0				
(not in menu)		0		(root)		dosprint.aspx	dosprint.aspx	Handler / API / Ajax	Simple	0.54	Simple	23	6	0	0	0	0	0		yes		
(not in menu)		0		(root)		Index.aspx	Index.aspx	Transaction / Entry	Simple	2.41	Simple	170	145	6	0	2	1	2	yes			pr_dashboard_getbranchlist;pr_dashboard_getcurrency
(not in menu)		0		(root)		KeyHelp.aspx	KeyHelp.aspx	Client-rendered / Other	Simple	0.1	Simple	9	9	1	0	0	0	0				
(not in menu)		0		(root)		Login.aspx	Login.aspx	Client-rendered / Other	Simple	1.41	Simple	426	109	17	0	3	4	0				
(not in menu)		0		(root)		logout.aspx	logout.aspx	Handler / API / Ajax	Simple	0.15	Simple	17	22	0	0	0	0	0				
(not in menu)		0		(root)		logout_rsrv.aspx	logout_rsrv.aspx	Handler / API / Ajax	Simple	0.15	Simple	17	22	0	0	0	0	0				
(not in menu)		0		ajax		common.aspx	ajax/common.aspx	Handler / API / Ajax	Simple	0.95	Medium	1	143	0	0	0	0	0				
(not in menu)		0		ajax		commonv1.aspx	ajax/commonv1.aspx	Handler / API / Ajax	Simple	0.75	Medium	4	112	0	0	0	0	0				
(not in menu)		0		Authentication		ChooseModule.aspx	Authentication/ChooseModule.aspx	Search / List / Inquiry	Medium	5.71	Simple	157	425	7	1	2	1	3				pr_a_getmodules;pr_a_passwordexpiryalert;pr_x_getsessionvariablesbyorgid
(not in menu)		0		Authentication		MainMenu.aspx	Authentication/MainMenu.aspx	Client-rendered / Other	Simple	1.34	Simple	64	99	2	0	0	0	1				pr_a_passwordexpiryalert
(not in menu)		0		Authentication		SwitchModule.aspx	Authentication/SwitchModule.aspx	Client-rendered / Other	Simple	1.78	Simple	91	147	5	0	2	2	1				pr_a_getmodules
(not in menu)		0		CBLTemplates		CBL_CBOFSAR001.aspx	CBLTemplates/CBL_CBOFSAR001.aspx	CRUD master	Complex	18.59	Medium	317	2092	76	2	25	9	0	yes			
(not in menu)		0		CBLTemplates		CBL_CBOFSAR002.aspx	CBLTemplates/CBL_CBOFSAR002.aspx	CRUD master	Complex	23.07	Medium	610	2506	79	4	25	12	0	yes			
(not in menu)		0		CBLTemplates		CBL_CBOFSAWR001.aspx	CBLTemplates/CBL_CBOFSAWR001.aspx	CRUD master	Medium	11.21	Medium	269	1256	51	1	16	5	0	yes			
(not in menu)		0		CBLTemplates		CBL_CBOFSAWR002.aspx	CBLTemplates/CBL_CBOFSAWR002.aspx	CRUD master	Medium	9.66	Medium	257	1059	45	1	14	5	0	yes			
(not in menu)		0		CBLTemplates		CBL_CBOFSAWR003.aspx	CBLTemplates/CBL_CBOFSAWR003.aspx	CRUD master	Complex	12.88	Medium	453	1410	67	1	21	5	0	yes			
(not in menu)		0		CBLTemplates		CBL_CBOFSAWR004.aspx	CBLTemplates/CBL_CBOFSAWR004.aspx	CRUD master	Medium	9.54	Medium	379	1029	47	1	13	5	0	yes			
(not in menu)		0		CBLTemplates		CBL_CBOFSAWR005.aspx	CBLTemplates/CBL_CBOFSAWR005.aspx	CRUD master	Complex	13.29	Medium	268	1448	71	1	25	5	0	yes			
(not in menu)		0		CBLTemplates		CBL_CBOFSAWR006.aspx	CBLTemplates/CBL_CBOFSAWR006.aspx	CRUD master	Medium	9.81	Medium	284	1064	48	1	15	5	0	yes			
(not in menu)		0		CBLTemplates		CBL_CBOFSAWR007.aspx	CBLTemplates/CBL_CBOFSAWR007.aspx	CRUD master	Medium	8.61	Medium	238	919	42	1	13	5	0	yes			
(not in menu)		0		CBLTemplates		CBL_CBOFSAWR008.aspx	CBLTemplates/CBL_CBOFSAWR008.aspx	CRUD master	Medium	10.38	Medium	208	1161	46	1	12	5	0	yes			
(not in menu)		0		CBLTemplates		CBL_CBOFSAWR009.aspx	CBLTemplates/CBL_CBOFSAWR009.aspx	CRUD master	Medium	6.83	Medium	123	754	25	1	6	5	0	yes			
(not in menu)		0		CBLTemplates		CBL_CBOFSAWR010.aspx	CBLTemplates/CBL_CBOFSAWR010.aspx	CRUD master	Complex	21.49	Medium	627	2390	99	2	31	7	0	yes			
(not in menu)		0		CBLTemplates		CBL_CBOFSDR004.aspx	CBLTemplates/CBL_CBOFSDR004.aspx	CRUD master	Complex	12.33	Medium	222	1357	62	1	9	7	0	yes			
(not in menu)		0		CBLTemplates		CBL_CBOFSDS002.aspx	CBLTemplates/CBL_CBOFSDS002.aspx	CRUD master	Medium	7.83	Medium	165	863	32	1	6	5	0	yes			
(not in menu)		0		CBLTemplates		CBL_CBOFSDS003.aspx	CBLTemplates/CBL_CBOFSDS003.aspx	CRUD master	Medium	7.83	Medium	166	863	32	1	6	5	0	yes			
(not in menu)		0		CBLTemplates		CBL_CBOFSMR024.aspx	CBLTemplates/CBL_CBOFSMR024.aspx	CRUD master	Medium	11.52	Medium	176	1194	34	2	7	8	1	yes			pr_rp_createreporttreev1
(not in menu)		0		CBLTemplates		CBL_CBOFSMS005.aspx	CBLTemplates/CBL_CBOFSMS005.aspx	CRUD master	Medium	10.77	Medium	307	1153	57	1	10	5	0	yes			
(not in menu)		0		CBLTemplates		CBL_CBOFSMS006.aspx	CBLTemplates/CBL_CBOFSMS006.aspx	CRUD master	Complex	44.89	Medium	827	4957	176	6	67	20	0	yes			
(not in menu)		0		CBLTemplates		CBL_CBOFSMS010.aspx	CBLTemplates/CBL_CBOFSMS010.aspx	CRUD master	Medium	10.02	Medium	320	1113	45	1	12	5	0	yes			
(not in menu)		0		CBLTemplates		CBL_CBOFSMS027.aspx	CBLTemplates/CBL_CBOFSMS027.aspx	CRUD master	Medium	6.26	Medium	142	687	22	1	4	5	0	yes			
(not in menu)		0		CBLTemplates		CBL_CBOFSMS028.aspx	CBLTemplates/CBL_CBOFSMS028.aspx	CRUD master	Medium	6.23	Medium	150	665	25	1	4	5	0	yes			
(not in menu)		0		CBLTemplates		CBL_CBOFSMS029.aspx	CBLTemplates/CBL_CBOFSMS029.aspx	CRUD master	Medium	6.25	Medium	150	668	25	1	4	5	0	yes			
(not in menu)		0		CBLTemplates		CBL_CBOFSQR002.aspx	CBLTemplates/CBL_CBOFSQR002.aspx	CRUD master	Medium	10.43	Medium	239	1211	39	1	11	4	0	yes			
(not in menu)		0		CBLTemplates		CBL_CBOFSQR003.aspx	CBLTemplates/CBL_CBOFSQR003.aspx	CRUD master	Complex	13.14	Medium	1049	1395	56	2	19	6	0	yes			
(not in menu)		0		CBLTemplates		CBL_CBOFSQR007.aspx	CBLTemplates/CBL_CBOFSQR007.aspx	CRUD master	Complex	13.9	Medium	296	1479	61	2	15	9	0	yes			
(not in menu)		0		CBLTemplates		CBL_CBOFSQR009.aspx	CBLTemplates/CBL_CBOFSQR009.aspx	CRUD master	Complex	30.49	Medium	1155	3205	108	6	35	18	0	yes			
(not in menu)		0		CBLTemplates		CBL_CBOFSQR010.aspx	CBLTemplates/CBL_CBOFSQR010.aspx	CRUD master	Complex	15.1	Medium	235	1683	42	2	11	8	1	yes			pr_rp_createreporttreev1
(not in menu)		0		CBLTemplates		CBL_CBOFSQR011.aspx	CBLTemplates/CBL_CBOFSQR011.aspx	CRUD master	Medium	8.58	Medium	174	927	25	1	6	5	1	yes			pr_rp_createreporttreev1
(not in menu)		0		CBLTemplates		CBL_CBOFSQR013.aspx	CBLTemplates/CBL_CBOFSQR013.aspx	CRUD master	Medium	5.64	Medium	131	612	19	1	2	4	0	yes			
(not in menu)		0		CBLTemplates		CBL_CBOFSQR019.aspx	CBLTemplates/CBL_CBOFSQR019.aspx	CRUD master	Complex	36.63	Medium	810	3496	173	8	21	25	0	yes			
(not in menu)		0		CBLTemplates		CBL_CBOFSQR020.aspx	CBLTemplates/CBL_CBOFSQR020.aspx	CRUD master	Complex	32.85	Medium	864	2971	206	6	25	21	0	yes			
(not in menu)		0		CBLTemplates		CBL_CBOFSQR021.aspx	CBLTemplates/CBL_CBOFSQR021.aspx	CRUD master	Complex	30.85	Medium	909	2666	207	6	25	21	0	yes			
(not in menu)		0		CBLTemplates		CBL_CBOFSQR022.aspx	CBLTemplates/CBL_CBOFSQR022.aspx	CRUD master	Complex	32.39	Medium	853	2974	194	6	25	21	0	yes			
(not in menu)		0		CBLTemplates		CBL_CBOFSQR023.aspx	CBLTemplates/CBL_CBOFSQR023.aspx	CRUD master	Complex	29.9	Medium	924	2571	199	6	25	19	0	yes			
(not in menu)		0		CBLTemplates		CBL_CBOFSQR024.aspx	CBLTemplates/CBL_CBOFSQR024.aspx	CRUD master	Complex	30.95	Medium	893	2626	216	6	25	19	0	yes			
(not in menu)		0		CBLTemplates		CBL_CBOFSQR025.aspx	CBLTemplates/CBL_CBOFSQR025.aspx	CRUD master	Medium	6.16	Medium	243	690	19	1	2	3	0	yes			
(not in menu)		0		CBLTemplates		CBL_CBOFSQR026.aspx	CBLTemplates/CBL_CBOFSQR026.aspx	CRUD master	Complex	24.63	Medium	1842	2561	149	2	37	9	0	yes			
(not in menu)		0		CBLTemplates		CBL_CBOFSQR027.aspx	CBLTemplates/CBL_CBOFSQR027.aspx	CRUD master	Medium	10.73	Medium	399	1184	51	1	14	4	0	yes			
(not in menu)		0		CBLTemplates		CBL_CBOFSQR028.aspx	CBLTemplates/CBL_CBOFSQR028.aspx	CRUD master	Complex	20.71	Medium	825	2249	103	2	32	8	0	yes			
(not in menu)		0		CBLTemplates		CBL_CBOFSQR029.aspx	CBLTemplates/CBL_CBOFSQR029.aspx	CRUD master	Complex	18.39	Medium	415	2002	86	2	33	8	0	yes			
(not in menu)		0		CBLTemplates		CBL_CBOFSSAR004.aspx	CBLTemplates/CBL_CBOFSSAR004.aspx	CRUD master	Medium	9.99	Medium	178	1078	50	1	14	5	0	yes			
(not in menu)		0		CBLTemplates		CBL_CBOFSWR002.aspx	CBLTemplates/CBL_CBOFSWR002.aspx	CRUD master	Medium	5.85	Medium	245	607	25	1	3	5	0	yes			
(not in menu)		0		CBLTemplates		CBL_CBOFSWR004.aspx	CBLTemplates/CBL_CBOFSWR004.aspx	CRUD master	Medium	9.95	Medium	285	1121	42	1	5	7	0	yes			
(not in menu)		0		CBLTemplates		CBL_CBOFSWS003.aspx	CBLTemplates/CBL_CBOFSWS003.aspx	CRUD master	Medium	6.63	Medium	227	730	24	1	4	5	0	yes			
Retail and Corporate Operations	(module 0 — not in a_Module);Retail and Corporate Operations	7	yes	CBLTemplates		CBLTemplates.aspx	CBLTemplates/CBLTemplates.aspx	Client-rendered / Other	Medium	4.09	Medium	134	284	55	0	7	1	0				
Retail and Corporate Operations	Retail and Corporate Operations	1	yes	config		connectedUsers.aspx	config/connectedUsers.aspx	Search / List / Inquiry	Simple	3.03	Medium	77	137	18	1	2	2	1			/Administration/ConnectedUsers	pr_g_getconnectedusers
(not in menu)		0		CustomerCare		AmortizationChart.aspx	CustomerCare/AmortizationChart.aspx	Search / List / Inquiry	Medium	6.11	Medium	219	328	38	3	0	1	0				
Internet Banking	Internet Banking	1	yes	Helpdesk		AllRequestStatus.aspx	Helpdesk/AllRequestStatus.aspx	Transaction / Entry	Medium	8.91	Medium	97	952	19	0	4	1	3	yes			pr_hd_b_getaccounts;pr_hd_getrequestdetailsbyid;pr_hd_stoppaymentrangeofcheck
Internet Banking	Internet Banking	1	yes	Helpdesk		AllTradeFinanceRequest.aspx	Helpdesk/AllTradeFinanceRequest.aspx	CRUD master	Medium	9.69	Medium	269	494	55	3	2	4	3	yes			pr_hd_getallbgapplication;pr_hd_getalllcapplication;pr_hd_getallsgapplication
(not in menu)		0		Helpdesk		AllTradeFinanceRequestInfo.aspx	Helpdesk/AllTradeFinanceRequestInfo.aspx	Client-rendered / Other	Medium	5.75	Medium	356	269	54	0	0	3	3				pr_hd_getallbgapplicationdetails;pr_hd_getalllcapplicationdetails;pr_hd_getallsgapplicationdetails
Internet Banking	Internet Banking	1	yes	Helpdesk		hd_AllRequest.aspx	Helpdesk/hd_AllRequest.aspx	CRUD master	Complex	16.12	Medium	313	1308	45	1	9	5	8	yes			pr_al_getstatusofrequestid;pr_getloanappinfo;pr_hd_getallrequest;pr_hd_getchequebookissuedstatus;pr_selectloanappdetails;pr_x_chequestoppaymentsave;pr_x_passchequebook;pr_x_savechequebookdetails
(not in menu)		0		Helpdesk		hd_AllRequestInfo.aspx	Helpdesk/hd_AllRequestInfo.aspx	Search / List / Inquiry	Complex	13.79	Medium	851	742	156	1	0	11	3				pr_hd_allrequestdetails;pr_hd_allrequestfullchequedetails;pr_hd_requeststoppaymentrangeofcheque
(module 0 — not in a_Module)	(module 0 — not in a_Module)	1	yes	Helpdesk		hd_ApprovalAuthority.aspx	Helpdesk/hd_ApprovalAuthority.aspx	CRUD master	Complex	13.57	Medium	189	926	50	3	5	4	5	yes			pr_hd_approvalauthority;pr_hd_getattacheduser;pr_hd_getusersforapprovallevel;pr_hd_nonindaccounts;pr_hd_savedefaultmenu
Internet Banking	Internet Banking	1	yes	Helpdesk		hd_EmailConfig.aspx	Helpdesk/hd_EmailConfig.aspx	CRUD master	Medium	6.73	Medium	136	631	28	1	7	6	1	yes			pr_hd_getemailconfig
Internet Banking	Internet Banking	1	yes	Helpdesk		hd_LoginProfileSchTranMap.aspx	Helpdesk/hd_LoginProfileSchTranMap.aspx	Search / List / Inquiry	Medium	4.22	Medium	119	291	22	1	2	3	1				pr_hd_loginprofileschtranmap
Internet Banking	Internet Banking	1	yes	Helpdesk		hd_LoginText.aspx	Helpdesk/hd_LoginText.aspx	CRUD master	Medium	8.86	Medium	149	435	34	2	3	12	5	yes			pr_hd_logintext;pr_hd_logintext_delete;pr_hd_logintext_search;pr_hd_logintext_subtext;pr_hd_logintext_subtext_search
(module 0 — not in a_Module)	(module 0 — not in a_Module)	1	yes	Helpdesk		hd_PostBatch.aspx	Helpdesk/hd_PostBatch.aspx	Batch / Process	Complex	12.93	Medium	280	920	35	3	0	2	5	yes			pr_hd_crudbatch;pr_x_gettargetcurrencyvalue;pr_x_interbranchtransaction;pr_x_ischeckaccnoexist;pr_x_transaction
(not in menu)		0		Helpdesk		hd_ResetPassword.aspx	Helpdesk/hd_ResetPassword.aspx	CRUD master	Medium	6.98	Medium	239	459	33	1	7	3	3	yes			pr_hd_getaccountsbycustid;pr_hd_getemailsmstext;pr_hd_save_forgetpassword
Internet Banking	Internet Banking	1	yes	Helpdesk		hd_UserRelease.aspx	Helpdesk/hd_UserRelease.aspx	CRUD master	Medium	4.7	Medium	103	273	22	1	4	3	2	yes			pr_hd_getblockeduser;pr_hd_saveuserrelease
(not in menu)		0		Helpdesk		hd_UserRights.aspx	Helpdesk/hd_UserRights.aspx	Transaction / Entry	Medium	5.39	Medium	210	461	13	0	2	3	3	yes			pr_hd_getmenulist;pr_hd_getmultiloginaccounts;pr_hd_saveuserrights
(module 0 — not in a_Module)	(module 0 — not in a_Module)	1	yes	Helpdesk		hd_ViewBatch.aspx	Helpdesk/hd_ViewBatch.aspx	Batch / Process	Medium	4.94	Medium	137	99	32	3	0	1	1				pr_hd_crudbatch
Internet Banking	Internet Banking	1	yes	Helpdesk		HelpDeskPasswordPolicyConfig.aspx	Helpdesk/HelpDeskPasswordPolicyConfig.aspx	Transaction / Entry	Medium	6.33	Medium	274	505	59	0	9	2	1	yes			pr_a_getloginpolicydate
Internet Banking	Internet Banking	1	yes	Helpdesk		MapHelpDeskAccounts.aspx	Helpdesk/MapHelpDeskAccounts.aspx	CRUD master	Complex	46.43	Medium	392	4913	107	2	23	10	13	yes			pr_b_getmaphelpdeskaccount;pr_hd_checkindividualentry;pr_hd_get_validateuser;pr_hd_getaccountsbycustid;pr_hd_getadditionalmappedclients;pr_hd_getattacheduser;pr_hd_getemailofdirectors;pr_hd_getemailsmstext;pr_hd_nonindaccounts;pr_hd_save_loginemaillog;pr_hd_savedefaultmenu;pr_hd_updatehd_login;pr_x_r_getcustomernamebychartofaccount
(module 0 — not in a_Module)	(module 0 — not in a_Module)	1	yes	HO		b_CashInTransitMapping.aspx	HO/b_CashInTransitMapping.aspx	Client-rendered / Other	Medium	4.09	Simple	112	542	12	0	0	6	0	yes			
(not in menu)		0		HO		b_ChargesConfig.aspx	HO/b_ChargesConfig.aspx	CRUD master	Complex	17.33	Simple	372	2077	52	1	15	6	1	yes			pr_b_logchargesconfig
(not in menu)		0		HO		b_ChargesConfigslab.aspx	HO/b_ChargesConfigslab.aspx	CRUD master	Medium	5.36	Simple	218	510	29	1	4	6	0	yes			
Central Administration	Central Administration	1	yes	HO		b_ChargesMaster.aspx	HO/b_ChargesMaster.aspx	CRUD master	Complex	19.25	Simple	483	1555	127	1	16	8	5	yes			pr_b_deletechargesmaster;pr_b_savechargesmaster;pr_b_sb_chargesmasterid;pr_b_sb_getchargesmaster;pr_g_getaccountheadv2
Retail and Corporate Operations	Retail and Corporate Operations	1	yes	HO		b_ClientBlackList.aspx	HO/b_ClientBlackList.aspx	CRUD master	Complex	14.61	Simple	277	1004	53	2	8	14	7	yes			pr_b_sb_getblacklistclient;pr_g_getclientdetails;pr_h_deleteclientblacklist;pr_h_insertclientblacklist;pr_h_sb_getblacklistclient;pr_h_sb_glietblacklistcent;pr_p_getlcmemberslist
(module 0 — not in a_Module)	(module 0 — not in a_Module)	2	yes	HO		b_ClientBlackListRemover.aspx	HO/b_ClientBlackListRemover.aspx	CRUD master	Complex	13.6	Simple	151	1224	36	2	1	14	4	yes			pr_b_sb_accountagent;pr_b_sb_getblacklistclientremover;pr_g_getclientdetails;pr_h_sb_getblacklistclientremover
(not in menu)		0		HO		b_ClientCKYCR_V1.aspx	HO/b_ClientCKYCR_V1.aspx	CRUD master	Complex	116.39	Simple	3018	13030	413	8	159	13	11	yes			pr_g_clienttdsstatus;pr_g_dulicatedetails;pr_g_getcity;pr_g_getglobalclientbyid;pr_g_saveclientmodificationlog;pr_g_savelocalclient;pr_g_sb_getglobalclientname;pr_g_sb_getglobalclientnameforkyc;pr_kyc_validateglobalclientdocuploaded;pr_kyc_validateguardianclientdetails;pr_x_getglobalclientgaurdian
(not in menu)		0		HO		b_ClientSTRInfo.aspx	HO/b_ClientSTRInfo.aspx	CRUD master	Simple	3.07	Simple	86	281	10	1	2	3	0	yes			
Retail and Corporate Operations	Retail and Corporate Operations	3	yes	HO		b_ClientV2.aspx	HO/b_ClientV2.aspx	CRUD master	Complex	140.43	Simple	4446	13912	702	14	155	34	14	yes			pr_b_calculateriskrating;pr_b_validateclientstatusupdate;pr_g_dulicatedetails;pr_g_getcity;pr_g_getcustomerinformation;pr_g_getglobalclientbyid;pr_g_getresponse;pr_g_getresponsedetails;pr_g_saveclientamlinfo;pr_g_savelocalclient;pr_g_sb_getglobalclientname;pr_g_updatelocalclientdirectors;pr_h_insertclientblacklist;pr_x_getglobalclient
(not in menu)		0		HO		b_CommissionSlab.aspx	HO/b_CommissionSlab.aspx	CRUD master	Medium	7.81	Simple	261	656	46	2	5	10	0	yes			
(not in menu)		0		HO		b_MailInfo.aspx	HO/b_MailInfo.aspx	CRUD master	Medium	4.75	Simple	137	377	21	1	3	6	1	yes			pr_b_sb_getmailinfo
(not in menu)		0		HO		b_MarketingExec.aspx	HO/b_MarketingExec.aspx	CRUD master	Medium	4.19	Simple	83	220	18	1	2	6	2	yes			pr_b_savemarketingexec;pr_x_sb_getmarketingexec
Central Administration	Central Administration	1	yes	HO		b_MinorAgeConfig.aspx	HO/b_MinorAgeConfig.aspx	Transaction / Entry	Simple	2.42	Simple	41	147	6	0	1	2	2	yes			pr_b_minorageconfig;pr_b_sb_minorageconfig
(not in menu)		0		HO		BlackListClientPopup.aspx	HO/BlackListClientPopup.aspx	Popup / Dialog	Simple	2.23	Medium	103	41	9	2	0	2	0				
(module 0 — not in a_Module)	(module 0 — not in a_Module)	1	yes	HO		c_LoanType.aspx	HO/c_LoanType.aspx	CRUD master	Medium	7.3	Medium	103	573	22	1	2	6	3	yes			pr_c_sb_getloantype;pr_h_deleteclientblacklist;pr_h_sb_getloantype
(not in menu)		0		HO		CCODWithdrawAgainstDP.aspx	HO/CCODWithdrawAgainstDP.aspx	Transaction / Entry	Simple	2.71	Medium	72	209	13	1	0	5	0	yes			
Central Administration	Central Administration	2	yes	HO		ChargesConfig.aspx	HO/ChargesConfig.aspx	CRUD master	Complex	464.45	Medium	6898	53342	1411	61	253	61	6	yes			pr_g_getproductchargesconfig;pr_g_sb_getproductchargesconfig;pr_x_hplchargesconfigvalid;pr_x_saveaccchargesconfig;pr_x_sb_getaccountchargesconfig;pr_x_sb_transaction
(not in menu)		0		HO		CustomerInfoPopup.aspx	HO/CustomerInfoPopup.aspx	Popup / Dialog	Medium	9.91	Medium	487	700	51	1	0	3	4	yes			pr_g_getcustomerinformation;pr_g_getresponse;pr_g_getresponsedetails;pr_g_sb_getglobalclientname
(module 0 — not in a_Module)	(module 0 — not in a_Module)	1	yes	HO		DemandGeneration.aspx	HO/DemandGeneration.aspx	CRUD master	Simple	3.61	Medium	92	211	20	1	1	3	1	yes			pr_x_demandgenerationcons
Retail and Corporate Operations	Retail and Corporate Operations	1	yes	HO		g_ClientDirectors.aspx	HO/g_ClientDirectors.aspx	Search / List / Inquiry	Medium	11.91	Simple	504	905	77	2	15	20	2				pr_g_loadclientdirectors;pr_g_saveclientdirectors
(not in menu)		0		HO		GlobalClientDocAttach.aspx	HO/GlobalClientDocAttach.aspx	CRUD master	Medium	9.17	Medium	222	710	41	2	3	8	2	yes			pr_g_sb_getclientdocmap;pr_g_sb_getunpassedattchdoc
(not in menu)		0		HO		KYCClientPopup.aspx	HO/KYCClientPopup.aspx	Popup / Dialog	Complex	34.3	Medium	1236	1983	307	8	89	1	4	yes			pr_g_dulicatedetails;pr_g_getcity;pr_g_getglobalclientbyid;pr_g_savelocalclient
(not in menu)		0		HO		LosConfiguration.aspx	HO/LosConfiguration.aspx	CRUD master	Complex	30.63	Medium	923	1654	200	13	19	6	2	yes			pr_p_savelosconfiguration;pr_p_sb_getlosconfiguration
Central Administration	Central Administration	1	yes	HO		LRA_gateway_accounts.aspx	HO/LRA_gateway_accounts.aspx	Search / List / Inquiry	Medium	5.89	Medium	125	440	24	1	2	5	2				pr_lra_gateway_accounts;pr_lra_sb_gateway_accounts
(not in menu)		0		HO		NGODisbComCalc.aspx	HO/NGODisbComCalc.aspx	Search / List / Inquiry	Medium	4.9	Medium	151	267	28	1	0	5	2				pr_g_getngodisbcom;pr_x_ngodisbcomcalc
(not in menu)		0		HO		SignaturePreview.aspx	HO/SignaturePreview.aspx	Client-rendered / Other	Simple	0.79	Medium	16	112	1	0	0	0	0				
Central Administration	Central Administration	1	yes	HO		TaxConfig.aspx	HO/TaxConfig.aspx	CRUD master	Medium	7.19	Medium	320	544	54	1	6	12	1	yes			pr_x_taxconfig
Central Administration	Central Administration	1	yes	HO		x_ChequeBookChargeConfig.aspx	HO/x_ChequeBookChargeConfig.aspx	Transaction / Entry	Medium	5.5	Medium	125	453	27	1	1	11	1	yes			pr_x_sb_getchequebookchargesconfig
(module 0 — not in a_Module)	(module 0 — not in a_Module)	1	yes	HO		x_OutwardClearingConfiguration.aspx	HO/x_OutwardClearingConfiguration.aspx	Transaction / Entry	Simple	1.61	Medium	65	193	8	0	1	2	0	yes			
Central Administration	Central Administration	2	yes	HO	Admin	a_CashierLimit.aspx	HO/Admin/a_CashierLimit.aspx	CRUD master	Medium	8.17	Medium	534	548	78	1	24	11	1	yes			pr_a_getcashierlimitamount
Retail and Corporate Operations	Retail and Corporate Operations	1	yes	HO	Admin	a_ChangePassword.aspx	HO/Admin/a_ChangePassword.aspx	Transaction / Entry	Simple	2.06	Medium	60	243	11	0	3	2	0	yes			
Central Administration	Central Administration	1		HO	Admin	a_Menus.aspx	HO/Admin/a_Menus.aspx	CRUD master	Medium	11.2	Medium	246	1020	40	2	11	7	2	yes		/Administration/Menu	pr_a_getmodulewisemenulist;pr_a_sb_getmenulist
Central Administration	Central Administration	1	yes	HO	Admin	a_Module.aspx	HO/Admin/a_Module.aspx	CRUD master	Medium	4.16	Medium	95	372	22	1	3	7	0	yes		/Administration/Module	
Central Administration	Central Administration	1	yes	HO	Admin	a_RoleMaster.aspx	HO/Admin/a_RoleMaster.aspx	CRUD master	Medium	5.51	Medium	113	442	29	1	1	7	1	yes		/Administration/Role	pr_a_getallroles
Central Administration	Central Administration	1	yes	HO	Admin	a_RoleOnMenu.aspx	HO/Admin/a_RoleOnMenu.aspx	Transaction / Entry	Medium	11.57	Medium	193	1310	11	0	3	2	4	yes			pr_a_getactivemodules;pr_a_getmodulewiseroles;pr_a_getroleonmenupopulatemenus;pr_a_save_roleonmenu
Central Administration	Central Administration	1	yes	HO	Admin	A_User.aspx	HO/Admin/A_User.aspx	CRUD master	Complex	22.37	Medium	351	2186	65	2	15	6	6	yes			pr_a_getorgelementdepartment;pr_a_saveusermodlog;pr_a_sb_getuserlist;pr_h_getemployeeslist;pr_h_getorgelementdepartmentlist;pr_h_getorgelementlist
Central Administration	Central Administration	2	yes	HO	Admin	a_userAppAccessRights.aspx	HO/Admin/a_userAppAccessRights.aspx	CRUD master	Complex	26.69	Medium	844	1976	118	8	18	16	4	yes			pr_a_getuserappaccessrightsdetails;pr_a_loaduserappaccessrightsdetails;pr_a_saveuserappaccessrightsdetails;pr_sb_a_userappaccessrights
Central Administration	Central Administration	1	yes	HO	Admin	a_UserInModule.aspx	HO/Admin/a_UserInModule.aspx	CRUD master	Simple	3.8	Medium	84	288	12	1	3	2	1	yes			pr_a_getuserlist
Central Administration	Central Administration	2	yes	HO	Admin	a_UserRights.aspx	HO/Admin/a_UserRights.aspx	CRUD master	Complex	22.27	Medium	372	1685	41	2	5	6	13	yes			pr_a_adhocuserrights;pr_a_getactivemodules;pr_a_getadditionaluserrightspopulatemenuspreauth;pr_a_getmoduleswiserolesonmenupreauth;pr_a_getuserlist;pr_a_getuserlistwithlevel;pr_a_getuserrightspopmenuspreauth;pr_a_pass_userrightspreauth;pr_a_save_userrightspreauth;pr_a_userrightsretrive;pr_b_deletealluserrights;pr_b_sb_getuserrights;pr_g_loaduserrights
Central Administration	Central Administration	1	yes	HO	Admin	Audit.aspx	HO/Admin/Audit.aspx	Transaction / Entry	Medium	4.49	Medium	31	458	6	0	2	2	2	yes			pr_audit_createtriggersxml;pr_audit_saveaudit
(not in menu)		0		HO	Admin	AuditDetails.aspx	HO/Admin/AuditDetails.aspx	Client-rendered / Other	Simple	0.83	Medium	49	100	4	0	0	0	0	yes			
Central Administration	Central Administration	1	yes	HO	Admin	AuditView.aspx	HO/Admin/AuditView.aspx	Search / List / Inquiry	Medium	4.33	Medium	69	464	11	1	0	1	0				
Central Administration	Central Administration	2	yes	HO	Admin	b_AccLevelConfig.aspx	HO/Admin/b_AccLevelConfig.aspx	CRUD master	Medium	9.35	Simple	216	893	35	1	6	7	2	yes			pr_b_acclevelconfig;pr_b_sb_acclevelconfig
(not in menu)		0		HO	Admin	ChangePassword.aspx	HO/Admin/ChangePassword.aspx	Transaction / Entry	Simple	3.65	Medium	284	392	11	0	4	2	1	yes			pr_g_checkuserexpiry
Central Administration	Central Administration	1	yes	HO	Admin	PasswordPolicyConfig.aspx	HO/Admin/PasswordPolicyConfig.aspx	Transaction / Entry	Medium	7.14	Medium	345	741	55	0	9	2	0	yes			
Central Administration	Central Administration	1	yes	HO	Alerts	al_AlertConfig.aspx	HO/Alerts/al_AlertConfig.aspx	CRUD master	Simple	2.3	Medium	118	135	15	1	1	3	0	yes			
(not in menu)		0		HO	Alerts	al_AlertConfigDetails.aspx	HO/Alerts/al_AlertConfigDetails.aspx	CRUD master	Medium	5.41	Medium	180	554	23	1	0	3	0	yes			
Central Administration	Central Administration	1	yes	HO	Alerts	al_AlertsRights.aspx	HO/Alerts/al_AlertsRights.aspx	CRUD master	Simple	3.28	Medium	78	282	15	1	4	2	0	yes			
(not in menu)		0		HO	bank	b_ChargesConfig.aspx	HO/bank/b_ChargesConfig.aspx	CRUD master	Medium	5.88	Simple	104	540	22	1	2	7	1	yes			pr_b_sb_chargesconfig
Central Administration	Central Administration	1	yes	HO	bank	b_GlInterestMapping.aspx	HO/bank/b_GlInterestMapping.aspx	CRUD master	Medium	7.12	Simple	181	516	27	1	0	9	3	yes			pr_b_getglinterestmapping;pr_x_gettransactiondescription;pr_x_sb_getglinterestmapping
(not in menu)		0		HO	bank	b_LoanDisbChargesMapping.aspx	HO/bank/b_LoanDisbChargesMapping.aspx	CRUD master	Medium	9.05	Simple	297	830	33	2	4	6	1	yes			pr_b_sb_loandisbchargesmapping
(not in menu)		0		HO	bank	b_MergeClient.aspx	HO/bank/b_MergeClient.aspx	Client-rendered / Other	Medium	5.95	Simple	342	323	65	0	30	4	2				pr_g_getglobalclientdetail;pr_x_mergeclientmastertransaction
(not in menu)		0		HO	bank	b_NoteItemSeq.aspx	HO/bank/b_NoteItemSeq.aspx	CRUD master	Simple	3.33	Simple	110	284	16	1	1	3	0	yes			
Central Administration	Central Administration	2	yes	HO	bank	g_AccountHead.aspx	HO/bank/g_AccountHead.aspx	CRUD master	Complex	24.01	Simple	373	2354	53	1	13	9	9	yes			pr_g_getaccountheadcode;pr_g_getaccountheadcodeprev;pr_g_getacheadbyparentid;pr_g_getacheadbyparentidprev;pr_g_getlastposition;pr_g_getnotesforcoa;pr_g_loadaccountheadprev;pr_g_passaccounthead;pr_g_sb_getaccounthead
(not in menu)		0		HO	bank	g_BankInfo.aspx	HO/bank/g_BankInfo.aspx	Transaction / Entry	Simple	1.27	Simple	65	142	8	0	4	2	0	yes			
Central Administration	Central Administration	1	yes	HO	bank	g_BranchCategory.aspx	HO/bank/g_BranchCategory.aspx	CRUD master	Medium	4.59	Simple	143	245	34	2	4	12	0	yes			
(not in menu)		0		HO	bank	g_Circle.aspx	HO/bank/g_Circle.aspx	CRUD master	Medium	4.37	Simple	113	326	20	1	3	7	1	yes			pr_g_getcirclelist
Central Administration	Central Administration	1	yes	HO	bank	g_City.aspx	HO/bank/g_City.aspx	CRUD master	Medium	6.97	Simple	194	469	41	2	4	12	1	yes			pr_g_sb_getcity
(not in menu)		0		HO	bank	g_DDE.aspx	HO/bank/g_DDE.aspx	CRUD master	Medium	5.68	Simple	82	360	17	1	0	6	3	yes			pr_g_getcirclelist;pr_g_sb_getdde;pr_h_getemplist
Central Administration	Central Administration	1	yes	HO	bank	g_Designation.aspx	HO/bank/g_Designation.aspx	CRUD master	Medium	9.11	Simple	290	665	62	2	14	12	1	yes			pr_g_updatedesignation
Central Administration	Central Administration	1		HO	bank	g_District.aspx	HO/bank/g_District.aspx	CRUD master	Medium	6.19	Simple	136	400	33	2	2	12	1	yes		/Hr/District	pr_g_sb_getdistrict
Central Administration	Central Administration	1	yes	HO	bank	g_FormAccountHeadMapping.aspx	HO/bank/g_FormAccountHeadMapping.aspx	CRUD master	Medium	5.65	Simple	192	535	32	1	6	9	0	yes			
(module 0 — not in a_Module)	(module 0 — not in a_Module)	2	yes	HO	bank	g_InventoryCategory.aspx	HO/bank/g_InventoryCategory.aspx	CRUD master	Medium	8.36	Simple	99	906	23	1	1	7	1	yes			pr_i_sb_inventorycategory
Central Administration	Central Administration	1	yes	HO	bank	g_Notes.aspx	HO/bank/g_Notes.aspx	CRUD master	Medium	9.67	Simple	112	917	24	1	2	6	3	yes			pr_b_loadnotedetails;pr_b_sb_getnotes;pr_g_getnotes
Central Administration	Central Administration	1	yes	HO	bank	g_OrgElement.aspx	HO/bank/g_OrgElement.aspx	Transaction / Entry	Medium	10.75	Simple	437	1114	83	0	24	12	0	yes			
Central Administration	Central Administration	1	yes	HO	bank	g_OrgElementDepartment.aspx	HO/bank/g_OrgElementDepartment.aspx	Search / List / Inquiry	Medium	5.93	Simple	253	313	56	2	7	12	0				
Central Administration	Central Administration	1	yes	HO	bank	g_Relation.aspx	HO/bank/g_Relation.aspx	CRUD master	Medium	4.13	Simple	136	200	30	2	2	12	0	yes			
Central Administration	Central Administration	1	yes	HO	bank	g_ServiceStatus.aspx	HO/bank/g_ServiceStatus.aspx	CRUD master	Medium	4.48	Simple	153	216	36	2	4	12	0	yes			
Central Administration	Central Administration	1	yes	HO	bank	g_State.aspx	HO/bank/g_State.aspx	CRUD master	Medium	6.68	Simple	185	438	39	2	6	12	1	yes		/Hr/State	pr_g_sb_getstate
Central Administration	Central Administration	1	yes	HO	bank	g_Step.aspx	HO/bank/g_Step.aspx	CRUD master	Simple	3.16	Simple	86	222	22	1	2	6	0	yes			
Central Administration	Central Administration	1	yes	HO	bank	g_Title.aspx	HO/bank/g_Title.aspx	Search / List / Inquiry	Medium	4.27	Simple	147	185	36	2	4	12	0				
Trade Finance	Trade Finance	1	yes	HO	BG	Bg_CommissionRateMaster.aspx	HO/BG/Bg_CommissionRateMaster.aspx	CRUD master	Medium	6.03	Medium	183	280	34	2	4	12	2	yes			pr_bg_commissionratemaster;pr_bg_commissionratemaster_search
Trade Finance	Trade Finance	1	yes	HO	BG	Bg_CurrencyGLMapping.aspx	HO/BG/Bg_CurrencyGLMapping.aspx	CRUD master	Medium	6.93	Medium	229	343	46	2	2	12	2	yes			pr_td_bg_currencyglmapping;pr_td_bg_currencyglmappingsearch
(not in menu)		0		HO	ECS	x_EcsMandateNew.aspx	HO/ECS/x_EcsMandateNew.aspx	CRUD master	Complex	21.53	Medium	464	1676	74	1	20	6	11	yes			pr_ecs_getamenddata;pr_x_loadecs_mandateamend;pr_x_loadecs_mandatecancel;pr_x_loadecs_mandatenew;pr_x_save_ecs_mandateamend;pr_x_save_ecs_mandatecancel;pr_x_save_ecs_mandatenew;pr_x_sb_getecs_mandateamend;pr_x_sb_getecs_mandatecancel;pr_x_sb_getecs_mandatenew;pr_x_validateifsccode
Central Administration	Central Administration	1	yes	HO	Hr	g_BankDirectors.aspx	HO/Hr/g_BankDirectors.aspx	CRUD master	Complex	14.89	Simple	627	1238	106	3	30	21	0	yes			
Central Administration	Central Administration	1	yes	HO	Hr	g_Language.aspx	HO/Hr/g_Language.aspx	CRUD master	Medium	5.07	Simple	175	292	38	2	6	12	0	yes			
Central Administration	Central Administration	1	yes	HO	Hr	h_Employee.aspx	HO/Hr/h_Employee.aspx	CRUD master	Complex	42.41	Medium	2358	2383	398	8	104	59	7	yes			pr_h_getbanklist;pr_h_getcities;pr_h_getdesignations;pr_h_getorgelementlist;pr_h_getrelations;pr_h_getstates;pr_h_sb_getemployees
(not in menu)		0		HO	Hr	h_EmployeeImage.aspx	HO/Hr/h_EmployeeImage.aspx	Handler / API / Ajax	Simple	0.78	Medium	17	117	0	0	0	0	0				
Central Administration	Central Administration	1	yes	HO	Hr	h_LeaveType.aspx	HO/Hr/h_LeaveType.aspx	CRUD master	Medium	4.83	Medium	139	328	31	1	6	6	1	yes			pr_h_sb_getleavetypes
Trade Finance	Trade Finance	1	yes	HO	lc	lc_CurrencyGLMapping.aspx	HO/lc/lc_CurrencyGLMapping.aspx	CRUD master	Medium	9.15	Medium	256	623	70	2	4	12	1	yes			pr_lc_sb_getlccurrencyglmapping
(module 0 — not in a_Module)	(module 0 — not in a_Module)	2		HO	MultiCurrency	g_Currency.aspx	HO/MultiCurrency/g_Currency.aspx	CRUD master	Medium	9.86	Simple	260	963	51	1	9	7	1	yes			pr_g_sb_currencyselect
Central Administration	(module 0 — not in a_Module);Central Administration	3	yes	HO	MultiCurrency	g_Denomination.aspx	HO/MultiCurrency/g_Denomination.aspx	CRUD master	Medium	10.29	Simple	154	974	40	2	5	7	1	yes			pr_tr_sb_denominationselect
Central Administration	(module 0 — not in a_Module);Central Administration	3	yes	HO	MultiCurrency	g_DenominationUnit.aspx	HO/MultiCurrency/g_DenominationUnit.aspx	CRUD master	Medium	5.43	Simple	107	466	23	1	1	7	1	yes			pr_tr_sb_getdenominationunit
Central Administration	Central Administration	1	yes	HO	MultiCurrency	tr_CashCurrencyHead.aspx	HO/MultiCurrency/tr_CashCurrencyHead.aspx	CRUD master	Complex	18.22	Medium	262	2229	49	1	0	6	1	yes			pr_tr_sb_getcashcurrencyhead
(not in menu)		0		HO	MultiCurrency	tr_CurrencyGLMapping.aspx	HO/MultiCurrency/tr_CurrencyGLMapping.aspx	CRUD master	Medium	5.19	Medium	97	460	18	1	0	6	1	yes			pr_tr_sb_getcurrencyglmapping
(module 0 — not in a_Module)	(module 0 — not in a_Module)	1	yes	HO	ProjectFormulation	AssignCreditofficer.aspx	HO/ProjectFormulation/AssignCreditofficer.aspx	Client-rendered / Other	Simple	2.58	Medium	51	255	7	0	0	3	1	yes			pr_p_getloancaselist
Central Administration	Central Administration	1	yes	HO	ProjectFormulation	c_LoanScheme.aspx	HO/ProjectFormulation/c_LoanScheme.aspx	CRUD master	Medium	11.45	Medium	269	890	83	2	8	7	1	yes			pr_b_checkacctdependency
(not in menu)		0		HO	ProjectFormulation	CreditScoreTabulationPopup.aspx	HO/ProjectFormulation/CreditScoreTabulationPopup.aspx	Popup / Dialog	Simple	2.24	Medium	118	84	22	1	0	0	0				
(module 0 — not in a_Module)	(module 0 — not in a_Module)	1	yes	HO	ProjectFormulation	LoanCaseCurrentStatus.aspx	HO/ProjectFormulation/LoanCaseCurrentStatus.aspx	Search / List / Inquiry	Simple	2.93	Medium	74	175	9	1	0	3	1				pr_p_getloancasecurrentstatus
(module 0 — not in a_Module)	(module 0 — not in a_Module)	1	yes	HO	ProjectFormulation	p_AnalysisApplicantClient.aspx	HO/ProjectFormulation/p_AnalysisApplicantClient.aspx	Wizard / Multi-tab	Complex	34.47	Medium	980	3118	317	0	68	2	0	yes			
(module 0 — not in a_Module)	(module 0 — not in a_Module)	1	yes	HO	ProjectFormulation	p_AnnexPre.aspx	HO/ProjectFormulation/p_AnnexPre.aspx	CRUD master	Complex	15.17	Medium	128	1231	19	1	0	4	9	yes			pr_p_checkuseridentification;pr_p_getsqbranches;pr_p_getsqheadoffice;pr_p_getsqloannumberannexpre;pr_p_getsqloanpurposetype;pr_p_getsqloantypenew;pr_p_getsqschemepurpose;pr_p_getsqschemes;pr_p_getsqzones
(module 0 — not in a_Module)	(module 0 — not in a_Module)	1	yes	HO	ProjectFormulation	p_Applicant.aspx	HO/ProjectFormulation/p_Applicant.aspx	Wizard / Multi-tab	Complex	96.13	Medium	2354	8498	527	12	133	34	13	yes			pr_g_getcity;pr_g_getoccupationlist;pr_g_getstate;pr_g_updateglobalclientforloanapplicant;pr_p_applicantlog;pr_p_checkuseridentification;pr_p_getapplicantindebtedloanpurpose;pr_p_getloanpurposelist;pr_p_getsqapplicantname;pr_p_getsqbranches;pr_p_getsqheadoffice;pr_p_getsqzones;pr_x_getglobalclientlos
(not in menu)		0		HO	ProjectFormulation	p_ApplicantDetails.aspx	HO/ProjectFormulation/p_ApplicantDetails.aspx	Transaction / Entry	Complex	20.27	Medium	1222	1673	228	0	104	13	0	yes			
(module 0 — not in a_Module)	(module 0 — not in a_Module)	1	yes	HO	ProjectFormulation	p_ApplicantFinancialAnalysis.aspx	HO/ProjectFormulation/p_ApplicantFinancialAnalysis.aspx	Wizard / Multi-tab	Complex	66.05	Medium	3458	6218	530	3	277	8	0	yes			
(module 0 — not in a_Module)	(module 0 — not in a_Module)	1	yes	HO	ProjectFormulation	p_CommitteeMaster.aspx	HO/ProjectFormulation/p_CommitteeMaster.aspx	CRUD master	Complex	12.59	Medium	240	1192	51	1	8	6	3	yes			pr_p_getcommwisebranches;pr_p_orgstructure;pr_p_sb_getbranchcommittee
(module 0 — not in a_Module)	(module 0 — not in a_Module)	1	yes	HO	ProjectFormulation	p_CommitteeMasterMemberAP.aspx	HO/ProjectFormulation/p_CommitteeMasterMemberAP.aspx	CRUD master	Medium	11.14	Medium	227	927	44	1	4	9	4	yes			pr_p_getapcommemberslist;pr_p_getcommemempquery;pr_p_getcommitteemasterid;pr_p_getcommitteememberemployeequery
(module 0 — not in a_Module)	(module 0 — not in a_Module)	1	yes	HO	ProjectFormulation	p_CommitteeMasterMemberAR.aspx	HO/ProjectFormulation/p_CommitteeMasterMemberAR.aspx	CRUD master	Complex	13.32	Medium	175	912	41	1	4	8	8	yes			pr_p_getapcommemberslist;pr_p_getcommemempquery;pr_p_getcommemershiptid;pr_p_getcommitteemembershiptid;pr_p_orgstructure;pr_p_sb_getallbranches;pr_p_sb_getcommiteequery;pr_p_sb_getcommitteequery
(module 0 — not in a_Module)	(module 0 — not in a_Module)	1	yes	HO	ProjectFormulation	P_CreditOfficer.aspx	HO/ProjectFormulation/P_CreditOfficer.aspx	CRUD master	Medium	7.42	Medium	168	699	34	1	0	12	1	yes			pr_p_sb_getcreditofficer
(module 0 — not in a_Module)	(module 0 — not in a_Module)	2	yes	HO	ProjectFormulation	p_CreditOfficerRemarks.aspx	HO/ProjectFormulation/p_CreditOfficerRemarks.aspx	Transaction / Entry	Medium	6.79	Medium	172	683	26	0	3	6	2	yes			pr_p_getlccreditofficer;pr_p_getsentbackloancases
(module 0 — not in a_Module)	(module 0 — not in a_Module)	1	yes	HO	ProjectFormulation	p_CreditRiskAnalysisMaster.aspx	HO/ProjectFormulation/p_CreditRiskAnalysisMaster.aspx	CRUD master	Simple	3.55	Medium	98	317	16	1	2	4	0	yes			
(module 0 — not in a_Module)	(module 0 — not in a_Module)	1	yes	HO	ProjectFormulation	p_Document.aspx	HO/ProjectFormulation/p_Document.aspx	CRUD master	Medium	9.77	Medium	212	601	49	1	6	12	5	yes			pr_p_getloanpurposelist;pr_p_getloanpurposelist1;pr_p_getsqschemepurpose;pr_p_getsqschemes;pr_p_sb_getdocumentlist
(module 0 — not in a_Module)	(module 0 — not in a_Module)	1	yes	HO	ProjectFormulation	p_FeedbackMaster.aspx	HO/ProjectFormulation/p_FeedbackMaster.aspx	CRUD master	Medium	5.0	Medium	130	336	34	1	6	13	1	yes			pr_p_sb_getfeedback
(module 0 — not in a_Module)	(module 0 — not in a_Module)	1	yes	HO	ProjectFormulation	p_FinalReviewProcess.aspx	HO/ProjectFormulation/p_FinalReviewProcess.aspx	Batch / Process	Complex	16.23	Medium	163	1630	29	0	2	12	7	yes			pr_al_alertlogsave;pr_g_allowdebittransactionaccountheadspass;pr_g_createglobalclientforloanapplicant;pr_p_finalreviewlog;pr_p_getlcforfinalreview;pr_p_getlcpending;pr_p_getlcpending_haiti
(module 0 — not in a_Module)	(module 0 — not in a_Module)	1	yes	HO	ProjectFormulation	p_LoanCase_v1.aspx	HO/ProjectFormulation/p_LoanCase_v1.aspx	Wizard / Multi-tab	Complex	95.62	Medium	2111	8637	421	5	125	20	27	yes			pr_b_getrepaysch;pr_c_getguarantorlist;pr_g_getcity;pr_g_getcitylist;pr_g_getstate;pr_p_checkuseridentification;pr_p_getloancaseisactive;pr_p_getloancaseodcharges;pr_p_getloanproducts;pr_p_getloanpurposelist;pr_p_getloanpurposelist1;pr_p_getloanscheme;pr_p_getsbqloandetails;pr_p_getsqapplicantname;pr_p_getsqbranches;pr_p_getsqheadoffice;pr_p_getsqloanpurpose;pr_p_getsqschemes;pr_p_getsqzones;pr_p_loancasefulllog;pr_p_loancaselog;pr_p_updateloancase;pr_x_calculationofservicetaxcommon;pr_x_getglobalclient;pr_x_getleasingvatamtcostofequip;pr_x_getnextuniquetranseqno;pr_x_scrollsave
(module 0 — not in a_Module)	(module 0 — not in a_Module)	2	yes	HO	ProjectFormulation	p_LoanCaseCommitteeRemarks.aspx	HO/ProjectFormulation/p_LoanCaseCommitteeRemarks.aspx	CRUD master	Complex	26.41	Medium	333	1778	54	2	4	13	18	yes			pr_al_alertlogsave;pr_g_createglobalclientforloanapplicant;pr_p_checkapprovedresult;pr_p_getapcommemberslist;pr_p_getappraisallist;pr_p_getlcappraisallist;pr_p_getlcdocumentrate;pr_p_getlcmemberslist;pr_p_getlcpending;pr_p_getlcpending_haiti;pr_p_getlcpending_haiti_v1;pr_p_getlcpendingcr;pr_p_getlcpendingforho;pr_p_getlcpendingforho_v1;pr_p_getsqbranches;pr_p_lcremarkslog;pr_p_sb_getcommiteequery;pr_p_validatememberremarks
(not in menu)		0		HO	ProjectFormulation	p_LoanCaseOtherDetails.aspx	HO/ProjectFormulation/p_LoanCaseOtherDetails.aspx	CRUD master	Medium	9.25	Medium	203	325	27	3	1	1	6	yes			pr_p_calculatecreditscore;pr_p_getcommitteememberremarks;pr_p_getcommitteememberremarksforfinal;pr_p_getloancaseno;pr_p_getprevcommitteeremarks;pr_p_getsbqloandetails
(not in menu)		0		HO	ProjectFormulation	p_LoanDocument.aspx	HO/ProjectFormulation/p_LoanDocument.aspx	CRUD master	Complex	12.75	Medium	372	1024	58	3	5	13	2	yes			pr_al_alertlogsave;pr_psd_sb_getdocumentlist
(not in menu)		0		HO	ProjectFormulation	p_LoanDocumentInformation.aspx	HO/ProjectFormulation/p_LoanDocumentInformation.aspx	Client-rendered / Other	Simple	1.43	Medium	89	136	13	0	4	3	0				
(not in menu)		0		HO	ProjectFormulation	p_LoanInformation.aspx	HO/ProjectFormulation/p_LoanInformation.aspx	CRUD master	Complex	31.36	Medium	450	3084	80	5	2	2	6	yes			pr_p_formulaverification;pr_p_loanannexcolumn;pr_p_loanannexcontributordata;pr_p_loanannexdata;pr_p_loanannexitems;pr_p_loanannexlinkdatainsertupdate
(module 0 — not in a_Module)	(module 0 — not in a_Module)	2	yes	HO	ProjectFormulation	P_LoanRequestClose.aspx	HO/ProjectFormulation/P_LoanRequestClose.aspx	CRUD master	Medium	6.71	Medium	142	364	27	1	3	5	4	yes			pr_p_getloancaserequestclosed;pr_p_getloancaserequestclosedforauthorization;pr_p_getloancaserequestclosedforauthorizationsearch;pr_p_getloancaserequestclosedsearch
Central Administration	Central Administration	1	yes	HO	ProjectFormulation	p_SchemeDetails.aspx	HO/ProjectFormulation/p_SchemeDetails.aspx	CRUD master	Complex	51.79	Medium	1036	4391	218	6	45	12	15	yes			pr_c_deleteloanscheme;pr_c_loadloanschemebyid;pr_c_saveloanscheme;pr_p_createannex;pr_p_getdeleteschemebankbranches;pr_p_getdeleteschemecontributors;pr_p_getdeleteschemepurpose;pr_p_getloadschemecontributors;pr_p_getloadschemeorgbank;pr_p_getloadschemepurposes;pr_p_getsqschemedetails;pr_p_getsqschemes;pr_p_getupdateschemebankbranches;pr_p_getupdateschemecontributors;pr_p_getupdateschemepurposes
(not in menu)		0		HO	ProjectFormulation	p_SchemeDetails_Islamic.aspx	HO/ProjectFormulation/p_SchemeDetails_Islamic.aspx	CRUD master	Complex	37.97	Medium	885	3314	162	2	34	9	13	yes			pr_c_deleteloanscheme_islamic;pr_c_loadloanschemebyid_islamic;pr_c_saveloanscheme_islamic;pr_g_sb_getloanscheme_islamic;pr_p_getdeleteschemebankbranches;pr_p_getdeleteschemecontributors;pr_p_getdeleteschemepurpose;pr_p_getloadschemecontributors;pr_p_getloadschemeorgbank;pr_p_getloadschemepurposes;pr_p_getupdateschemebankbranches;pr_p_getupdateschemecontributors;pr_p_getupdateschemepurposes
(module 0 — not in a_Module)	(module 0 — not in a_Module)	1	yes	HO	ProjectFormulation	p_SetCommitteeApprovalLimit.aspx	HO/ProjectFormulation/p_SetCommitteeApprovalLimit.aspx	CRUD master	Medium	6.45	Medium	125	338	25	1	3	10	4	yes			pr_p_getcommitteemembershiptid;pr_p_sb_getallbranches;pr_p_sb_getbranchcomlist;pr_p_sb_getcommitteequery
(not in menu)		0		HO	ProjectFormulation	PopUpOrgStructure.aspx	HO/ProjectFormulation/PopUpOrgStructure.aspx	Popup / Dialog	Simple	1.77	Medium	179	146	5	0	0	1	1				pr_p_orgstructure
Central Administration	Central Administration	1	yes	HO	retailBanking	ATMPosTerminalAccMapping.aspx	HO/retailBanking/ATMPosTerminalAccMapping.aspx	CRUD master	Medium	9.23	Medium	329	665	55	1	6	10	3	yes			pr_atm_loadterminalaccmapping;pr_atm_saveterminalaccmapping;pr_atm_sb_getterminalaccmapping
(module 0 — not in a_Module)	(module 0 — not in a_Module)	1	yes	HO	retailBanking	b_AutoDayEndReportConfig.aspx	HO/retailBanking/b_AutoDayEndReportConfig.aspx	Report	Report	5.45	Report	173	523	29	1	1	4	0	yes			
Central Administration	Central Administration	1	yes	HO	retailBanking	b_BankList.aspx	HO/retailBanking/b_BankList.aspx	CRUD master	Medium	6.39	Simple	140	424	34	2	4	6	1	yes			pr_b_getbanklist
(module 0 — not in a_Module)	(module 0 — not in a_Module)	1	yes	HO	retailBanking	b_BranchCashLimit.aspx	HO/retailBanking/b_BranchCashLimit.aspx	CRUD master	Simple	3.84	Simple	131	330	21	1	2	4	0	yes			
Central Administration	Central Administration	1	yes	HO	retailBanking	b_BranchList.aspx	HO/retailBanking/b_BranchList.aspx	CRUD master	Medium	8.45	Simple	249	547	50	2	12	11	2	yes			pr_b_getbanklist;pr_b_getbranchlist
(not in menu)		0		HO	retailBanking	b_ChargesConfigslab.aspx	HO/retailBanking/b_ChargesConfigslab.aspx	CRUD master	Medium	11.97	Simple	340	1436	40	1	15	6	0	yes			
(not in menu)		0		HO	retailBanking	b_DailyDepositInterestChart.aspx	HO/retailBanking/b_DailyDepositInterestChart.aspx	Transaction / Entry	Medium	9.76	Simple	161	1002	37	2	9	6	0	yes			
Retail and Corporate Operations	Retail and Corporate Operations	1		HO	retailBanking	b_FinancialYear.aspx	HO/retailBanking/b_FinancialYear.aspx	CRUD master	Medium	5.11	Simple	88	551	16	1	1	4	0	yes			
(not in menu)		0		HO	retailBanking	b_HeadRecIncomeMapping.aspx	HO/retailBanking/b_HeadRecIncomeMapping.aspx	CRUD master	Simple	2.49	Simple	243	175	13	1	1	2	0	yes			
Central Administration	Central Administration	1	yes	HO	retailBanking	b_Holiday.aspx	HO/retailBanking/b_Holiday.aspx	CRUD master	Complex	13.31	Simple	256	1024	57	3	5	14	3	yes			pr_b_getholidaylist;pr_b_getholidays;pr_b_sb_holidays
(not in menu)		0		HO	retailBanking	b_NPAClassMasterCOAMap.aspx	HO/retailBanking/b_NPAClassMasterCOAMap.aspx	CRUD master	Medium	4.25	Simple	68	452	11	1	0	3	0	yes			
(not in menu)		0		HO	retailBanking	b_SavingInterestChart.aspx	HO/retailBanking/b_SavingInterestChart.aspx	CRUD master	Medium	11.51	Simple	190	1223	44	2	10	5	0	yes			
(module 0 — not in a_Module)	(module 0 — not in a_Module)	1	yes	HO	retailBanking	b_TellerCOAMapping.aspx	HO/retailBanking/b_TellerCOAMapping.aspx	Client-rendered / Other	Simple	3.78	Simple	72	501	11	0	0	5	0	yes			
(module 0 — not in a_Module)	(module 0 — not in a_Module)	1	yes	HO	retailBanking	b_TransferHoliday.aspx	HO/retailBanking/b_TransferHoliday.aspx	Transaction / Entry	Medium	5.29	Simple	292	284	30	2	2	5	1	yes			pr_b_getholidaystransfer
Central Administration	Central Administration	2	yes	HO	retailBanking	c_LoanIRChange.aspx	HO/retailBanking/c_LoanIRChange.aspx	CRUD master	Complex	12.17	Medium	261	883	67	3	6	16	2	yes			pr_c_loanirchange;pr_x_getschemespread
Central Administration	Central Administration	1	yes	HO	retailBanking	d_DepositScheme.aspx	HO/retailBanking/d_DepositScheme.aspx	Transaction / Entry	Complex	59.7	Medium	1286	6729	251	3	62	32	4	yes			pr_d_depositscheme;pr_d_getdepositschemelist;pr_d_sb_getdepositscheme;pr_g_getaccounthead
(not in menu)		0		HO	retailBanking	d_DepositScheme_Islamic.aspx	HO/retailBanking/d_DepositScheme_Islamic.aspx	Transaction / Entry	Complex	20.88	Medium	707	1680	157	2	27	11	3	yes			pr_d_deletedepositescheme_islamic;pr_d_savedepositscheme_islamic;pr_g_sb_getdepositscheme_islamic
Retail and Corporate Operations	Retail and Corporate Operations	1	yes	HO	retailBanking	DayendCOABalTrf.aspx	HO/retailBanking/DayendCOABalTrf.aspx	Batch / Process	Medium	9.63	Medium	241	898	41	1	10	6	2	yes			pr_b_savedayendcoabaltrf;pr_b_sb_dayendcoabaltrf
Retail and Corporate Operations	Retail and Corporate Operations	1	yes	HO	retailBanking	DemandDraftPayOrderSeries.aspx	HO/retailBanking/DemandDraftPayOrderSeries.aspx	CRUD master	Medium	6.6	Medium	218	624	26	1	3	4	1	yes			pr_b_getdebitaccountnumber
(not in menu)		0		HO	retailBanking	g_BaseRate.aspx	HO/retailBanking/g_BaseRate.aspx	CRUD master	Medium	6.2	Simple	101	594	21	1	2	7	1	yes			pr_g_sb_baserate
(not in menu)		0		HO	retailBanking	g_Currency.aspx	HO/retailBanking/g_Currency.aspx	CRUD master	Medium	8.39	Simple	188	766	47	1	8	7	1	yes			pr_g_sb_currencyselect
Central Administration	Central Administration	1	yes	HO	retailBanking	g_ECSMasterData.aspx	HO/retailBanking/g_ECSMasterData.aspx	CRUD master	Medium	8.2	Simple	147	816	34	1	7	7	1	yes			pr_g_sb_ecsmasterdataselect
(not in menu)		0		HO	retailBanking	g_GLEntryOff.aspx	HO/retailBanking/g_GLEntryOff.aspx	Transaction / Entry	Simple	1.37	Simple	32	86	5	0	1	2	1	yes			pr_x_generateglentryoff
(not in menu)		0		HO	retailBanking	g_PLR.aspx	HO/retailBanking/g_PLR.aspx	CRUD master	Medium	6.2	Simple	101	594	21	1	2	7	1	yes			pr_g_sb_plr
Central Administration	Central Administration	1	yes	HO	retailBanking	IntrBkLendingConfig.aspx	HO/retailBanking/IntrBkLendingConfig.aspx	CRUD master	Medium	8.96	Medium	212	786	43	1	3	4	2	yes			pr_b_getintrbklendingconfig;pr_b_saveintrbklendingconfig
Retail and Corporate Operations	Retail and Corporate Operations	2	yes	HO	retailBanking	tr_TradingRateCard.aspx	HO/retailBanking/tr_TradingRateCard.aspx	CRUD master	Complex	18.16	Medium	433	2040	44	2	5	7	2	yes			pr_sb_gettradingratecard;pr_tr_sb_tradingratecardselect
Retail and Corporate Operations	Retail and Corporate Operations	1		HO	retailBanking	x_MICREcsMandate.aspx	HO/retailBanking/x_MICREcsMandate.aspx	CRUD master	Complex	19.5	Medium	348	1719	56	2	13	9	7	yes			pr_b_getrsqecscompany;pr_b_getrsqecstype;pr_x_generateecsschedule;pr_x_generateglobalecsschedule;pr_x_getecsfirstdatedurationandamount;pr_x_getrsqtransactionaccountnumber;pr_x_sb_getglobalecsmandate
Retail and Corporate Operations	Retail and Corporate Operations	1		HO	retailBanking	x_MICREcsPaymentMandate.aspx	HO/retailBanking/x_MICREcsPaymentMandate.aspx	Transaction / Entry	Complex	15.95	Medium	432	1403	65	2	14	9	4	yes			pr_b_getrsqecscompany;pr_x_generateglobalecsschedule;pr_x_getecsfirstdatedurationandamount;pr_x_sb_getglobalecsmandate
(module 0 — not in a_Module)	(module 0 — not in a_Module)	1	yes	HO	retailBanking	x_ProfitAndLossPostingMapp.aspx	HO/retailBanking/x_ProfitAndLossPostingMapp.aspx	Transaction / Entry	Simple	2.3	Medium	112	273	12	0	2	6	0	yes			
(module 0 — not in a_Module)	(module 0 — not in a_Module)	1	yes	HO	retailBanking	x_ServiceTaxCharge.aspx	HO/retailBanking/x_ServiceTaxCharge.aspx	CRUD master	Medium	5.47	Medium	862	454	41	1	13	5	0	yes			
Retail and Corporate Operations	Retail and Corporate Operations	2	yes	HO	retailBanking	x_SweepTrfConfig.aspx	HO/retailBanking/x_SweepTrfConfig.aspx	CRUD master	Complex	14.63	Medium	296	1583	52	1	13	7	2	yes			pr_x_sb_sweeptrfconfig;pr_x_sweeptrfconfig
(module 0 — not in a_Module)	(module 0 — not in a_Module)	1	yes	HO	retailBanking	x_WHTMaster.aspx	HO/retailBanking/x_WHTMaster.aspx	CRUD master	Medium	10.27	Medium	275	1066	44	1	4	11	1	yes			pr_x_sb_whtmaster
(not in menu)		0		HO	retailBanking/ServiceTaxCalculation	x_ServiceTaxCharge.aspx	HO/retailBanking/ServiceTaxCalculation/x_ServiceTaxCharge.aspx	CRUD master	Medium	5.51	Medium	478	454	42	1	14	8	0	yes			
Central Administration	Central Administration	1	yes	HR		g_Bank.aspx	HR/g_Bank.aspx	CRUD master	Medium	5.27	Simple	160	293	43	2	8	12	0	yes			
Central Administration	Central Administration	1	yes	HR		h_CourseHistory.aspx	HR/h_CourseHistory.aspx	Search / List / Inquiry	Medium	4.49	Medium	125	398	26	1	2	6	0				
Central Administration	Central Administration	1	yes	HR		h_DiscipAction.aspx	HR/h_DiscipAction.aspx	CRUD master	Simple	3.91	Medium	65	275	17	1	1	6	1	yes			pr_h_sb_getdiscpactions
Central Administration	Central Administration	1	yes	HR		h_DiscipActionHistory.aspx	HR/h_DiscipActionHistory.aspx	CRUD master	Medium	4.14	Medium	114	345	26	1	2	7	0	yes		/Hr/DiscipActionHistory	
Central Administration	Central Administration	1	yes	HR		h_ExprHistory.aspx	HR/h_ExprHistory.aspx	CRUD master	Medium	4.39	Medium	118	371	28	1	3	6	0	yes			
Central Administration	Central Administration	1	yes	HR		h_HonAward.aspx	HR/h_HonAward.aspx	Search / List / Inquiry	Simple	3.23	Medium	70	262	17	1	1	6	0				
Central Administration	Central Administration	1	yes	HR		h_HonAwardHistory.aspx	HR/h_HonAwardHistory.aspx	CRUD master	Simple	3.87	Medium	114	322	23	1	1	6	0	yes			
(module 0 — not in a_Module)	(module 0 — not in a_Module)	1	yes	HR		h_LeaveApplication.aspx	HR/h_LeaveApplication.aspx	CRUD master	Medium	7.81	Medium	147	601	30	1	1	6	3	yes			pr_h_getemployeeslist;pr_h_getleavetypelist;pr_h_sb_getleaveapplications
Central Administration	Central Administration	1	yes	HR		h_LeaveApproval.aspx	HR/h_LeaveApproval.aspx	CRUD master	Simple	2.57	Medium	65	194	12	1	1	1	0	yes			
Central Administration	Central Administration	1	yes	HR		h_LeaveCancellation.aspx	HR/h_LeaveCancellation.aspx	CRUD master	Medium	5.72	Medium	134	498	40	1	1	5	0	yes			
Central Administration	Central Administration	1	yes	HR		h_PromHistory.aspx	HR/h_PromHistory.aspx	CRUD master	Medium	6.77	Medium	109	409	21	1	0	6	4	yes			pr_h_getdesignations;pr_h_getemployeeslist;pr_h_getstepnumbers;pr_h_sb_getpromotionhistory
Central Administration	Central Administration	1	yes	HR		h_Promotion.aspx	HR/h_Promotion.aspx	CRUD master	Medium	7.89	Medium	149	511	32	1	3	6	4	yes			pr_h_getdesignations;pr_h_getemployeeslist;pr_h_getstepnumbers;pr_h_sb_getpromotion
Central Administration	Central Administration	1	yes	HR		h_Qualification.aspx	HR/h_Qualification.aspx	CRUD master	Simple	3.92	Medium	66	360	18	1	1	6	0	yes			
Central Administration	Central Administration	1	yes	HR		h_QualificationHistory.aspx	HR/h_QualificationHistory.aspx	CRUD master	Medium	6.29	Medium	132	499	34	2	5	6	0	yes			
Central Administration	Central Administration	3	yes	HR		h_Transfer.aspx	HR/h_Transfer.aspx	Transaction / Entry	Complex	13.74	Medium	318	1461	80	1	11	6	0	yes			
Central Administration	Central Administration	1	yes	HR		h_TransferHistory.aspx	HR/h_TransferHistory.aspx	Transaction / Entry	Medium	8.04	Medium	153	462	29	1	1	6	5	yes			pr_h_getdesignations;pr_h_getemployeeslist;pr_h_getorgelementdepartmentlist;pr_h_getorgelementlist;pr_h_sb_gettransferhistory
(module 0 — not in a_Module)	(module 0 — not in a_Module)	2	yes	Inventory		i_AssetSale.aspx	Inventory/i_AssetSale.aspx	CRUD master	Medium	10.45	Medium	170	902	31	1	4	7	4	yes			pr_i_depriciationcalculation;pr_i_getbookvaluebyinvetoryregisterdetail;pr_i_inventorytran;pr_i_sb_assetsale
(module 0 — not in a_Module)	(module 0 — not in a_Module)	2	yes	Inventory		i_AssetScrap.aspx	Inventory/i_AssetScrap.aspx	CRUD master	Complex	15.22	Medium	254	1371	52	2	5	7	4	yes			pr_i_depriciationcalculation;pr_i_getbookvaluebyinvetoryregisterdetail;pr_i_inventorytran;pr_i_sb_assetscrap
(module 0 — not in a_Module)	(module 0 — not in a_Module)	2	yes	Inventory		i_ConsumableDisposal.aspx	Inventory/i_ConsumableDisposal.aspx	CRUD master	Complex	13.19	Medium	262	1139	55	2	4	7	3	yes			pr_i_consumabledisposaldotracation;pr_i_inventorytran;pr_i_sb_consumabledisposalselect
(module 0 — not in a_Module)	(module 0 — not in a_Module)	1	yes	Inventory		i_Depriciation.aspx	Inventory/i_Depriciation.aspx	CRUD master	Medium	7.18	Medium	125	723	24	1	3	6	1	yes			pr_i_sb_getdepreciation
(module 0 — not in a_Module)	(module 0 — not in a_Module)	2	yes	Inventory		i_DepriciationCalculation.aspx	Inventory/i_DepriciationCalculation.aspx	CRUD master	Medium	8.63	Medium	169	868	36	1	0	5	1	yes			pr_i_depriciationcalculation
Inventory	Inventory	1	yes	Inventory		i_EstimateReport.aspx	Inventory/i_EstimateReport.aspx	Report	Report	11.3	Report	138	699	31	0	2	2	9	yes			pr_i_budgetestimatereportcategorywise;pr_i_completebudgetestimatereport;pr_i_completebudgetestimatereportzonewise;pr_i_notewisebudgetreport;pr_i_notewisetotalbudgetreport;pr_i_regularbudgetestimatereportzonewise;pr_x_getbudgetcreateddate;pr_x_getbudgettypefortransaction;pr_x_getfinancialyear
(module 0 — not in a_Module)	(module 0 — not in a_Module)	2	yes	Inventory		i_InventoryRegister.aspx	Inventory/i_InventoryRegister.aspx	CRUD master	Complex	15.77	Medium	281	1802	54	2	12	8	0	yes			
(module 0 — not in a_Module)	(module 0 — not in a_Module)	2	yes	Inventory		i_Item.aspx	Inventory/i_Item.aspx	CRUD master	Medium	9.59	Medium	127	970	28	1	3	7	2	yes			pr_i_sb_getitems;pr_i_sb_item
(module 0 — not in a_Module)	(module 0 — not in a_Module)	6	yes	Inventory		i_ItemPurchase.aspx	Inventory/i_ItemPurchase.aspx	CRUD master	Complex	28.96	Medium	402	3222	97	3	25	10	2	yes			pr_i_inventorytran;pr_i_sb_getitempurchase
Inventory	Inventory	10	yes	Inventory		i_masterReport.aspx	Inventory/i_masterReport.aspx	Report	Report	3.43	Report	44	461	9	0	3	3	0	yes			
(module 0 — not in a_Module)	(module 0 — not in a_Module)	1	yes	Inventory		i_Object.aspx	Inventory/i_Object.aspx	CRUD master	Medium	6.21	Medium	85	607	19	1	2	6	1	yes			pr_i_sb_getobjectmaster
(module 0 — not in a_Module)	(module 0 — not in a_Module)	1	yes	Inventory		i_ObjectDetail.aspx	Inventory/i_ObjectDetail.aspx	CRUD master	Medium	6.25	Medium	118	517	30	2	3	6	0	yes			
(module 0 — not in a_Module)	(module 0 — not in a_Module);Retail and Corporate Operations	5	yes	Inventory		i_PurchaseReq.aspx	Inventory/i_PurchaseReq.aspx	CRUD master	Complex	16.2	Medium	255	1722	63	2	11	9	1	yes			pr_i_sb_getpurchasereq
(module 0 — not in a_Module)	(module 0 — not in a_Module)	1	yes	Inventory		i_Supplier.aspx	Inventory/i_Supplier.aspx	CRUD master	Medium	8.6	Medium	176	894	31	1	9	7	1	yes			pr_i_sb_getsupplier
Inventory	Inventory	9	yes	Inventory		i_transactionReport.aspx	Inventory/i_transactionReport.aspx	Report	Report	21.12	Report	657	1608	95	0	22	28	11	yes			pr_i_assetregisterreport;pr_i_assetregisterreport_v1;pr_i_getstockposition;pr_i_gettransactionmonths;pr_i_r_categorywisedepriciation;pr_i_r_depriciationcalculationreport;pr_i_r_headwisedepriciation;pr_i_r_itemwisedepriciation;pr_i_r_purchasereqstatus;pr_i_r_yearlydepriciation;pr_x_r_getinvdepriciation
(module 0 — not in a_Module)	(module 0 — not in a_Module)	1	yes	Inventory		i_UnitOfMeasurement.aspx	Inventory/i_UnitOfMeasurement.aspx	CRUD master	Medium	6.52	Medium	94	642	21	1	2	7	1	yes			pr_i_sb_getunitofmeasurement
(not in menu)		0		Lockers		k_LockerIssue.aspx	Lockers/k_LockerIssue.aspx	CRUD master	Complex	20.79	Simple	396	1667	82	5	16	15	4	yes			pr_k_getissuedlocker;pr_k_getlockernumberlist;pr_k_getlockertypelist;pr_x_calculationofservicetaxcommon
(not in menu)		0		Lockers		k_LockerNotation.aspx	Lockers/k_LockerNotation.aspx	CRUD master	Medium	6.39	Simple	142	424	24	1	5	5	3	yes			pr_k_getlockerfornotation;pr_k_getlockerforrelease;pr_k_sb_getlockernotation
(not in menu)		0		Lockers		k_LockerReturn.aspx	Lockers/k_LockerReturn.aspx	CRUD master	Medium	7.35	Simple	164	640	27	1	6	6	2	yes			pr_k_getlockerreturnaccountlist;pr_k_getlockerreturnlist
(not in menu)		0		Lockers		k_LockerVisiting.aspx	Lockers/k_LockerVisiting.aspx	CRUD master	Medium	10.57	Simple	313	805	45	2	8	8	3	yes			pr_k_getlockerfornotation;pr_k_getlockerreturnaccountlist;pr_k_getlockerreturnlist
Reconcillation	Reconcillation	1	yes	Reconciliation		re_AccountMapping.aspx	Reconciliation/re_AccountMapping.aspx	CRUD master	Complex	16.15	Complex	236	1450	37	1	4	3	7	yes			pr_re_getaccountnumberwithbalanceamount;pr_re_getbankname;pr_re_gettrustbankaccounthead;pr_re_gettrustbankbranchaccountdetails;pr_re_gettrustbankbranchaccountlist;pr_re_gettrustbankbranchlist;pr_re_gettrustbankmappedbranchaccountlist
(module 0 — not in a_Module)	(module 0 — not in a_Module)	2	yes	Reconciliation		re_AuthenticateRecord.aspx	Reconciliation/re_AuthenticateRecord.aspx	Search / List / Inquiry	Medium	8.78	Complex	133	477	40	2	2	3	4				pr_re_authenticatereconcile;pr_re_authenticaterecord;pr_re_authenticaterollback;pr_re_getunauthenticated
(not in menu)		0		Reconciliation		re_Authentication.aspx	Reconciliation/re_Authentication.aspx	Search / List / Inquiry	Medium	8.25	Complex	102	451	36	1	1	3	5				pr_re_authenticatereconcile;pr_re_authenticaterollback;pr_re_getaccountnumberwithbalanceamount;pr_re_getbankname;pr_re_getunauthenticated
Reconcillation	Reconcillation	1	yes	Reconciliation		re_BankAccountInformation.aspx	Reconciliation/re_BankAccountInformation.aspx	CRUD master	Complex	15.99	Complex	298	1720	63	1	20	6	2	yes			pr_re_checkduplicataccountnumber;pr_re_getbankaccountinformation
Reconcillation	Reconcillation	2	yes	Reconciliation		re_LedgerEntry.aspx	Reconciliation/re_LedgerEntry.aspx	CRUD master	Complex	18.38	Complex	290	1839	58	1	18	8	5	yes			pr_re_getaccountnumberwithbalanceamount;pr_re_getbankname;pr_re_getoledger;pr_re_gettledger;pr_re_ledgerentrygriddata
Reconcillation	Reconcillation	1	yes	Reconciliation		re_MultiReconciliation.aspx	Reconciliation/re_MultiReconciliation.aspx	CRUD master	Complex	34.58	Complex	1825	3027	170	5	34	24	6	yes			pr_re_getaccountnumberwithbalanceamount;pr_re_getbankname;pr_re_getoledger;pr_re_gettledger;pr_re_sb_getreconciledata;pr_re_unreconcileotledger
Reconcillation	Reconcillation	1	yes	Reconciliation		re_OurLedgerImport.aspx	Reconciliation/re_OurLedgerImport.aspx	Search / List / Inquiry	Medium	7.23	Complex	128	436	13	1	0	2	5				pr_re_getaccountnumberwithbalanceamount;pr_re_getbankname;pr_re_gettrustbankbranchaccountdetails;pr_re_gettrustbankmappedbranchaccountlist;pr_re_ourledgerimport
Reconcillation	Reconcillation	1	yes	Reconciliation		Re_OutPutType.aspx	Reconciliation/Re_OutPutType.aspx	CRUD master	Complex	12.85	Complex	250	1045	67	1	16	11	4	yes			pr_re_checkduplicatecriterianame;pr_re_getcode;pr_re_getoutputtype;pr_re_getsinglecode
Reconcillation	Reconcillation	1		Reconciliation		re_Owner.aspx	Reconciliation/re_Owner.aspx	Transaction / Entry	Simple	2.95	Complex	69	269	14	0	4	5	1	yes			pr_re_getreportheaderdetail
Reconcillation	Reconcillation	1	yes	Reconciliation		re_ProcessTypeMatchCriteria.aspx	Reconciliation/re_ProcessTypeMatchCriteria.aspx	Batch / Process	Medium	10.49	Complex	172	950	39	1	18	7	3	yes			pr_re_getoutputtype;pr_re_getprocesstypematchcriteria;pr_re_getprocesstypenotin
Reconcillation	Reconcillation	1	yes	Reconciliation		re_Reconciliation.aspx	Reconciliation/re_Reconciliation.aspx	CRUD master	Complex	43.33	Complex	2445	4334	161	4	19	20	8	yes			pr_re_getaccountnumberwithbalanceamount;pr_re_getbankname;pr_re_getlastreconciliationdate;pr_re_getoledger;pr_re_getreconciledchilddata;pr_re_getreconciledmasterdata;pr_re_gettledger;pr_re_getunreconcileddata
Reconcillation	Reconcillation	1	yes	Reconciliation		re_ReconciliationRollBack.aspx	Reconciliation/re_ReconciliationRollBack.aspx	CRUD master	Medium	8.31	Complex	253	479	28	2	4	6	4	yes			pr_re_getaccountnumberwithbalanceamount;pr_re_getbankname;pr_re_getreconciliationdate;pr_re_reconciliationrollback
Reconcillation	Reconcillation	1	yes	Reconciliation		re_SelfReconciliation.aspx	Reconciliation/re_SelfReconciliation.aspx	CRUD master	Complex	31.77	Complex	1477	2989	151	5	28	9	3	yes			pr_re_getaccountnumberwithbalanceamount;pr_re_getbankname;pr_re_getunreconcilecrdrdata
(not in menu)		0		Reconciliation		re_SingleReconciliationRollback.aspx	Reconciliation/re_SingleReconciliationRollback.aspx	Search / List / Inquiry	Medium	7.74	Complex	149	333	38	2	2	5	4				pr_re_getaccountnumberwithbalanceamount;pr_re_getbankname;pr_re_reconciledgetdata;pr_re_singlereconciliationrollback
(not in menu)		0		Reconciliation		re_TextFileConfiguration.aspx	Reconciliation/re_TextFileConfiguration.aspx	CRUD master	Complex	14.29	Complex	333	1262	77	2	12	4	2	yes			pr_re_getaccountnumberwithbalanceamount;pr_re_getbankname
Reconcillation	Reconcillation	1	yes	Reconciliation		re_TheirLedgerExcelDataTransfer.aspx	Reconciliation/re_TheirLedgerExcelDataTransfer.aspx	Transaction / Entry	Complex	50.71	Complex	445	5909	138	5	10	7	3	yes			pr_re_getaccountnumberwithbalanceamount;pr_re_getbankname;pr_re_getdateformat
(not in menu)		0		Reports		CrystalViewer.aspx	Reports/CrystalViewer.aspx	Report	Report	9.65	Report	180	1250	33	0	8	6	0	yes			
(not in menu)		0		Reports		CustomizeAdHoc_export.aspx	Reports/CustomizeAdHoc_export.aspx	Report	Report	0.73	Report	16	110	0	0	0	0	0				
Retail and Corporate Operations	(module 0 — not in a_Module);Central Administration;Internet Banking;Reconcillation;Retail and Corporate Operations;Trade Finance	7	yes	Reports		ReportSelector.aspx	Reports/ReportSelector.aspx	Report	Report	2.66	Report	23	216	3	0	0	0	1		yes		pr_g_getreportsbymoduleid
(not in menu)		0		Reports		ReportsSourceHandler.aspx	Reports/ReportsSourceHandler.aspx	Report	Report	0.87	Report	21	44	2	0	0	0	0		yes		
(not in menu)		0		Reports		ReportsTargetHandler.aspx	Reports/ReportsTargetHandler.aspx	Report	Report	1.87	Report	18	115	0	0	0	0	1		yes		pr_rsrv_managesession
(not in menu)		0		Reports		rsrv_manageReportDb.aspx	Reports/rsrv_manageReportDb.aspx	Report	Report	0.62	Report	16	6	2	0	0	0	0		yes		
(not in menu)		0		Reports		rsrv_manageReportServer.aspx	Reports/rsrv_manageReportServer.aspx	Report	Report	0.67	Report	8	13	2	0	0	0	0		yes		
Central Administration	Central Administration	3	yes	Reports	Admin	AdminReport.aspx	Reports/Admin/AdminReport.aspx	Report	Report	14.9	Report	201	1035	20	0	1	2	12	yes			pr_a_getlogtimebydate;pr_a_getlogtimeforalluser;pr_a_getlogtimeforuser;pr_a_getrightsassignrevoke;pr_a_getuserconnectedstatus;pr_a_getuserinformation;pr_a_getuserinformationdetails;pr_a_getusermoduledetails;pr_a_getuserrightsdetails;pr_a_r_getuserstatusdetails;pr_a_r_userrights;pr_x_r_getuseraccessrevoke
Retail and Corporate Operations	Retail and Corporate Operations	2	yes	Reports	CBLReports	CBLReports.aspx	Reports/CBLReports/CBLReports.aspx	Report	Report	7.78	Report	146	525	92	0	3	2	1				pr_cbl_reports
Retail and Corporate Operations	Retail and Corporate Operations	7	yes	Reports	CBLReportsV1	CBLReportsV1.aspx	Reports/CBLReportsV1/CBLReportsV1.aspx	Report	Report	12.22	Report	253	975	113	0	8	4	2	yes			pr_cbl_reportsv1;pr_cbl_xmloutreportsv1
Internet Banking	Internet Banking	4	yes	Reports	HelpDesk	HelpDeskReportSetting.aspx	Reports/HelpDesk/HelpDeskReportSetting.aspx	Report	Report	7.51	Report	169	647	20	0	4	2	4	yes			pr_hd_r_getfundtransfertransactionrequest;pr_hd_r_getuseractivity;pr_hd_r_getuserlist;pr_hd_r_pendingrequeststatus
(module 0 — not in a_Module)	(module 0 — not in a_Module)	1	yes	Reports	ProjectFormulation	LoanClientFile.aspx	Reports/ProjectFormulation/LoanClientFile.aspx	Report	Report	5.3	Report	51	303	7	0	1	1	5	yes			pr_b_getapplicantfile;pr_b_getapplicantname;pr_b_getclientfile;pr_b_getclientname;pr_g_getcustomisedrpt
(module 0 — not in a_Module)	(module 0 — not in a_Module)	1	yes	Reports	ProjectFormulation	LoanContractLetter.aspx	Reports/ProjectFormulation/LoanContractLetter.aspx	Report	Report	2.89	Report	42	224	5	0	0	1	2	yes			pr_b_getapplicantnameforfile;pr_p_getloancontractletter
(module 0 — not in a_Module)	(module 0 — not in a_Module);Retail and Corporate Operations	3	yes	Reports	RBI Report	rp_RBIConfiguration.aspx	Reports/RBI Report/rp_RBIConfiguration.aspx	Report	Report	68.19	Report	511	8260	93	5	10	13	9	yes			pr_rp_createreporttreev1;pr_rp_errorlog;pr_rp_getchangelog;pr_rp_r_getutilityoutput;pr_rp_reportitem;pr_rp_savechangelog;pr_rp_utilityreportbasetype;pr_rp_utilityreportlist;pr_rp_utilityreporttypelist
(not in menu)		0		Reports	RBI Report	rp_RBIConfigurationLog.aspx	Reports/RBI Report/rp_RBIConfigurationLog.aspx	Report	Report	2.51	Report	56	143	4	1	0	0	1				pr_rp_getchangelog
Reconcillation	Reconcillation	1	yes	Reports	Reconciliation	OutPutTypeReport.aspx	Reports/Reconciliation/OutPutTypeReport.aspx	Report	Report	5.19	Report	70	460	8	0	2	2	3	yes			pr_re_getaccountnumberwithbalanceamount;pr_re_getbankname;pr_re_getoutputtypereport
Reconcillation	Reconcillation	2	yes	Reports	Reconciliation	re_LedgerReport.aspx	Reports/Reconciliation/re_LedgerReport.aspx	Report	Report	5.68	Report	63	534	8	0	2	2	3				pr_re_getaccountnumberwithbalanceamount;pr_re_getbankname;pr_re_getledgerreportdata
Reconcillation	Reconcillation	1	yes	Reports	Reconciliation	re_OutPutTypeSummaryReport.aspx	Reports/Reconciliation/re_OutPutTypeSummaryReport.aspx	Report	Report	6.96	Report	81	528	11	0	3	2	5				pr_re_getaccountnumberwithbalanceamount;pr_re_getbankname;pr_re_getledgeropeningbalance;pr_re_getoutputtypesummary;pr_re_getoutputtypesummaryv1
Reconcillation	Reconcillation	1	yes	Reports	Reconciliation	re_ProcessTypeReport.aspx	Reports/Reconciliation/re_ProcessTypeReport.aspx	Report	Report	7.53	Report	74	601	13	0	1	2	5				pr_re_getaccountnumberwithbalanceamount;pr_re_getbankname;pr_re_getprocesstypereportdata;pr_re_getreconcilecrdrdata;pr_re_getreconcilemanytomanycrdrdata
Reconcillation	Reconcillation	1	yes	Reports	Reconciliation	re_UnRecInterBrAdjEntrReport.aspx	Reports/Reconciliation/re_UnRecInterBrAdjEntrReport.aspx	Report	Report	3.22	Report	54	345	8	0	3	2	1	yes			pr_re_getunrecinterbradjcons
Retail and Corporate Operations	Retail and Corporate Operations	1	yes	Reports	RetailBanking	BankerChequeReport.aspx	Reports/RetailBanking/BankerChequeReport.aspx	Report	Report	3.91	Report	292	310	16	0	1	2	2				pr_x_r_paidunpaidbankercheque;pr_x_r_unpassaccount
Retail and Corporate Operations	Retail and Corporate Operations	2	yes	Reports	RetailBanking	CashierReport.aspx	Reports/RetailBanking/CashierReport.aspx	Report	Report	5.67	Report	174	395	16	0	3	4	4	yes			pr_a_getuserlist;pr_x_r_cashierreport;pr_x_r_cashiertocashiertrftran;pr_x_r_usertransactionreport
Retail and Corporate Operations	Retail and Corporate Operations	1	yes	Reports	RetailBanking	Corporateaccounts.aspx	Reports/RetailBanking/Corporateaccounts.aspx	Report	Report	5.67	Report	122	557	19	0	2	2	2	yes			pr_b_r_get_corporateacccrdtrnovercons;pr_b_r_getlogview
Retail and Corporate Operations	Retail and Corporate Operations	1	yes	Reports	RetailBanking	GSTReport.aspx	Reports/RetailBanking/GSTReport.aspx	Report	Report	2.86	Report	72	273	11	0	4	2	1	yes			pr_g_r_getgstrpt
Retail and Corporate Operations	Retail and Corporate Operations	1	yes	Reports	RetailBanking	InactiveDormantReport.aspx	Reports/RetailBanking/InactiveDormantReport.aspx	Report	Report	7.43	Report	279	611	24	0	5	4	4	yes			pr_x_r_dailybalancingjournal;pr_x_r_inactivedormantreport;pr_x_r_inactivedormantreportcons;pr_x_r_unpassaccount
(not in menu)		0		Reports	RetailBanking	JLGReports_export.aspx	Reports/RetailBanking/JLGReports_export.aspx	Report	Report	0.87	Report	16	131	0	0	0	0	0				
Retail and Corporate Operations	Retail and Corporate Operations	1	yes	Reports	RetailBanking	LogViewReport.aspx	Reports/RetailBanking/LogViewReport.aspx	Report	Report	4.37	Report	113	458	18	0	2	2	1	yes			pr_b_r_getlogview
Retail and Corporate Operations	Retail and Corporate Operations	1	yes	Reports	RetailBanking	PendingChequeBookRequest.aspx	Reports/RetailBanking/PendingChequeBookRequest.aspx	Report	Report	8.28	Report	326	654	38	0	10	8	4	yes			pr_x_r_dailybalancingjournal;pr_x_r_pendingchequebookrequest;pr_x_r_pendingchequebookrequestcons;pr_x_r_unpassaccount
Retail and Corporate Operations	(module 0 — not in a_Module);Retail and Corporate Operations;Trade Finance	33	yes	Reports	RetailBanking	ReportOptions.aspx	Reports/RetailBanking/ReportOptions.aspx	Report	Report	282.13	Report	5356	19778	702	5	144	12	197	yes			pr_a_r_getblockusers;pr_b_accountbalancing;pr_b_getcashposition;pr_b_loadextcounter;pr_b_otherrecaccountbalancing;pr_b_r_getaccstatusbybranchcons;pr_b_r_newaccopenreport;pr_b_r_signatureunavailableacc;pr_c_getloansuit;pr_c_r_getprovisionalcertificate;pr_c_renewedinsurance;pr_d_r_gettransactioncode403;pr_d_r_gettransactioncode409;pr_d_r_gettransactioncode410;pr_g_loadtemplate;pr_p_getapplicantfinancialanalysis;pr_r_getcashbookdetailstemplatereport;pr_r_getprofitandlosstemplatereport;pr_r_gettrialbalancetemplatereport;pr_re_getbankname;pr_si_r_getundonesireport;pr_st_statement5;pr_tr_r_getforexroundoffgainloss;pr_x_cashbookdetails;pr_x_duplicateservicecharges;pr_x_generatedayendbalance;pr_x_getaccheadandagentwise;pr_x_getaccountnumber;pr_x_getcashierwithholdamount;pr_x_getclearingamount;pr_x_getcustomerlist;pr_x_getnoticeacc;pr_x_getpigmyaccountdetails;pr_x_getrealisedledgerentries;pr_x_getservicecharges;pr_x_getunrealisedledgerentries;pr_x_getunrealisedledgerentriescredit;pr_x_getunrealisedledgerentriesdebit;pr_x_isstandardaccount;pr_x_ledger;pr_x_r_accountmodifyregister;pr_x_r_accountopenclosereg;pr_x_r_accountstatus;pr_x_r_accountstatuscons;pr_x_r_acctivationdormantaccountregister;pr_x_r_agentcommision;pr_x_r_agentcommisiondetails;pr_x_r_authorizerights;pr_x_r_balancecertificate;pr_x_r_batchtransaction;pr_x_r_bookbalancecertificate;pr_x_r_calldepositaccounts;pr_x_r_cashbook;pr_x_r_cashiersummary;pr_x_r_cashiersummarynew;pr_x_r_cashscrollreceiptpayment;pr_x_r_cashsummary;pr_x_r_cashtransactionreportcons;pr_x_r_checkledger;pr_x_r_checkountopencloseregister;pr_x_r_chestscrollreceipt;pr_x_r_clearancecertificate;pr_x_r_clientstatement;pr_x_r_dailybalancingjournal;pr_x_r_dailydepositdaybook;pr_x_r_dailyinvestmenttransactionjournal;pr_x_r_dailylctransactionjournal;pr_x_r_dailytranjournalv1;pr_x_r_dailytransactionjournal;pr_x_r_daybooksummary;pr_x_r_deletedtransaction;pr_x_r_depositschemeslab;pr_x_r_dormantaccount;pr_x_r_dormantaccountregister;pr_x_r_expirysecuritydocuments;pr_x_r_fixeddepositinterest;pr_x_r_generalledger;pr_x_r_generalledgercons;pr_x_r_getaccountheads;pr_x_r_getagentinfo;pr_x_r_getamountunderclearing;pr_x_r_getbillno;pr_x_r_getcashflowstatements;pr_x_r_getcashiertreasury;pr_x_r_getcashierusertranlimitcons;pr_x_r_getcashtranatbranch;pr_x_r_getcashtranbybranch;pr_x_r_getcheckclearingtransaction;pr_x_r_getclientaddress;pr_x_r_getclientlist;pr_x_r_getclosingadjustmentcashbook;pr_x_r_getcoaaccledgerbalances;pr_x_r_getcoaaccountbalance;pr_x_r_getctrcons;pr_x_r_getcustomernamebychartofaccount;pr_x_r_getdaybookdetails;pr_x_r_getdormantreactivationcons;pr_x_r_getdrawnbanklist;pr_x_r_getfdcertinfo;pr_x_r_getflexiaccountdetails;pr_x_r_getflexiaccountno;pr_x_r_getgaurantoraccidviz;pr_x_r_getgenderwiseloananddeposits;pr_x_r_getibcintimationletter;pr_x_r_getibcobccitylist;pr_x_r_getintonduedeposit;pr_x_r_getloaninterestamount;pr_x_r_getloantoaccountnumber;pr_x_r_getmaturedfds;pr_x_r_getnotlasttranaccount;pr_x_r_getodcompstatement;pr_x_r_getorgelement;pr_x_r_getotherreceivable;pr_x_r_getoutstandingunrealisedpayorder;pr_x_r_getoverdrawnaccountbalance;pr_x_r_getpltemplatereport;pr_x_r_getprofitlosssummary;pr_x_r_getprofitlosssummarycons;pr_x_r_getreturnedibcobc;pr_x_r_getsbminimumbalancecharges;pr_x_r_getsbminimumbalancedate;pr_x_r_getstoppedcheques;pr_x_r_getstr;pr_x_r_gettbtemplatereport;pr_x_r_gettbtemplatereportcons;pr_x_r_gettdsapplicabelrpt;pr_x_r_gettdsceritificate;pr_x_r_gettdsexemption;pr_x_r_gettransactionamount;pr_x_r_getunappliedstatement;pr_x_r_getuserdefndnoticeletter;pr_x_r_getwiretransactioncons;pr_x_r_getwiretransactiondetails;pr_x_r_headwisetransactionjournal;pr_x_r_insuranceduedateregister;pr_x_r_interestdaybook;pr_x_r_investmentaccountopenreg;pr_x_r_investmentotherreport;pr_x_r_lcaccountreg;pr_x_r_ledger;pr_x_r_ledgerinvestment;pr_x_r_lieninformationregister;pr_x_r_loanbalancing;pr_x_r_loanschemeslabdetails;pr_x_r_master;pr_x_r_maturityfixeddeposit;pr_x_r_mstclsadv;pr_x_r_obcibcrealised;pr_x_r_obcrealisationbill;pr_x_r_obcreturnbill;pr_x_r_oldnewaccountlist;pr_x_r_passingscrollstatement;pr_x_r_passingscrollstatementcons;pr_x_r_profitandlossdaybook;pr_x_r_queryonamount;pr_x_r_queryonamountbalance;pr_x_r_reacledger;pr_x_r_reactivationdormantaccountregister;pr_x_r_registeredrecordeddelivery;pr_x_r_savingabstractcontrol;pr_x_r_sbintprovision;pr_x_r_scheduleofloanrepayment;pr_x_r_scheduleofremittances;pr_x_r_specialinstructionregister;pr_x_r_termdeposit;pr_x_r_transactiondetails;pr_x_r_treasuryexternal;pr_x_r_treasuryinternal;pr_x_r_trialbalance;pr_x_r_unpassaccount;pr_x_r_unpassagclnacccls;pr_x_r_unpassbatch;pr_x_r_unpasscashiertocashiertran;pr_x_r_unpasscashiertransaction;pr_x_r_unpasschequeissuetransaction;pr_x_r_unpasschqrevstoppay;pr_x_r_unpasschqstoppayment;pr_x_r_unpassclearingtransaction;pr_x_r_unpassecstrans;pr_x_r_unpassedbatch;pr_x_r_unpassedsbcardaccountclosing;pr_x_r_unpassfdrtransaction;pr_x_r_unpassibttransaction;pr_x_r_unpassinwardclearinglottransaction;pr_x_r_unpassinwardreturntransaction;pr_x_r_unpasslockerissuetransaction;pr_x_r_unpasspigmytransaction;pr_x_r_unpassstandinginstructionschedule;pr_x_r_unpassstatusmodacc;pr_x_r_unpasstransaction;pr_x_r_unpasswsdormantreactivation;pr_x_r_unrealisedibcobc;pr_x_r_userwiseheadwisejournal;pr_x_r_userwisetransactionjournal;pr_x_saveaccstatementlog;pr_x_trialbalance;pr_x_unpassedsitransctions
(not in menu)		0		Reports	RetailBanking	ReportSubDetails.aspx	Reports/RetailBanking/ReportSubDetails.aspx	Report	Report	7.69	Report	287	386	28	2	2	2	4				pr_x_cashbookdetails;pr_x_getcontratransactioninfo;pr_x_getctscontratransactioninfo;pr_x_isstandardaccount
Retail and Corporate Operations	Retail and Corporate Operations	2	yes	Reports	RetailBanking/Account	AccountReportSetting.aspx	Reports/RetailBanking/Account/AccountReportSetting.aspx	Report	Report	29.71	Report	436	1901	81	0	9	2	23	yes			pr_c_r_standardassetspa;pr_g_applypigmynewtheme;pr_x_getaccountnumber;pr_x_getstartdatefinancialyear;pr_x_r_accountopenclosereg;pr_x_r_dormantaccountregister;pr_x_r_getaccountchargesconfig;pr_x_r_getaccountturnover;pr_x_r_getagentclientcollection;pr_x_r_getagentclientcollectionv1;pr_x_r_getagentinfo;pr_x_r_getamountwiseclassificationofloansandadvances;pr_x_r_getcategorywiseclassificationofdeposits;pr_x_r_getchangedintratespaidondeposits;pr_x_r_getclientinfo;pr_x_r_getcustomernamebychartofaccount;pr_x_r_getdenominatorlist;pr_x_r_getmaturitypatternsdepositloanadv;pr_x_r_getotherreceivable;pr_x_r_gettopdepositorscons;pr_x_r_ledger;pr_x_r_listofaccounts;pr_x_r_oldnewaccountlist
Retail and Corporate Operations	Retail and Corporate Operations	3	yes	Reports	RetailBanking/ATM	ATM Reports.aspx	Reports/RetailBanking/ATM/ATM Reports.aspx	Report	Report	6.49	Report	189	566	23	0	4	2	3	yes			pr_b_r_atmbranchwisecons;pr_b_r_atmcardreportcons;pr_b_r_getatmtran
Retail and Corporate Operations	Retail and Corporate Operations	1	yes	Reports	RetailBanking/Balancing	BalancingReportSetting.aspx	Reports/RetailBanking/Balancing/BalancingReportSetting.aspx	Report	Report	18.32	Report	250	1194	34	0	10	2	15	yes			pr_x_getclientaccountbalancing;pr_x_getpnlminrate;pr_x_getstartdatefinancialyear;pr_x_r_balancesheet;pr_x_r_getagentclientinfo;pr_x_r_getagentinfo;pr_x_r_getgroupwiseprofitlossstatement;pr_x_r_getpnlbynotescons;pr_x_r_nilbalance;pr_x_r_profitandlossstatement;pr_x_r_profitandlossstatementhov1;pr_x_r_profitandlossstatementhov1nformat;pr_x_r_profitandlossstatementhov1nformatv1;pr_x_r_profitandlossstatementnformat;pr_x_r_profitandlossstatementnformatv1
(not in menu)		0		Reports	RetailBanking/CBLReportsV1	CBLReportsV1.aspx	Reports/RetailBanking/CBLReportsV1/CBLReportsV1.aspx	Report	Report	11.89	Report	221	961	107	0	8	4	2	yes			pr_cbl_reportsv1;pr_cbl_xmloutreportsv1
Retail and Corporate Operations	Retail and Corporate Operations	7	yes	Reports	RetailBanking/Clearing	ClearingReportSettings.aspx	Reports/RetailBanking/Clearing/ClearingReportSettings.aspx	Report	Report	31.55	Report	836	2140	102	0	25	2	22	yes			pr_b_r_getinwardreturnregisterv1;pr_r_cts_getfiledetails;pr_x_r_dailybalancingjournal;pr_x_r_dormantaccountregister;pr_x_r_exportunexportregister;pr_x_r_getbankbranchlist;pr_x_r_getinwardclearingtrandetailscons;pr_x_r_getinwardoutwardreturnregister;pr_x_r_getinwardretruntransaction;pr_x_r_getinwardreturnmemo;pr_x_r_getinwardreturnmemoibt;pr_x_r_getinwardreturnmemov1;pr_x_r_getinwardreturnregister;pr_x_r_getlotandcreditdate;pr_x_r_getout;pr_x_r_getoutwardclearing;pr_x_r_getoutwardclearingcons;pr_x_r_getoutwardreturnclearingcons;pr_x_r_getoutwardreturnmemo;pr_x_r_getpdcaccwisedetail;pr_x_r_getpdcdatewisetrans;pr_x_r_getunpaidchequecons
Retail and Corporate Operations	Retail and Corporate Operations	3	yes	Reports	RetailBanking/Forex	ForexReportSetting.aspx	Reports/RetailBanking/Forex/ForexReportSetting.aspx	Report	Report	5.09	Report	185	422	27	0	6	4	2	yes			pr_x_r_getforexbuysellcons;pr_x_r_getforexlist
Retail and Corporate Operations	Retail and Corporate Operations	3	yes	Reports	RetailBanking/HeadOffice	HeadofficeReportSetting.aspx	Reports/RetailBanking/HeadOffice/HeadofficeReportSetting.aspx	Report	Report	52.56	Report	701	2856	113	7	26	8	39	yes			pr_x_gettbminrate;pr_x_r_balancesheet;pr_x_r_dailytrialbalance;pr_x_r_getaveragedeposit;pr_x_r_getconsolidatedaveragedeposit;pr_x_r_getconsolidatedtrialbalance;pr_x_r_getdepositclassification;pr_x_r_getformaauditedbalancesheet;pr_x_r_getnpaannexure2;pr_x_r_gettbminratebynotes;pr_x_r_gettrialbalance;pr_x_r_gettrialbalanceminrate;pr_x_r_gettrialbalanceminrateglcons;pr_x_r_headofficebalancesheet;pr_x_r_headofficetrialbalance;pr_x_r_trialbalancehorizontal;pr_x_r_trialbalancehorizontal_islamic;pr_x_r_trialbalancehorizontalho;pr_x_r_trialbalancehorizontalho_islamic;pr_x_r_trialbalancehorizontalhonformat;pr_x_r_trialbalancehorizontalhonformatv1;pr_x_r_trialbalancehorizontalnformat;pr_x_r_trialbalancehorizontalnformatv1;pr_x_r_trialbalancehorizontalwithacc;pr_x_r_trialbalancehorizontalwithacc_islamic;pr_x_r_trialbalancehorizontalwithaccho;pr_x_r_trialbalancehorizontalwithaccho_islamic;pr_x_r_trialbalancehorizontalwithaccwithoption;pr_x_r_trialbalancehorizontalwithaccwithoption_islamic;pr_x_r_trialbalancehorizontalwithaccwithoptionho;pr_x_r_trialbalancehorizontalwithaccwithoptionho_islamic;pr_x_r_trialbalancehorizontalwithoption;pr_x_r_trialbalancehorizontalwithoption_islamic;pr_x_r_trialbalancehorizontalwithoptionho;pr_x_r_trialbalancehorizontalwithoptionho_islamic;pr_x_r_trialbalancehorizontalwithoptionhonformat;pr_x_r_trialbalancehorizontalwithoptionhonformatv1;pr_x_r_trialbalancehorizontalwithoptionnformat;pr_x_r_trialbalancehorizontalwithoptionnformatv1
Trade Finance	Trade Finance	5	yes	Reports	RetailBanking/LC	ReportSettings.aspx	Reports/RetailBanking/LC/ReportSettings.aspx	Report	Report	22.72	Report	741	1098	115	0	46	8	18	yes			pr_x_r_dailylctransactionjournal;pr_x_r_getchequeclearingdetail;pr_x_r_getlccitylist;pr_x_r_getlcdrawnbanklist;pr_x_r_getlcno;pr_x_r_getlieninformationregister;pr_x_r_getoverduedetailreport;pr_x_r_getoverduereportforloanheadwise;pr_x_r_getperiodwiseoverduesstatement;pr_x_r_gettdscategoryreport;pr_x_r_getunclearedtransactionregister;pr_x_r_getuserdefndlcletter;pr_x_r_lcaccountreg;pr_x_r_lcrealisation;pr_x_r_lcrealised;pr_x_r_lcreturn;pr_x_r_lcscheduleofremittances;pr_x_r_unrealisedlc
Retail and Corporate Operations	Retail and Corporate Operations	32	yes	Reports	RetailBanking/loan	ReportOptions.aspx	Reports/RetailBanking/loan/ReportOptions.aspx	Report	Report	100.17	Report	2129	7267	193	1	14	5	72	yes			pr_b_accountbalancing;pr_b_r_getblacklistclient;pr_b_r_getcategorycons;pr_b_r_getrepeatclientsloanscons;pr_b_r_getstatedateperiodcons;pr_b_r_getstatedatewisecons;pr_b_r_gettopborrowerscons;pr_c_r_calculateprovision;pr_c_r_getageing;pr_c_r_getarrearscons;pr_c_r_getdeletedloanrepayments;pr_c_r_getguarantorsandcollateral;pr_c_r_getindicators;pr_c_r_getloancyclecons;pr_c_r_getloanguarantors;pr_c_r_getloanhistorycons;pr_c_r_getloansizesanalysis;pr_c_r_getportfolio;pr_c_r_getportfolioanalysis;pr_c_r_getportfolioriskcons;pr_c_r_repaymentnoticecons;pr_p_getapplicantfinancialanalysis;pr_p_r_getactiveportfoliocreditofficercons;pr_p_r_getapprovedrejectedpendingloans;pr_p_r_getfundutilisation;pr_p_r_getloancasedetails;pr_x_duplicateservicecharges;pr_x_ledger;pr_x_r_acctivationdormantaccountregister;pr_x_r_cashbook;pr_x_r_cashiersummary;pr_x_r_checkountopencloseregister;pr_x_r_chestscrollreceipt;pr_x_r_dailybalancingjournal;pr_x_r_dormantaccountregister;pr_x_r_getamountsduecons;pr_x_r_getamountsduetodaycons;pr_x_r_getcustomernamebychartofaccount;pr_x_r_getdisbursementcons;pr_x_r_getexpectedrepaymentspastpresentdues;pr_x_r_getfeesreceivedcons;pr_x_r_getflexiaccountdetails;pr_x_r_getflexiaccountno;pr_x_r_getfullyrepaidloans;pr_x_r_getledgercard;pr_x_r_getlistingofrepayments;pr_x_r_getloanledgercard;pr_x_r_getloanswithguarantorcons;pr_x_r_getloanswithoutguarantorcons;pr_x_r_getloantillsheet;pr_x_r_getloantoaccountnumber;pr_x_r_getmissednoncompletedpayments;pr_x_r_getontimerepaymentspercyclecons;pr_x_r_getoutstandingbalancecons;pr_x_r_getpaymentsmadedisbursementcons;pr_x_r_getpaymentsmadeduringperiodcons;pr_x_r_getpenaltieschargedpaid;pr_x_r_getprepaymentsmadeperiodcons;pr_x_r_getrepaymentsduescons;pr_x_r_getrepaymentspastduescons;pr_x_r_getrepaywrittenoffloanscons;pr_x_r_getreprintrepayment;pr_x_r_getrescheduleloanscons;pr_x_r_gettransactionamount;pr_x_r_getupcomingmaturityloanscons;pr_x_r_getwrittenoffandrescheduleloans;pr_x_r_guarantornotanyloan;pr_x_r_guarantorofloan;pr_x_r_indivisualloandisbursement;pr_x_r_loanwrittenoffcons;pr_x_r_reacledger;pr_x_trialbalance
Retail and Corporate Operations	Retail and Corporate Operations	27	yes	Reports	RetailBanking/New RetailBanking Report	ReportSettings.aspx	Reports/RetailBanking/New RetailBanking Report/ReportSettings.aspx	Report	Report	173.09	Report	1885	11078	276	6	59	4	139	yes			pr_b_getagentidfromacno;pr_d_getchartofaccountbydepositclassficationheadsetting;pr_d_getdepinsheadsetting;pr_databankdates;pr_g_applypigmynewtheme;pr_r_ccaddlimitexpirylist;pr_x_getrsqdailydepositagentnumber;pr_x_r_getaccountheadwisereport;pr_x_r_getadvanceagainstdeposit;pr_x_r_getagentcommission;pr_x_r_getagentcommissionv1;pr_x_r_getagenttransactionstatement;pr_x_r_getagenttransactionstatementv1;pr_x_r_getalltransactionreconcilation;pr_x_r_getbankaccountcashbook;pr_x_r_getbankemployeeslist;pr_x_r_getbanknominalmemberslist;pr_x_r_getbillsentforcollection;pr_x_r_getbookbalancecertificate;pr_x_r_getcashcreditadditionallimitexpiryregister;pr_x_r_getcashcreditlimitandoverdraftpaandnpaaccount;pr_x_r_getcashflowstatement;pr_x_r_getchequebookregister;pr_x_r_getchequeclearingdetail;pr_x_r_getchequeclearingdetailbankwise;pr_x_r_getchequeclearinghousesummary;pr_x_r_getclienttransactionstatement;pr_x_r_getclienttransactionstatementv1;pr_x_r_getclosingcashbalance;pr_x_r_getdailyaccountlist;pr_x_r_getdailyaccountlistv1;pr_x_r_getdailydepositdaybook;pr_x_r_getdailydepositdueregister;pr_x_r_getdaywisereceiptpaymentcashbook;pr_x_r_getdemanddraftpayabledaybook;pr_x_r_getdemanddraftpayabledaybookcons;pr_x_r_getdemanddraftschedulesummary;pr_x_r_getdemanddraftschedulesummarycons;pr_x_r_getdepositclassification;pr_x_r_getdepositcls_v2;pr_x_r_getdepositinsurance;pr_x_r_getdepositinsurancecons;pr_x_r_getdepositmaturitypattern;pr_x_r_getdepositmaturitypatterndetails;pr_x_r_getdepositregister;pr_x_r_getdirector;pr_x_r_getexpiryofstockstatement;pr_x_r_getexportedtransactionregister;pr_x_r_getexportimportdataofclearing;pr_x_r_getfdinterestcertificate;pr_x_r_getfixeddepositcomparativereport;pr_x_r_getfixeddepositcomparativesummaryreport;pr_x_r_getfixeddepositdetail;pr_x_r_getform26q;pr_x_r_getform26qa;pr_x_r_getform26qaa;pr_x_r_getgenderwisedistribution;pr_x_r_getibcdaybook;pr_x_r_getibcunrealised;pr_x_r_getinsuranceregister;pr_x_r_getinterestadjustmentdaybook;pr_x_r_getinterestdaybook;pr_x_r_getinterestpaidonfd;pr_x_r_getinterestprovisioncertificate;pr_x_r_getinterestprovisioningstatement;pr_x_r_getinterestreceivabledetail;pr_x_r_getinterestreceivablestatement;pr_x_r_getinwardbillcollection;pr_x_r_getinwardbillcollectionreport;pr_x_r_getlieninformationregister;pr_x_r_getlieninformationregistercons;pr_x_r_getloanaccountheads;pr_x_r_getloandisbursementrecovery;pr_x_r_getloandisbursementrecoveryoverduestatementofgoldloan;pr_x_r_getloandisbursementrecoverysummary;pr_x_r_getloanduedateregister;pr_x_r_getloanexpiryinformation;pr_x_r_getloanschemeslabdetails;pr_x_r_getlockerdaybook;pr_x_r_getlockerregister;pr_x_r_getmaturedbutnotpaid;pr_x_r_getmonthlyoverduestatement;pr_x_r_getnomineedetails;pr_x_r_getnpaannexure2;pr_x_r_getnpaannexure2detail;pr_x_r_getnpadetailprovision;pr_x_r_getnparecoveryreport;pr_x_r_getobcscheduleremittance;pr_x_r_getoccupationwisecustomerlist;pr_x_r_getoutwardbillcollectionreport;pr_x_r_getoutwardclearingpattiwithbank;pr_x_r_getoutwardclearingpattiwithbankbranch;pr_x_r_getoutwardscrollwiseclearing;pr_x_r_getoverduedetailreport;pr_x_r_getoverdueletter;pr_x_r_getoverduelettercorrespondance;pr_x_r_getoverduereport;pr_x_r_getoverduereportforloanheadwise;pr_x_r_getperiodwiseoverduesstatement;pr_x_r_getpigmyagentcommission;pr_x_r_getprimarysecuritydetails;pr_x_r_getpriorityweakersectiondetails;pr_x_r_getpriorityweakersectionsegmentwise;pr_x_r_getpriorityweakersectionsummary;pr_x_r_getpriorweaksecsectsummarycons;pr_x_r_getpriorweaksecsegwisecons;pr_x_r_getrbistatementiii;pr_x_r_getrddetails;pr_x_r_getreceivableinterestdaybook;pr_x_r_getreconcilationdaybook;pr_x_r_getreconcilationrealiseddaybook;pr_x_r_getreconcilationscrollreport;pr_x_r_getreconcilationunrealised;pr_x_r_getrecurringdepositduedateregister;pr_x_r_getresidualmaturityreport;pr_x_r_getresidualmaturityreportcons;pr_x_r_getsalarybatchtransaction;pr_x_r_getsecurtiywiseanalysisofloanandadvances;pr_x_r_getsocietywisereportofloansandoverdue;pr_x_r_getstatementno12b;pr_x_r_getstatementno4;pr_x_r_getstatementno9;pr_x_r_getstatementno9simple;pr_x_r_getstockstatementduedateregister;pr_x_r_getstoppaymentregister;pr_x_r_gettdscategoryreport;pr_x_r_gettdsreport;pr_x_r_gettermdepositanddetail;pr_x_r_gettermdepositregister;pr_x_r_getunappliedinterestbalancing;pr_x_r_getunappliedinterestdetaildaybook;pr_x_r_getunappliedinterestdetaildaybookcons;pr_x_r_getunappliedinterestsummarydaybook;pr_x_r_getunappliedinterestsummarydaybookcons;pr_x_r_getunclearedtransactionregister;pr_x_r_getunexportedtransactionregister;pr_x_r_getunpassedreconcilation;pr_x_r_getvacantlockerlist;pr_x_r_getweeklyloanoverduestatement
Retail and Corporate Operations	Retail and Corporate Operations	2	yes	Reports	RetailBanking/SeedReports	AccountsReport.aspx	Reports/RetailBanking/SeedReports/AccountsReport.aspx	Report	Report	4.3	Report	88	357	18	0	3	2	2	yes			pr_g_r_getaccountheadcreaterpt;pr_x_r_getreceivablechargescons
Retail and Corporate Operations	Retail and Corporate Operations	88	yes	Reports	RetailBanking/SeedReports	SeedReportOptions.aspx	Reports/RetailBanking/SeedReports/SeedReportOptions.aspx	Report	Report	261.97	Report	4785	16292	739	4	140	7	201	yes			pr_a_getuserscashsummaryrpt;pr_b_accountbalancing;pr_b_accountbalancingcons;pr_b_getcashpositioncons;pr_b_getcreditofficer;pr_b_getdepositsector;pr_b_isaccmanforaccledrpt;pr_b_r_getaccountdepoandexpobal;pr_b_saveviewlog;pr_d_getdepschemebyheadmap;pr_lra_getunauthcstmstran;pr_lra_getunauthcstmstranrev;pr_lra_r_getcstmpaydetails;pr_lra_r_getunauthbillpayments;pr_omb_r_getcbslogdata;pr_p_r_getcrofficersportfoliodetails;pr_r_lra_gettaxpayreceipt;pr_x_cashbookdetails;pr_x_getaccheadandagentwise;pr_x_getaccountdetails;pr_x_getaccountnumber;pr_x_getbookbalancecertificate;pr_x_getbookbalancecertificatecons;pr_x_getbookbalatsetting;pr_x_getcalculatedfdinterest;pr_x_getcalculatedfdinterestcons;pr_x_getclearingamount;pr_x_getpigmyaccountdetails;pr_x_getservicecharges;pr_x_getundrawnodamountcons;pr_x_r_accnolistsummarycons;pr_x_r_accountclassificationreport;pr_x_r_accountmodifyregister;pr_x_r_accountmodifyregistercons;pr_x_r_accountopenclosereg;pr_x_r_accountopencloseregcons;pr_x_r_accountopencloseregv2cons;pr_x_r_accountstatusreportv2;pr_x_r_accountstatussummarycons;pr_x_r_accruvalodinterest;pr_x_r_arrearsreportcons;pr_x_r_batchtransaction;pr_x_r_batchtransactioncons;pr_x_r_calldepositaccounts;pr_x_r_calloverreport;pr_x_r_cashiersummary;pr_x_r_cashiersummary_v1;pr_x_r_cashscrollreceiptpayment;pr_x_r_cawithoverdraftlimit;pr_x_r_chequerangeissuedreport;pr_x_r_customeraccountbalancereport;pr_x_r_dealsbookedreport;pr_x_r_deletedtransaction;pr_x_r_deletedtransactioncons;pr_x_r_deliquencycalculationreport;pr_x_r_depositschemeslab;pr_x_r_depositwithrangeofvols;pr_x_r_expiredoverdraftlimits;pr_x_r_fixeddepositinterestcons;pr_x_r_fixeddepositreport;pr_x_r_generalledger;pr_x_r_getaccmovementdata;pr_x_r_getaccountheads;pr_x_r_getaccountledger;pr_x_r_getadditionallimitdetails;pr_x_r_getallowdebittransaccheaddetails;pr_x_r_getamountwiseclassificationofloansandadvancescons;pr_x_r_getcashdepositdetails;pr_x_r_getcashiertreasury;pr_x_r_getcashintransitdetails;pr_x_r_getcategorywisedepositcons;pr_x_r_getcheckclearingtransaction;pr_x_r_getclientaddress;pr_x_r_getclosingadjustmentcashbook;pr_x_r_getcustomernamebychartofaccount;pr_x_r_getdenominatorlist;pr_x_r_getdormantreactivation;pr_x_r_getexpiryofcclimitreminderv1;pr_x_r_getexternaltreasurytrans;pr_x_r_getfixeddepositcomparativereport;pr_x_r_getfixeddepositcomparativesummaryreport;pr_x_r_getfixeddepositdetailcons;pr_x_r_getflexiaccountdetails;pr_x_r_getflexiaccountno;pr_x_r_getgaurantorlist;pr_x_r_getglmovementcons;pr_x_r_getgovtaxpaymentdetails;pr_x_r_getinterestpaidonfd;pr_x_r_getinterestpaidonfdcons;pr_x_r_getloandisbursementrecovery;pr_x_r_getloandisbursementrecoverycons;pr_x_r_getloandisbursementrecoverysummary;pr_x_r_getloandisbursrecoverysummarycons;pr_x_r_getloosechequedetailscons;pr_x_r_getotherreceivable;pr_x_r_getoutwardclearingreport;pr_x_r_getoverdrawnaccountbalancecons;pr_x_r_getpurposewiseanalysisofadvances;pr_x_r_getpurposewiseanalysisofadvancescons;pr_x_r_getpurposewiseclassification;pr_x_r_getpurposewiseclassificationofadvances;pr_x_r_getsavinginterestcertificate;pr_x_r_getsftiwtran;pr_x_r_getsurityregister;pr_x_r_gettermdepositanddetailcons;pr_x_r_gettodregisterv1;pr_x_r_gettopdepositors;pr_x_r_gettransactionsourcelist;pr_x_r_gettransactionsourcewiselist;pr_x_r_gettrialbalance;pr_x_r_getunauthcashswapsettlement;pr_x_r_getunauthcashswaptran;pr_x_r_getunauthdcouttran;pr_x_r_getunauthforextran;pr_x_r_getunauthorizebankercheque;pr_x_r_getunauthorizoutwardtran;pr_x_r_getundrawnccbalancesv1;pr_x_r_getuserstatus;pr_x_r_inoutchequereturnedreport;pr_x_r_interestinsuspensereport;pr_x_r_inwardclearingreport;pr_x_r_ledger;pr_x_r_listofaccounts;pr_x_r_loanbalancingcons;pr_x_r_loanschemeslabdetails;pr_x_r_maturedloanaccounts;pr_x_r_monthendreportcons;pr_x_r_monthlyprovisionforbaddebt;pr_x_r_oldnewaccountlistcons;pr_x_r_overdrawnpositiononinwardclearing;pr_x_r_passingscrolldetail;pr_x_r_profitandlossdaybook;pr_x_r_queryonamount;pr_x_r_riskassetreportcons;pr_x_r_scheduleofloanrepaymentv1cons;pr_x_r_sectorialdepositreport;pr_x_r_standinginstructionreport;pr_x_r_transactiondetails;pr_x_r_turnoverreport;pr_x_r_unauthlendingsettlementtran;pr_x_r_unauthlendingtran;pr_x_r_unauthorizeatmcardregistration;pr_x_r_unauthorizecashintransittran;pr_x_r_unauthorizechargesreceivablerev;pr_x_r_unauthorizechequebookreq;pr_x_r_unauthorizeclassbyproductreport;pr_x_r_unauthorizeclassificationreport;pr_x_r_unauthorizeclientreport;pr_x_r_unauthorizedgovtaxtran;pr_x_r_unauthorizedloancancellation;pr_x_r_unauthorizedloansettlement;pr_x_r_unauthorizedloansettlementrebate;pr_x_r_unauthorizedloanwrittenoff;pr_x_r_unauthorizedlocalfundtran;pr_x_r_unauthorizedoverdraftreport;pr_x_r_unauthorizedtreasurytran;pr_x_r_unauthorizedwiretransaction;pr_x_r_unauthorizeexcesswithdrawal;pr_x_r_unauthorizefdmatpreclosing;pr_x_r_unauthorizeforextradingtran;pr_x_r_unauthorizegovernmentrevenuetran;pr_x_r_unauthorizeholdingamounttran;pr_x_r_unauthorizeinwardfileupdate;pr_x_r_unauthorizeloandisbursementtran;pr_x_r_unauthorizeloanreshedule;pr_x_r_unauthorizelocalfundtranferreversal;pr_x_r_unauthorizemanagerchequereversal;pr_x_r_unauthorizemanytomanytran;pr_x_r_unauthorizememoonaccaddition;pr_x_r_unauthorizeodreduction;pr_x_r_unauthorizeoutwardreturntran;pr_x_r_unauthorizepenalinterestrev;pr_x_r_unauthorizescaccountclosuretran;pr_x_r_unauthorizesignimageupload;pr_x_r_unauthorizestopchequepayment;pr_x_r_unauthorizewrittenoffreversetran;pr_x_r_unauthsfttran;pr_x_r_unpassaccount;pr_x_r_unpassagclnacccls;pr_x_r_unpassbatch;pr_x_r_unpasscashiertocashiertran;pr_x_r_unpasscashiertransaction;pr_x_r_unpasscashiertransactioncons;pr_x_r_unpasschequeissuetransaction;pr_x_r_unpasschqrevstoppay;pr_x_r_unpasschqstoppayment;pr_x_r_unpassclearingtransaction;pr_x_r_unpassecstrans;pr_x_r_unpassedbatch;pr_x_r_unpassedbatchcons;pr_x_r_unpassfdrtransaction;pr_x_r_unpassibttransaction;pr_x_r_unpassinwardclearinglottransaction;pr_x_r_unpassinwardreturntransaction;pr_x_r_unpasslockerissuetransaction;pr_x_r_unpasspigmytransaction;pr_x_r_unpassstandinginstructionschedule;pr_x_r_unpassstatusmodacc;pr_x_r_unpasstransaction;pr_x_r_vaultmovement;pr_x_unpassedsitransctions
(not in menu)		0		Reports	RetailBanking/STR/Version2	STR.aspx	Reports/RetailBanking/STR/Version2/STR.aspx	Report	Report	14.58	Report	330	1149	58	2	4	35	5	yes			pr_bw_addtoquestrtemplate;pr_bw_getprocessstatusstr;pr_x_r_getstr_xmlfile;pr_x_r_getstrdatafileconsjson;pr_x_r_getstrdatafileconsv1
Trade Finance	Trade Finance	9	yes	Reports	RetailBanking/TDBG	TDBGReportOptions.aspx	Reports/RetailBanking/TDBG/TDBGReportOptions.aspx	Report	Report	17.93	Report	613	1141	108	0	40	5	10	yes			pr_tdbg_r_getbgclientduerenewal;pr_tdbg_r_getbgcommissiondaybook;pr_tdbg_r_getbgdaybook;pr_tdbg_r_getbgduerenewal;pr_tdbg_r_getbgregister;pr_tdbg_r_getclientrenewal;pr_tdbg_r_getclosingregister;pr_tdbg_r_getrenewal;pr_tdbg_r_getrevokeregister;pr_x_r_getbgtemplatereport
Retail and Corporate Operations	Retail and Corporate Operations	1	yes	Reports	RetailBanking/Transaction	TransactionReportSettings.aspx	Reports/RetailBanking/Transaction/TransactionReportSettings.aspx	Report	Report	12.85	Report	192	806	22	0	5	2	11	yes			pr_p_getsqbranches;pr_x_getworkingdate;pr_x_r_exceptionaltransactions;pr_x_r_getagentinfo;pr_x_r_getagenttransactionchartunposted;pr_x_r_gettransactionsourcelist;pr_x_r_gettransactionsourcewiselist;pr_x_r_gettransactionsourcewiselistcons;pr_x_r_passingscrolldetail;pr_x_r_transactionexception;pr_x_r_unpasscashiertransaction
Treasury	Treasury	9	yes	Reports	Treasury	TreasuryReportOptions.aspx	Reports/Treasury/TreasuryReportOptions.aspx	Report	Report	12.68	Report	338	774	53	0	12	4	9	yes			pr_tr_r_backdateddeal;pr_tr_r_brokerdetails;pr_tr_r_confirmeddealfireport;pr_tr_r_dealsettlementreport;pr_tr_r_fimaturityduereport;pr_tr_r_fxcurrencyanalysisreport;pr_tr_r_fxdealinput;pr_tr_r_fxmaturityduereport;pr_tr_r_unconfirmedfxcontractsreport
(not in menu)		0		RetailBanking		AccInfo.aspx	RetailBanking/AccInfo.aspx	Search / List / Inquiry	Complex	15.2	Medium	978	1014	141	2	0	15	2				pr_d_getfdinformation;pr_x_getaccinfo
(not in menu)		0		RetailBanking		AccountStatusLogPopup.aspx	RetailBanking/AccountStatusLogPopup.aspx	Popup / Dialog	Simple	2.37	Medium	129	110	6	1	0	1	1				pr_x_getaccountstatuslog
(not in menu)		0		RetailBanking		ActiveAdditionalLimits.aspx	RetailBanking/ActiveAdditionalLimits.aspx	Search / List / Inquiry	Simple	1.52	Medium	62	72	6	1	0	0	0				
(module 0 — not in a_Module)	(module 0 — not in a_Module)	4	yes	RetailBanking		b_AccHoldingAmount.aspx	RetailBanking/b_AccHoldingAmount.aspx	CRUD master	Medium	9.99	Medium	212	863	41	1	3	8	3	yes		/RetailBanking/AccHoldingAmount · /RetailBanking/AccHoldingAmount/Authorize	pr_x_getaccountdetails;pr_x_saveaccholdingamount;pr_x_sb_getaccholdingamount
(not in menu)		0		RetailBanking		b_AccountSearchDetailView.aspx	RetailBanking/b_AccountSearchDetailView.aspx	Search / List / Inquiry	Medium	4.06	Medium	368	165	39	1	12	3	1				pr_b_getallaccountsearch
(module 0 — not in a_Module)	(module 0 — not in a_Module)	2		RetailBanking		b_AccStatementRequest.aspx	RetailBanking/b_AccStatementRequest.aspx	CRUD master	Complex	13.3	Medium	159	1107	38	1	4	7	6	yes			pr_b_getaccstatementrequest;pr_x_calculationofservicetaxcommon;pr_x_duplicateservicecharges;pr_x_saveaccstatementrequest;pr_x_scrollsave;pr_x_scrolsave
Retail and Corporate Operations	Retail and Corporate Operations	1	yes	RetailBanking		b_AccStatusModConfig.aspx	RetailBanking/b_AccStatusModConfig.aspx	CRUD master	Medium	8.99	Medium	148	875	29	1	2	12	2	yes			pr_b_accstatusmodconfig;pr_b_sb_accstatusmodconfig
(module 0 — not in a_Module)	(module 0 — not in a_Module)	1	yes	RetailBanking		b_BranchAdjAccount.aspx	RetailBanking/b_BranchAdjAccount.aspx	Client-rendered / Other	Medium	4.65	Medium	188	590	18	0	0	6	0	yes			
Retail and Corporate Operations	Retail and Corporate Operations	2	yes	RetailBanking		b_CrOfficerAccTrfLog.aspx	RetailBanking/b_CrOfficerAccTrfLog.aspx	CRUD master	Medium	9.97	Medium	196	674	37	2	5	10	4	yes			pr_b_getcreditofficer;pr_b_loadcrofficeracctrflog;pr_b_savecrofficeracctrflog;pr_b_sb_crofficeracctrflog
Retail and Corporate Operations	Retail and Corporate Operations	1	yes	RetailBanking		b_DayEndParamLogs.aspx	RetailBanking/b_DayEndParamLogs.aspx	Batch / Process	Complex	28.73	Medium	375	2480	65	3	3	6	12	yes			pr_c_dailynpaauth;pr_c_dailynpaprocess;pr_c_getnpaaccdetails;pr_c_npaupdateaccountsetting_v1;pr_c_npaupdatesecuritynatureandvalue_v1;pr_g_checkloggedinusers;pr_sys_insertautoprocess;pr_x_dayend;pr_x_dayendcheck;pr_x_dayendvalidator;pr_x_savedayendlogdetails;pr_x_updatechestopening
Retail and Corporate Operations	Retail and Corporate Operations	1	yes	RetailBanking		b_Document.aspx	RetailBanking/b_Document.aspx	CRUD master	Complex	13.85	Medium	482	1183	84	1	10	13	3	yes			pr_b_getaccountlist;pr_b_getsqdocuments;pr_b_loaddocuments
Central Administration	Central Administration	1	yes	RetailBanking		b_DocumentType.aspx	RetailBanking/b_DocumentType.aspx	CRUD master	Medium	7.11	Medium	161	557	35	1	6	11	2	yes			pr_b_getsbqdocumentsname;pr_b_sb_getdocumenttype
Central Administration	Central Administration	1	yes	RetailBanking		b_EcsCompany.aspx	RetailBanking/b_EcsCompany.aspx	CRUD master	Medium	7.75	Medium	95	833	20	1	1	7	1	yes			pr_b_getsbqecscompany
Retail and Corporate Operations	Retail and Corporate Operations	2	yes	RetailBanking		b_EstmtConfig.aspx	RetailBanking/b_EstmtConfig.aspx	CRUD master	Medium	8.67	Medium	157	832	28	1	5	7	2	yes			pr_b_estmtconfig;pr_b_sb_estmtconfig
(module 0 — not in a_Module)	(module 0 — not in a_Module)	1	yes	RetailBanking		b_GovRevenueMapping.aspx	RetailBanking/b_GovRevenueMapping.aspx	Transaction / Entry	Medium	6.56	Medium	135	894	15	0	2	5	0	yes			
(module 0 — not in a_Module)	(module 0 — not in a_Module)	1	yes	RetailBanking		b_GovTaxMapping.aspx	RetailBanking/b_GovTaxMapping.aspx	Transaction / Entry	Medium	4.72	Medium	141	522	16	0	2	4	1	yes			pr_b_savegovtaxmapping
Central Administration	Central Administration	1	yes	RetailBanking		b_IbtHeadMapping.aspx	RetailBanking/b_IbtHeadMapping.aspx	CRUD master	Medium	5.17	Medium	89	464	17	1	1	6	1	yes			pr_b_sb_getibtheadmappingdetail
(module 0 — not in a_Module)	(module 0 — not in a_Module)	1	yes	RetailBanking		b_MinBalExistAccUpdation.aspx	RetailBanking/b_MinBalExistAccUpdation.aspx	Transaction / Entry	Medium	5.55	Medium	193	485	28	0	2	4	2	yes			pr_b_getfromaccountnumber;pr_b_gettoaccountnumber
Retail and Corporate Operations	Retail and Corporate Operations	1	yes	RetailBanking		b_RdFdReadyRecknor.aspx	RetailBanking/b_RdFdReadyRecknor.aspx	Wizard / Multi-tab	Complex	12.77	Medium	548	553	152	1	28	1	2				pr_b_getschemebyamountandperiod;pr_b_rdfdreadyrecknor
(module 0 — not in a_Module)	(module 0 — not in a_Module)	3	yes	RetailBanking		b_SecurityWaiveOff.aspx	RetailBanking/b_SecurityWaiveOff.aspx	CRUD master	Complex	17.96	Medium	525	1458	91	2	4	17	5	yes			pr_b_sb_securitywaiveoff;pr_b_sb_securitywaiveoffloancasepass;pr_x_duplicateservicecharges;pr_x_passchequebookprintdata;pr_x_scrollsave
Retail and Corporate Operations	(module 0 — not in a_Module);Retail and Corporate Operations	2	yes	RetailBanking		b_Signature_V1.aspx	RetailBanking/b_Signature_V1.aspx	CRUD master	Complex	26.57	Medium	392	2606	75	4	7	12	5	yes			pr_b_validatesignimage;pr_k_getlockerforsignature;pr_x_sb_getsignature_v1;pr_x_sb_getsignaturelocker;pr_x_sb_getunpassedsignature_v1
(module 0 — not in a_Module)	(module 0 — not in a_Module)	2	yes	RetailBanking		b_SignatureHistory.aspx	RetailBanking/b_SignatureHistory.aspx	CRUD master	Medium	11.2	Medium	287	594	46	3	2	6	5	yes			pr_b_deletesignature;pr_b_getdeletedsignatures;pr_b_getsignatures;pr_b_passsignaturehistory;pr_b_sb_getdeletedsignatures
(module 0 — not in a_Module)	(module 0 — not in a_Module)	2	yes	RetailBanking		b_SpecialInstruction.aspx	RetailBanking/b_SpecialInstruction.aspx	CRUD master	Complex	12.49	Medium	229	1069	44	3	3	7	2	yes			pr_b_deletespecailinstruction;pr_b_sb_getspecialinstructions
(module 0 — not in a_Module)	(module 0 — not in a_Module)	1	yes	RetailBanking		b_SwiftBankAccMap.aspx	RetailBanking/b_SwiftBankAccMap.aspx	CRUD master	Medium	8.74	Medium	150	687	24	1	2	6	4	yes			pr_b_saveswiftbankaccmap;pr_b_sb_accountagent;pr_b_sb_swiftbankaccmap;pr_x_getaccounts
(module 0 — not in a_Module)	(module 0 — not in a_Module)	1	yes	RetailBanking		b_UpdateCertificateNumber.aspx	RetailBanking/b_UpdateCertificateNumber.aspx	Transaction / Entry	Simple	2.5	Medium	114	195	15	0	2	6	1	yes			pr_b_updatecertificatenumber
(module 0 — not in a_Module)	(module 0 — not in a_Module)	1	yes	RetailBanking		b_WaiveOff.aspx	RetailBanking/b_WaiveOff.aspx	CRUD master	Medium	6.71	Medium	176	635	27	1	3	10	1	yes			pr_b_waiveoffsave
Central Administration	Central Administration	1	yes	RetailBanking		c_Community.aspx	RetailBanking/c_Community.aspx	CRUD master	Simple	3.85	Medium	80	350	18	1	1	6	0	yes			
Loan Origination System	Loan Origination System	1	yes	RetailBanking		c_EmployerMaster.aspx	RetailBanking/c_EmployerMaster.aspx	CRUD master	Medium	10.73	Medium	383	830	50	1	10	6	4	yes			pr_c_sb_getemployermaster;pr_g_getcity;pr_g_getcitylist;pr_g_getstate
(module 0 — not in a_Module)	(module 0 — not in a_Module)	2	yes	RetailBanking		c_LNEnhancement_V1.aspx	RetailBanking/c_LNEnhancement_V1.aspx	CRUD master	Complex	44.73	Medium	577	4496	159	3	20	9	10	yes			pr_b_getloanproducts;pr_c_getloanschemeslabinterestrate;pr_c_loanrepayment;pr_c_sb_getlnenhancement_v1;pr_x_calculationofservicetaxcommon;pr_x_getaccounts;pr_x_getnextuniquetranseqno;pr_x_lnenhancementamt;pr_x_lnenhancementpassing;pr_x_reschedulecharges
(module 0 — not in a_Module)	(module 0 — not in a_Module)	1	yes	RetailBanking		CashierWithholdLimit.aspx	RetailBanking/CashierWithholdLimit.aspx	Search / List / Inquiry	Simple	3.03	Medium	78	161	14	1	0	4	1				pr_x_getcashierwithholdamount
Retail and Corporate Operations	Retail and Corporate Operations	2		RetailBanking		ChargesPosting.aspx	RetailBanking/ChargesPosting.aspx	Transaction / Entry	Medium	9.85	Medium	310	626	37	3	4	3	3	yes			pr_x_calcfoliocharges;pr_x_calcothercharges;pr_x_postfoliocharges
Retail and Corporate Operations	Retail and Corporate Operations	1	yes	RetailBanking		ChequeBookReturn.aspx	RetailBanking/ChequeBookReturn.aspx	Transaction / Entry	Complex	12.92	Medium	199	1182	41	2	6	2	3	yes			pr_x_getchequelist;pr_x_getchequereturnemployee;pr_x_loosechequecan
Retail and Corporate Operations	Retail and Corporate Operations	1		RetailBanking		daybegin.aspx	RetailBanking/daybegin.aspx	Client-rendered / Other	Medium	5.38	Medium	31	435	2	0	0	1	4	yes			pr_x_daybegin;pr_x_getstandinginstructionscheduletoexecute;pr_x_savesitranlog;pr_x_siprocesspass
Retail and Corporate Operations	Retail and Corporate Operations	1		RetailBanking		DayEnd.aspx	RetailBanking/DayEnd.aspx	Batch / Process	Complex	15.63	Medium	155	773	27	2	1	2	13	yes			pr_b_getlastdateoffinyear;pr_g_blockprocess;pr_g_disconnectusersinhoexceptloggeduser;pr_g_isprocessblocked;pr_g_releaseprocess;pr_x_dayend;pr_x_dayendcheck;pr_x_dayendvalidator;pr_x_getglentrydata;pr_x_getprocessbufferstatus;pr_x_insertabnormalbalancesbranchhoconnsame;pr_x_savedayendlogdetails;pr_x_updatehoworkingdate
(module 0 — not in a_Module)	(module 0 — not in a_Module)	1	yes	RetailBanking		DayEndSchedule.aspx	RetailBanking/DayEndSchedule.aspx	Batch / Process	Medium	5.87	Medium	251	382	18	1	4	3	3	yes			pr_x_getdayendschedule;pr_x_getfinancialyear;pr_x_savedayendschedule
Central Administration	Central Administration	1	yes	RetailBanking		DDPOParameterSetting.aspx	RetailBanking/DDPOParameterSetting.aspx	CRUD master	Medium	9.43	Medium	273	862	57	1	14	18	1	yes			pr_b_getdebitaccountnumber
(module 0 — not in a_Module)	(module 0 — not in a_Module)	1	yes	RetailBanking		DirectCreditExport.aspx	RetailBanking/DirectCreditExport.aspx	Client-rendered / Other	Simple	3.09	Medium	44	241	7	0	0	2	2				pr_x_gendirectcreditexportfiledata;pr_x_getdirectcreditexportfiledata
(not in menu)		0		RetailBanking		EMIChart_Regular.aspx	RetailBanking/EMIChart_Regular.aspx	Handler / API / Ajax	Simple	1.36	Medium	24	204	0	0	0	0	0				
Retail and Corporate Operations	Retail and Corporate Operations	2	yes	RetailBanking		g_AllowDebitTranAddLimit.aspx	RetailBanking/g_AllowDebitTranAddLimit.aspx	CRUD master	Complex	18.32	Medium	296	1848	55	1	6	8	5	yes			pr_x_addodcharges;pr_x_getcodlimitcharge;pr_x_getnextuniquetranseqno;pr_x_saveaccholdingamount;pr_x_sb_allowdebittranaddlimit
Central Administration	(module 0 — not in a_Module);Central Administration	3	yes	RetailBanking		g_AllowDebitTransactionAccountHeads_v1.aspx	RetailBanking/g_AllowDebitTransactionAccountHeads_v1.aspx	Transaction / Entry	Complex	36.71	Complex	384	3941	76	1	17	7	11	yes			pr_b_getcreditofficer;pr_b_updatecreditofficer;pr_g_allowdebittransactionaccountheadspass;pr_g_sb_allowdebittransactionaccounthead;pr_p_getloanpurposelist;pr_x_calculationofservicetaxcommon;pr_x_getcodlimitcharge;pr_x_getnextuniquetranseqno;pr_x_getsecurityledger;pr_x_overdraftcharges;pr_x_scrollsave
(not in menu)		0		RetailBanking		g_CustomerDetailView.aspx	RetailBanking/g_CustomerDetailView.aspx	Search / List / Inquiry	Medium	4.18	Medium	319	177	25	1	7	3	2				pr_x_getglobalclient;pr_x_getglobalclientlos
Central Administration	Central Administration	1	yes	RetailBanking		g_DebtCollector.aspx	RetailBanking/g_DebtCollector.aspx	CRUD master	Medium	5.13	Medium	109	343	21	1	1	8	2	yes			pr_g_getemplist;pr_g_sb_getdebtcollector
(not in menu)		0		RetailBanking		IntrBkLendingSch.aspx	RetailBanking/IntrBkLendingSch.aspx	Search / List / Inquiry	Simple	1.81	Medium	77	85	11	1	0	1	0				
Retail and Corporate Operations	Retail and Corporate Operations	1	yes	RetailBanking		lineUpdateBalance.aspx	RetailBanking/lineUpdateBalance.aspx	Transaction / Entry	Medium	8.99	Medium	318	682	36	0	2	4	5	yes			pr_b_updateledgeragentclientbalance;pr_b_updatelinebalance;pr_b_updatelinebalanceclient;pr_x_getrsqdailydepositagentnumber;pr_x_getrsqdailydepositclientaccountnumber
(module 0 — not in a_Module)	(module 0 — not in a_Module)	2	yes	RetailBanking		LoanDisbursement.aspx	RetailBanking/LoanDisbursement.aspx	CRUD master	Complex	37.29	Medium	600	3800	89	3	9	8	10	yes			pr_c_getloanchargesondisb;pr_c_hpleaseloandisbpassing;pr_c_loandisbtaxonchargesho;pr_c_loandisbursement_islamic;pr_c_loandisbursementpassing_islamic;pr_c_loandisbursementpassingtrf;pr_sb_c_loandisbursement_islamic;pr_x_calculationofservicetaxcommon;pr_x_getaccounts;pr_x_gethplduetorepay
Central Administration	Central Administration	1	yes	RetailBanking		LoanInterestUpdation.aspx	RetailBanking/LoanInterestUpdation.aspx	CRUD master	Medium	8.27	Medium	239	682	43	1	8	4	2	yes			pr_b_getfromaccountnumber;pr_b_gettoaccountnumber
(module 0 — not in a_Module)	(module 0 — not in a_Module)	2	yes	RetailBanking		LoanSettlementRebate.aspx	RetailBanking/LoanSettlementRebate.aspx	CRUD master	Complex	22.22	Medium	633	2205	88	2	9	10	4	yes			pr_x_getduetorepay_islamic;pr_x_getearlysetllementend;pr_x_loansettlementrebate_islamic;pr_x_sb_getloansettlementrebate_islamic
(module 0 — not in a_Module)	(module 0 — not in a_Module)	1	yes	RetailBanking		LocalfundtrfViewer.aspx	RetailBanking/LocalfundtrfViewer.aspx	Client-rendered / Other	Simple	1.85	Medium	129	182	16	0	3	2	0				
Retail and Corporate Operations	Retail and Corporate Operations	2		RetailBanking		LRA_BillPayment.aspx	RetailBanking/LRA_BillPayment.aspx	Transaction / Entry	Complex	26.24	Medium	355	2436	75	2	7	8	9	yes			pr_lra_billpayment;pr_lra_billpaymentauth;pr_lra_getdetailsforbillpayment;pr_lra_sb_getbillpayment;pr_lra_validateapiresponse;pr_x_getchargesamount;pr_x_getnextuniquetranseqno;pr_x_getrsqsipigmyagentno;pr_x_interbranchtransaction
Central Administration	Central Administration	1		RetailBanking		LRA_custom_accounts.aspx	RetailBanking/LRA_custom_accounts.aspx	Transaction / Entry	Medium	4.55	Medium	85	532	10	0	1	3	1	yes			pr_lra_savecustomaccs
Retail and Corporate Operations	Retail and Corporate Operations	2		RetailBanking		LRA_CustomsPayment.aspx	RetailBanking/LRA_CustomsPayment.aspx	Transaction / Entry	Complex	20.51	Medium	375	1925	82	1	9	9	6	yes			pr_lra_customspayment;pr_lra_customspaymentauth;pr_lra_getlracustomspaymentdetails;pr_lra_sb_getcustomspayment;pr_x_getchargesamount;pr_x_interbranchtransaction
Retail and Corporate Operations	Retail and Corporate Operations	2		RetailBanking		LRA_CustomsPaymentReversal.aspx	RetailBanking/LRA_CustomsPaymentReversal.aspx	Transaction / Entry	Complex	12.37	Medium	360	914	77	1	1	7	4				pr_lra_customspaymentreversal;pr_lra_customspaymentreversalauth;pr_lra_getlracstmpayreversaldet;pr_lra_sb_getcustomspaymentreversal
Retail and Corporate Operations	Retail and Corporate Operations	1		RetailBanking		LRABillPayReversal.aspx	RetailBanking/LRABillPayReversal.aspx	CRUD master	Medium	6.97	Medium	166	488	28	1	1	3	3	yes			pr_lra_billpaymentauth;pr_lra_billpaymentreversal;pr_lra_getfailedbillinfo
Retail and Corporate Operations	Retail and Corporate Operations	1		RetailBanking		LraCstmCtrlAccStmt.aspx	RetailBanking/LraCstmCtrlAccStmt.aspx	Client-rendered / Other	Simple	2.11	Medium	38	179	8	0	1	2	1				pr_lra_getcstmctrlaccstmtdata
Retail and Corporate Operations	Retail and Corporate Operations	1		RetailBanking		LraQueryTrans.aspx	RetailBanking/LraQueryTrans.aspx	Search / List / Inquiry	Simple	3.02	Medium	62	105	23	1	0	2	1				pr_lra_getquerytrans
Retail and Corporate Operations	Retail and Corporate Operations	2		RetailBanking		omb_registration.aspx	RetailBanking/omb_registration.aspx	CRUD master	Medium	11.25	Medium	240	835	42	2	3	6	4	yes			pr_omb_getcustomerinfo;pr_omb_registration;pr_sb_omb_registration;pr_x_getrsqsipigmyagentno
Retail and Corporate Operations	Retail and Corporate Operations	1		RetailBanking		omb_unRegistration.aspx	RetailBanking/omb_unRegistration.aspx	Transaction / Entry	Simple	3.72	Medium	150	216	27	0	2	2	2	yes			pr_omb_getcustomerinfo;pr_omb_registration
Central Administration	Central Administration	1	yes	RetailBanking		openingBalance.aspx	RetailBanking/openingBalance.aspx	CRUD master	Medium	11.11	Medium	300	845	37	2	8	2	4	yes			pr_g_accountheadopeningbalancesave;pr_g_getnoncbsglopbalance;pr_g_gettotalglbalance;pr_g_sb_getglbalance
(module 0 — not in a_Module)	(module 0 — not in a_Module)	1		RetailBanking		PrintDDPO.aspx	RetailBanking/PrintDDPO.aspx	CRUD master	Medium	11.95	Medium	336	1055	43	1	6	5	4	yes			pr_b_chequeprint;pr_b_ddpoprintsetting;pr_b_fdprintsetting;pr_x_getddponumbers
Retail and Corporate Operations	Retail and Corporate Operations	1		RetailBanking		QueryLPN.aspx	RetailBanking/QueryLPN.aspx	Client-rendered / Other	Medium	4.49	Medium	195	290	49	0	1	4	1				pr_lra_lpnstatusresp
(not in menu)		0		RetailBanking		Reversal.aspx	RetailBanking/Reversal.aspx	Search / List / Inquiry	Simple	3.13	Medium	180	169	15	1	1	1	1				pr_x_gettranforreversal
Retail and Corporate Operations	Retail and Corporate Operations	1	yes	RetailBanking		SearchUtility.aspx	RetailBanking/SearchUtility.aspx	Search / List / Inquiry	Complex	12.51	Medium	606	443	144	1	48	11	5				pr_x_getaccountsbychequenumber;pr_x_getaccountsbyddnumber;pr_x_getaccountsbynameoraccountnumber;pr_x_getaccountsbysearchutility;pr_x_getaccountstransactionswithcriteria
(not in menu)		0		RetailBanking		SFTOutTracking.aspx	RetailBanking/SFTOutTracking.aspx	Client-rendered / Other	Simple	3.75	Medium	209	143	55	0	0	2	1				pr_b_sftouttracking
(not in menu)		0		RetailBanking		SFTOutwardRecall.aspx	RetailBanking/SFTOutwardRecall.aspx	Client-rendered / Other	Simple	3.78	Medium	209	147	55	0	0	2	1				pr_x_sftoutwardrecall
(not in menu)		0		RetailBanking		SignatureHistoryPreview.aspx	RetailBanking/SignatureHistoryPreview.aspx	Client-rendered / Other	Simple	0.29	Medium	16	37	1	0	0	0	0				
(module 0 — not in a_Module)	(module 0 — not in a_Module)	1	yes	RetailBanking		SignatureImageExport.aspx	RetailBanking/SignatureImageExport.aspx	CRUD master	Medium	7.05	Medium	232	775	27	1	4	4	0	yes			
(not in menu)		0		RetailBanking		SignaturePreview.aspx	RetailBanking/SignaturePreview.aspx	Client-rendered / Other	Simple	0.78	Medium	16	111	1	0	0	0	0				
(not in menu)		0		RetailBanking		SpecialInstructionsPopup.aspx	RetailBanking/SpecialInstructionsPopup.aspx	Popup / Dialog	Simple	0.51	Medium	134	70	1	0	1	0	0	yes			
Retail and Corporate Operations	Retail and Corporate Operations	2		RetailBanking		StationaryChargesCalculationPosting.aspx	RetailBanking/StationaryChargesCalculationPosting.aspx	Transaction / Entry	Medium	11.65	Medium	292	721	56	2	7	8	5	yes			pr_x_sb_getmiscchargeslist;pr_x_stationarychargescalculation;pr_x_stationarychargesposting;pr_x_stationaychargescalculation;pr_x_stationaychargesposting
Retail and Corporate Operations	Retail and Corporate Operations	2	yes	RetailBanking		StatusModification_v1.aspx	RetailBanking/StatusModification_v1.aspx	CRUD master	Complex	13.07	Medium	144	1360	35	1	3	8	3	yes			pr_b_getaccountlist;pr_b_getunpassedaccountstatuslog;pr_b_validatestatusmod
(not in menu)		0		RetailBanking		SwiftFileDownload.aspx	RetailBanking/SwiftFileDownload.aspx	Transaction / Entry	Medium	9.74	Medium	257	729	47	0	1	4	5	yes			pr_swift_createswiftmessagexmlmt103;pr_swift_createswiftmessagexmlmt199;pr_swift_processinwardswiftfilexml;pr_x_getentryforswiftfile;pr_x_processswiftoutwardfilexml
Retail and Corporate Operations	Retail and Corporate Operations	1	yes	RetailBanking		SwiftMT103CsvExport.aspx	RetailBanking/SwiftMT103CsvExport.aspx	Search / List / Inquiry	Simple	3.17	Medium	133	145	20	1	0	4	1				pr_x_r_getswiftdataforcsvexport
(not in menu)		0		RetailBanking		UCCDetails.aspx	RetailBanking/UCCDetails.aspx	Search / List / Inquiry	Medium	5.71	Medium	165	107	30	4	0	0	1				pr_c_getuccdetails
(not in menu)		0		RetailBanking		WireFundTransferRequestPopUp.aspx	RetailBanking/WireFundTransferRequestPopUp.aspx	Popup / Dialog	Simple	2.99	Medium	134	119	20	1	0	2	1				pr_hd_wirefundtrfdetails
(module 0 — not in a_Module)	(module 0 — not in a_Module)	1	yes	RetailBanking		x_BankAccMappingOtw.aspx	RetailBanking/x_BankAccMappingOtw.aspx	Transaction / Entry	Medium	5.14	Medium	163	567	19	0	3	4	1	yes			pr_x_bankaccmappingotw
(module 0 — not in a_Module)	(module 0 — not in a_Module)	4	yes	RetailBanking		x_BankerCheque.aspx	RetailBanking/x_BankerCheque.aspx	Transaction / Entry	Complex	38.17	Medium	596	3805	135	1	16	17	11	yes			pr_x_bankerchequebyid;pr_x_bankerchequecashpaybyid;pr_x_bankerchequepassing;pr_x_bankerchequepassingcashpay;pr_x_deletebankercheque;pr_x_deletebankerchequecashpay;pr_x_savebankercheque;pr_x_savebankerchequecashpay;pr_x_sb_getbankercheque;pr_x_sb_getbankerchequecashpay;pr_x_scrollsave
Retail and Corporate Operations	Retail and Corporate Operations	2	yes	RetailBanking		x_BankerChequePayClg.aspx	RetailBanking/x_BankerChequePayClg.aspx	Transaction / Entry	Complex	31.57	Medium	606	3068	138	1	16	17	8	yes			pr_x_bankerchequebyid;pr_x_bankerchequecashpayclgbyid;pr_x_bankerchequepassingcashpay;pr_x_deletebankerchequecashpayclg;pr_x_savebankerchequecashpaybyclg;pr_x_sb_getbankercheque;pr_x_sb_getbankerchequecashpaybyclg;pr_x_scrollsave
(module 0 — not in a_Module)	(module 0 — not in a_Module)	1	yes	RetailBanking		x_BankerChequeReport.aspx	RetailBanking/x_BankerChequeReport.aspx	Report	Report	5.02	Report	164	453	15	1	4	3	1	yes			pr_x_r_managerchequereport
(module 0 — not in a_Module)	(module 0 — not in a_Module)	2	yes	RetailBanking		x_bankerChequeReversal.aspx	RetailBanking/x_bankerChequeReversal.aspx	Transaction / Entry	Complex	13.15	Medium	218	1096	66	1	2	7	4	yes			pr_x_bankerchequereversalauth;pr_x_getnextuniquetranseqno;pr_x_sb_getbankerchequereversal;pr_x_scrollsave
Retail and Corporate Operations	Retail and Corporate Operations	2		RetailBanking		x_cashswapSettlement.aspx	RetailBanking/x_cashswapSettlement.aspx	Search / List / Inquiry	Medium	9.42	Medium	299	849	44	1	2	6	2				pr_x_cashswapsettlement;pr_x_sb_cashswapsettlement
Retail and Corporate Operations	Retail and Corporate Operations	2		RetailBanking		x_cashswaptransaction.aspx	RetailBanking/x_cashswaptransaction.aspx	Transaction / Entry	Complex	12.92	Complex	242	1206	57	1	9	7	3	yes			pr_x_cashswaptransaction;pr_x_cashswaptransactionauth;pr_x_sb_getcashswaptransaction
Retail and Corporate Operations	Retail and Corporate Operations	2		RetailBanking		x_ChargeForMinimumBalanceProvision.aspx	RetailBanking/x_ChargeForMinimumBalanceProvision.aspx	CRUD master	Medium	7.33	Medium	140	416	34	1	11	6	4	yes			pr_x_chargeforminimumbalancecalculationv1;pr_x_chargeforminimumbalanceposting;pr_x_getcalculatedfdinterest;pr_x_getchargeforminimumbalanceprovision
(module 0 — not in a_Module)	(module 0 — not in a_Module)	2	yes	RetailBanking		x_ChargesRecReverse.aspx	RetailBanking/x_ChargesRecReverse.aspx	CRUD master	Complex	25.15	Medium	238	2830	42	2	4	7	5	yes			pr_x_chargesrecreversepass;pr_x_getchargesrec;pr_x_getnextuniquetranseqno;pr_x_sb_getchargesrecreverse;pr_x_scrollsave
Retail and Corporate Operations	Retail and Corporate Operations	2	yes	RetailBanking		x_ChequeBook.aspx	RetailBanking/x_ChequeBook.aspx	Transaction / Entry	Complex	27.45	Medium	493	2654	69	2	8	6	9	yes			pr_x_duplicateservicecharges;pr_x_getchequebooklist;pr_x_getchequebookrequest;pr_x_getissuetoemployee;pr_x_getservicecharges;pr_x_gettargetcurrencyvalue;pr_x_passchequebook;pr_x_savechequebookdetails;pr_x_sb_chequebookissue
Retail and Corporate Operations	Retail and Corporate Operations	2	yes	RetailBanking		x_chequeBookPrintData.aspx	RetailBanking/x_chequeBookPrintData.aspx	Transaction / Entry	Complex	27.68	Medium	493	2826	81	1	18	7	8	yes			pr_b_holdchargesamt;pr_x_calculationofservicetaxcommon;pr_x_duplicateservicecharges;pr_x_getnextuniquetranseqno;pr_x_gettargetcurrencyvalue;pr_x_passchequebook;pr_x_passchequebookprintdata;pr_x_sb_getchequebookprinting
(module 0 — not in a_Module)	(module 0 — not in a_Module)	1	yes	RetailBanking		x_ChequePrintDataExport.aspx	RetailBanking/x_ChequePrintDataExport.aspx	Transaction / Entry	Complex	13.01	Medium	415	1100	42	2	6	7	4	yes			pr_x_chequedataexport;pr_x_getchequeprintdataexport;pr_x_getmanagerchequebookprintexport;pr_x_getrsqsipigmyagentno
Retail and Corporate Operations	Retail and Corporate Operations	2		RetailBanking		x_ChequeStopPaymentDetails.aspx	RetailBanking/x_ChequeStopPaymentDetails.aspx	Transaction / Entry	Complex	37.3	Medium	542	4257	63	2	9	6	8	yes			pr_g_getaccounthead;pr_x_calculationofservicetaxcommon;pr_x_chequestoppaymentpass;pr_x_chequestoppaymentrevert;pr_x_chequestoppaymentsave;pr_x_getchargesamount;pr_x_getchequelist;pr_x_gettargetcurrencyvalue
Retail and Corporate Operations	Retail and Corporate Operations	2	yes	RetailBanking		x_ChequeStopPaymentDetailsV1.aspx	RetailBanking/x_ChequeStopPaymentDetailsV1.aspx	Transaction / Entry	Complex	29.27	Medium	244	2998	47	1	5	6	11	yes			pr_b_holdchargesamt;pr_g_getaccounthead;pr_x_calculationofservicetaxcommon;pr_x_chequestoppaymentpass;pr_x_chequestoppaymentsavev1;pr_x_deletetransaction;pr_x_getchequelist;pr_x_getnextuniquetranseqno;pr_x_gettargetcurrencyvalue;pr_x_sb_getchequestoppaymentdetail;pr_x_scrollsave
(module 0 — not in a_Module)	(module 0 — not in a_Module)	2	yes	RetailBanking		x_DirectCredit.aspx	RetailBanking/x_DirectCredit.aspx	CRUD master	Complex	31.57	Medium	569	2857	118	3	10	17	9	yes			pr_x_directcreditauth;pr_x_directcreditdelete;pr_x_directcreditsave;pr_x_getdirectcreditdetails;pr_x_getnextuniquetranseqno;pr_x_gettargetcurrencyvalue;pr_x_ischeckaccnoexist;pr_x_sb_directcredit;pr_x_scrollsave
(module 0 — not in a_Module)	(module 0 — not in a_Module)	2	yes	RetailBanking		x_GovTaxTran.aspx	RetailBanking/x_GovTaxTran.aspx	CRUD master	Complex	16.91	Medium	265	1661	51	1	10	8	5	yes			pr_x_getnextuniquetranseqno;pr_x_govtaxtranauth;pr_x_govtaxtrandelete;pr_x_govtaxtransave;pr_x_sb_govtaxtran
(not in menu)		0		RetailBanking		x_InterBankLendingSettlment.aspx	RetailBanking/x_InterBankLendingSettlment.aspx	CRUD master	Complex	14.31	Medium	343	1222	54	2	3	9	4	yes			pr_x_genintrbanklendingschedule;pr_x_getintrbnklendingentry;pr_x_intrbnklendingsettletran;pr_x_sb_intrbklendingsettletran
Retail and Corporate Operations	Retail and Corporate Operations	6		RetailBanking		x_InterBankLendingTran.aspx	RetailBanking/x_InterBankLendingTran.aspx	CRUD master	Complex	19.7	Medium	339	1923	72	2	13	11	4	yes			pr_x_genintrbanklendingschedule;pr_x_interbanklendingtran;pr_x_interbanklendingtranauth;pr_x_sb_interbanklendingtran
(module 0 — not in a_Module)	(module 0 — not in a_Module)	2	yes	RetailBanking		x_LoanCancellation.aspx	RetailBanking/x_LoanCancellation.aspx	CRUD master	Complex	31.86	Medium	890	2709	160	4	11	18	7	yes			pr_x_getaccountdetails;pr_x_gethplduetorepay;pr_x_gettargetcurrencyvalue;pr_x_loancancellation;pr_x_loanchargesrecovery;pr_x_loaninterestdebit;pr_x_sb_getloancancellation
Retail and Corporate Operations	Retail and Corporate Operations	2	yes	RetailBanking		x_LoanRepayment.aspx	RetailBanking/x_LoanRepayment.aspx	Transaction / Entry	Complex	24.49	Medium	496	2149	89	3	4	12	7	yes			pr_x_getaccountdetails;pr_x_gethplduetorepay;pr_x_gettargetcurrencyvalue;pr_x_loanchargesrecovery;pr_x_loanrepayment;pr_x_loanrepaymentpassing;pr_x_sb_getloanrepayment
(module 0 — not in a_Module)	(module 0 — not in a_Module)	2	yes	RetailBanking		x_LoanSettlementTran_Islamic.aspx	RetailBanking/x_LoanSettlementTran_Islamic.aspx	CRUD master	Complex	29.75	Medium	603	3052	100	3	8	9	5	yes			pr_x_getduetorepay_islamic;pr_x_getearlysetllementend;pr_x_loaninterestdebit;pr_x_loansettlementtran;pr_x_sb_getloansettlementtran_islamic
(module 0 — not in a_Module)	(module 0 — not in a_Module)	2	yes	RetailBanking		x_localfundtrf.aspx	RetailBanking/x_localfundtrf.aspx	CRUD master	Complex	19.15	Medium	355	2014	48	1	9	7	5	yes			pr_x_getaccountdetails;pr_x_localfundtrfauth;pr_x_localfundtrfdelete;pr_x_localfundtrfsave;pr_x_sb_localfundtrf
(module 0 — not in a_Module)	(module 0 — not in a_Module)	2	yes	RetailBanking		x_localfundtrfPay.aspx	RetailBanking/x_localfundtrfPay.aspx	CRUD master	Complex	19.09	Medium	390	2077	51	1	7	9	4	yes			pr_x_localfundtrfauth;pr_x_localfundtrfpaydelete;pr_x_localfundtrfpaysave;pr_x_sb_localfundpaytrf
(module 0 — not in a_Module)	(module 0 — not in a_Module)	2	yes	RetailBanking		x_LocalFundTrfRev.aspx	RetailBanking/x_LocalFundTrfRev.aspx	CRUD master	Medium	11.6	Medium	236	996	44	1	2	8	4	yes			pr_x_localfundtrfrev;pr_x_localfundtrfrevauth;pr_x_sb_getlocalfundtrfrev;pr_x_scrollsave
Retail and Corporate Operations	Retail and Corporate Operations	2	yes	RetailBanking		x_LooseChequeDetail.aspx	RetailBanking/x_LooseChequeDetail.aspx	Transaction / Entry	Medium	10.37	Medium	154	997	28	1	2	6	3	yes			pr_x_getnextuniquetranseqno;pr_x_loosechequedetailssave;pr_x_validatecounterchequeissue
(module 0 — not in a_Module)	(module 0 — not in a_Module)	2	yes	RetailBanking		x_ODReduction.aspx	RetailBanking/x_ODReduction.aspx	CRUD master	Complex	14.39	Medium	225	1391	43	2	4	7	3	yes			pr_g_sb_getodreduction;pr_x_getcasualadditionoddetails;pr_x_scrollsave
(module 0 — not in a_Module)	(module 0 — not in a_Module)	1	yes	RetailBanking		x_OverdueLetterTemplate.aspx	RetailBanking/x_OverdueLetterTemplate.aspx	CRUD master	Medium	5.37	Medium	172	404	32	1	6	13	1	yes			pr_b_getbanklist
(module 0 — not in a_Module)	(module 0 — not in a_Module)	2	yes	RetailBanking		x_PenalInterestReversal.aspx	RetailBanking/x_PenalInterestReversal.aspx	CRUD master	Medium	9.35	Medium	190	820	32	1	3	7	3	yes			pr_x_penalinterestreversal;pr_x_penalinterestreversalpass;pr_x_sb_getpenalinterestrevrsal
(module 0 — not in a_Module)	(module 0 — not in a_Module)	2	yes	RetailBanking		x_TFPTran.aspx	RetailBanking/x_TFPTran.aspx	CRUD master	Medium	9.93	Medium	190	626	44	2	4	8	4	yes			pr_x_sb_getgovrevenuedetails;pr_x_tfptranauth;pr_x_tfptranprocess;pr_x_tfptransave
(module 0 — not in a_Module)	(module 0 — not in a_Module)	1	yes	RetailBanking		x_TransactionViewer.aspx	RetailBanking/x_TransactionViewer.aspx	Transaction / Entry	Complex	12.03	Complex	476	917	78	2	14	5	2	yes			pr_x_gettransactionviewerdetails;pr_x_r_getaccountchargesconfig
(module 0 — not in a_Module)	(module 0 — not in a_Module)	4	yes	RetailBanking		x_WireTransfer.aspx	RetailBanking/x_WireTransfer.aspx	Transaction / Entry	Complex	42.14	Medium	719	4425	96	2	25	11	12	yes			pr_hd_updateguidofwiretransfer;pr_hd_wirefundtrfrequestdetails;pr_x_deletewiretransfer;pr_x_getaccountdetails;pr_x_getrsqsipigmyagentno;pr_x_getscrollidforwiretrf;pr_x_interbranchtransaction;pr_x_r_getwiretransactiondetails;pr_x_savewiretransfer;pr_x_sb_wirefundtransferrequest;pr_x_sb_wiretransfer;pr_x_wiretranauth
Retail and Corporate Operations	Retail and Corporate Operations	1	yes	RetailBanking		x_WireTransferViewer.aspx	RetailBanking/x_WireTransferViewer.aspx	Transaction / Entry	Medium	5.33	Medium	372	277	52	1	1	2	1				pr_x_wiretransferviewer
(module 0 — not in a_Module)	(module 0 — not in a_Module)	2	yes	RetailBanking		x_WrittenOff.aspx	RetailBanking/x_WrittenOff.aspx	CRUD master	Complex	20.5	Medium	614	1545	120	3	5	11	5	yes			pr_x_getaccountdetails;pr_x_sb_getwrittenoff;pr_x_writtenoffauth;pr_x_writtenoffauthatho;pr_x_writtenoffsave
(module 0 — not in a_Module)	(module 0 — not in a_Module)	2	yes	RetailBanking		x_WrittenOffReverse.aspx	RetailBanking/x_WrittenOffReverse.aspx	CRUD master	Complex	16.23	Medium	520	1354	100	1	5	11	4	yes			pr_x_sb_getwrittenoff;pr_x_writtenoffauth;pr_x_writtenoffauthatho;pr_x_writtenoffsave
(module 0 — not in a_Module)	(module 0 — not in a_Module)	2	yes	RetailBanking	Account	AccountEnquiry.aspx	RetailBanking/Account/AccountEnquiry.aspx	CRUD master	Complex	34.83	Medium	1243	2576	174	3	4	25	13	yes	yes		pr_b_getaccountinquiry;pr_b_gettdspaid;pr_b_saveviewlog;pr_g_getaccounthead;pr_sys_extractvaluefromxml;pr_x_getaccountdetails;pr_x_getaccountnumber;pr_x_getaccounts;pr_x_getaccountstatuslog;pr_x_r_getclientaddress;pr_x_r_getflexiaccountdetails;pr_x_r_getflexiaccountno;pr_x_r_ledger
(not in menu)		0		RetailBanking	Account	AccountEnquiryV2.aspx	RetailBanking/Account/AccountEnquiryV2.aspx	CRUD master	Complex	33.57	Medium	1054	2390	186	3	4	30	13	yes			pr_b_getaccountinquiry;pr_b_gettdspaid;pr_b_saveviewlog;pr_g_getaccounthead;pr_sys_extractvaluefromxml;pr_x_getaccountdetails;pr_x_getaccountnumber;pr_x_getaccounts;pr_x_getaccountstatuslog;pr_x_r_getclientaddress;pr_x_r_getflexiaccountdetails;pr_x_r_getflexiaccountno;pr_x_r_ledger
(not in menu)		0		RetailBanking	Account	AccountRenewalDetails.aspx	RetailBanking/Account/AccountRenewalDetails.aspx	Search / List / Inquiry	Simple	2.34	Medium	98	45	16	1	0	1	1				pr_d_getfdaccountrenewaldetail
(not in menu)		0		RetailBanking	Account	AccReschedule.aspx	RetailBanking/Account/AccReschedule.aspx	Search / List / Inquiry	Medium	8.75	Medium	239	772	40	1	0	4	2				pr_b_getloaninformationforaccreschedule;pr_b_saveaccreschedule
(not in menu)		0		RetailBanking	Account	AlertMessages.aspx	RetailBanking/Account/AlertMessages.aspx	Search / List / Inquiry	Simple	2.05	Medium	161	80	3	1	0	0	1				pr_b_globalacctdetails
(not in menu)		0		RetailBanking	Account	b_AgentClientJoint.aspx	RetailBanking/Account/b_AgentClientJoint.aspx	CRUD master	Medium	4.41	Medium	178	277	44	1	10	5	0	yes			
(not in menu)		0		RetailBanking	Account	b_ClientAgentNominee.aspx	RetailBanking/Account/b_ClientAgentNominee.aspx	CRUD master	Medium	4.01	Medium	145	319	27	1	3	5	0	yes			
Retail and Corporate Operations	Retail and Corporate Operations	2	yes	RetailBanking	Account	bankCurrentAccount.aspx	RetailBanking/Account/bankCurrentAccount.aspx	Transaction / Entry	Complex	13.85	Medium	287	1394	24	0	10	3	6	yes			pr_b_deletebkaccount;pr_b_getbanklist;pr_b_isaccountlocked;pr_b_lockunlockaccount;pr_g_getcity;pr_g_getstate
(not in menu)		0		RetailBanking	Account	BankDirectorsDetails.aspx	RetailBanking/Account/BankDirectorsDetails.aspx	Search / List / Inquiry	Simple	2.13	Medium	102	152	8	1	0	1	0				
(not in menu)		0		RetailBanking	Account	BOOK_DEBTS.aspx	RetailBanking/Account/BOOK_DEBTS.aspx	CRUD master	Medium	11.88	Medium	446	930	82	3	13	14	0	yes			
(not in menu)		0		RetailBanking	Account	c_CCODEnhancement.aspx	RetailBanking/Account/c_CCODEnhancement.aspx	CRUD master	Medium	10.19	Medium	378	683	61	1	10	7	4	yes			pr_b_isaccountlocked;pr_b_lockunlockaccount;pr_x_passingccodenhancement;pr_x_sb_ccodenhancement
(not in menu)		0		RetailBanking	Account	c_CorpPerSecDetails.aspx	RetailBanking/Account/c_CorpPerSecDetails.aspx	CRUD master	Medium	7.13	Medium	230	625	39	1	8	4	1	yes			pr_x_gettargetcurrencyvalue
(not in menu)		0		RetailBanking	Account	c_FdLineInfo.aspx	RetailBanking/Account/c_FdLineInfo.aspx	CRUD master	Complex	28.63	Medium	668	2801	129	3	15	15	4	yes			pr_d_getfddetails;pr_d_getrddetails;pr_x_getrsqdailydepositclientaccountnumber;pr_x_gettargetcurrencyvalue
(not in menu)		0		RetailBanking	Account	c_GoldDetails.aspx	RetailBanking/Account/c_GoldDetails.aspx	CRUD master	Complex	12.55	Medium	492	952	95	3	17	14	0	yes			
(not in menu)		0		RetailBanking	Account	c_Insurance.aspx	RetailBanking/Account/c_Insurance.aspx	CRUD master	Complex	15.17	Medium	516	1226	100	3	15	14	1	yes			pr_x_gettargetcurrencyvalue
Retail and Corporate Operations	Retail and Corporate Operations	2	yes	RetailBanking	Account	c_Loan.aspx	RetailBanking/Account/c_Loan.aspx	Wizard / Multi-tab	Complex	213.98	Medium	3706	21525	837	18	183	75	36	yes			pr_b_getclientcategorylist;pr_b_getcreditofficer;pr_b_getcustomerdetails;pr_b_getfdacno;pr_b_isaccountlocked;pr_b_lockunlockaccount;pr_b_updatecreditofficer;pr_c_getaccountnumberlist;pr_c_getdepositacnumberlist;pr_c_getguarantorlist;pr_c_getprioritylist;pr_c_getsecuritylist;pr_c_hpleaseloandisbpassing;pr_c_loanaccountdelete;pr_c_loandisbursement_islamic;pr_c_loandisbursementpassing_islamic;pr_c_loandisbursementpassingho;pr_c_loandisbursementpassingtrf;pr_d_getfddetails;pr_d_getrddetails;pr_g_applypigmynewtheme;pr_g_getcitylist;pr_g_getlgalist;pr_g_getstatelist;pr_p_getloancasedetails;pr_p_getloancaselist;pr_p_getloanpurposelist;pr_p_getloanschemes;pr_p_getsanctionedloancase;pr_x_getaccounts;pr_x_getagentnumber;pr_x_getglobalclient;pr_x_gethhddailydepositagentno;pr_x_getrsqdailydepositclientaccountnumber;pr_x_getrsqpigmydepositclientaccno;pr_x_getsecurityledger
(not in menu)		0		RetailBanking	Account	c_Loan_Islamic.aspx	RetailBanking/Account/c_Loan_Islamic.aspx	Wizard / Multi-tab	Complex	159.07	Medium	3628	15395	696	15	165	68	26	yes			pr_b_getclientcategorylist;pr_b_getcustomerdetails;pr_b_getfdacno;pr_b_getrepaysch;pr_b_isaccountlocked;pr_b_lockunlockaccount;pr_c_getaccountnumberlist;pr_c_getdepositacnumberlist;pr_c_getguarantorlist;pr_c_getprioritylist;pr_c_getsecuritylist;pr_d_getfddetails;pr_d_getrddetails;pr_g_applypigmynewtheme;pr_g_getcitylist;pr_g_getlgalist;pr_g_getstatelist;pr_p_getloancasedetails;pr_p_getloancaselist;pr_p_getloanpurposelist;pr_p_getloanschemes;pr_x_getagentnumber;pr_x_getglobalclient;pr_x_gethhddailydepositagentno;pr_x_getrsqdailydepositclientaccountnumber;pr_x_getrsqpigmydepositclientaccno
Retail and Corporate Operations	Retail and Corporate Operations	2		RetailBanking	Account	c_LoanSecurity.aspx	RetailBanking/Account/c_LoanSecurity.aspx	CRUD master	Complex	18.2	Medium	287	1884	41	2	2	11	4	yes			pr_b_lockunlockaccount;pr_c_getsecuritylist;pr_x_getaccounts;pr_x_getsecurityledger
(not in menu)		0		RetailBanking	Account	c_LoanV1.aspx	RetailBanking/Account/c_LoanV1.aspx	Wizard / Multi-tab	Complex	218.69	Medium	4057	21949	869	18	183	74	37	yes			pr_b_getaccopenemailtext;pr_b_getclientcategorylist;pr_b_getcustomerdetails;pr_b_getfdacno;pr_b_isaccountlocked;pr_b_lockunlockaccount;pr_c_accountdeletelos;pr_c_genloanclient;pr_c_getaccountnumberlist;pr_c_getdepositacnumberlist;pr_c_getguarantorlist;pr_c_getlosloancase;pr_c_getprioritylist;pr_c_getsecuritylist;pr_c_hpleaseloandisbpassing;pr_c_loadlosdata;pr_c_loandisbursement_islamic;pr_c_loandisbursementpassing_islamic;pr_c_loandisbursementpassingho;pr_c_loandisbursementpassingtrf;pr_d_getfddetails;pr_d_getrddetails;pr_g_applypigmynewtheme;pr_g_getcitylist;pr_g_getlgalist;pr_g_getstatelist;pr_p_getloancasedetails;pr_p_getloanpurposelist;pr_p_getloanschemes;pr_p_getsanctionedloancase;pr_x_getaccounts;pr_x_getaccountsv1;pr_x_getagentnumber;pr_x_getglobalclient;pr_x_gethhddailydepositagentno;pr_x_getrsqdailydepositclientaccountnumber;pr_x_getrsqpigmydepositclientaccno
(not in menu)		0		RetailBanking	Account	c_OtherSecurity.aspx	RetailBanking/Account/c_OtherSecurity.aspx	CRUD master	Complex	15.03	Medium	502	1240	94	3	11	14	1	yes			pr_x_gettargetcurrencyvalue
(module 0 — not in a_Module)	(module 0 — not in a_Module)	1	yes	RetailBanking	Account	c_RepayScheduleHold.aspx	RetailBanking/Account/c_RepayScheduleHold.aspx	Search / List / Inquiry	Medium	9.01	Medium	213	620	52	2	2	7	2				pr_c_repayschedulehold;pr_c_sb_getrepayschedulehold
(not in menu)		0		RetailBanking	Account	c_SecurityBill.aspx	RetailBanking/Account/c_SecurityBill.aspx	CRUD master	Medium	11.99	Medium	490	953	81	3	14	14	0	yes			
(not in menu)		0		RetailBanking	Account	c_SecurityOtherCert.aspx	RetailBanking/Account/c_SecurityOtherCert.aspx	CRUD master	Medium	11.98	Medium	498	939	83	3	13	14	0	yes			
(not in menu)		0		RetailBanking	Account	c_SecurityProperty.aspx	RetailBanking/Account/c_SecurityProperty.aspx	CRUD master	Complex	14.91	Medium	485	1234	92	3	14	14	1	yes			pr_x_gettargetcurrencyvalue
(not in menu)		0		RetailBanking	Account	c_SecuritySurityTwo.aspx	RetailBanking/Account/c_SecuritySurityTwo.aspx	CRUD master	Medium	11.51	Medium	426	899	78	3	12	14	0	yes			
(not in menu)		0		RetailBanking	Account	c_StockDetails.aspx	RetailBanking/Account/c_StockDetails.aspx	CRUD master	Medium	8.97	Medium	282	734	47	2	9	10	1	yes			pr_c_sb_stockdetails
(not in menu)		0		RetailBanking	Account	c_VehicleDetails.aspx	RetailBanking/Account/c_VehicleDetails.aspx	CRUD master	Complex	15.13	Medium	548	1267	92	3	17	14	1	yes			pr_x_gettargetcurrencyvalue
(not in menu)		0		RetailBanking	Account	CCODRenewal.aspx	RetailBanking/Account/CCODRenewal.aspx	Transaction / Entry	Complex	14.65	Medium	282	1627	50	0	12	3	3	yes			pr_b_isaccountlocked;pr_b_lockunlockaccount;pr_x_getaccounts
(not in menu)		0		RetailBanking	Account	DailyDepositAgentAccount.aspx	RetailBanking/Account/DailyDepositAgentAccount.aspx	Transaction / Entry	Complex	29.48	Medium	471	2808	84	4	25	15	7	yes			pr_b_getdevicemaster;pr_d_getrsqfdinfo;pr_g_getcirclelist;pr_g_getddelist;pr_x_getrsqdailydepositsavingaccountnumber;pr_x_getrsqdailydepositsecurityaccountnumber;pr_x_sb_getdailydepositagentaccount
(not in menu)		0		RetailBanking	Account	DailyDepositClientAccount.aspx	RetailBanking/Account/DailyDepositClientAccount.aspx	Transaction / Entry	Complex	20.11	Medium	339	1960	66	1	25	9	6	yes			pr_b_getagentjointdetails;pr_b_getagentnomineedetails;pr_b_getnewdailyagentclientnumber;pr_x_getdailydepositmaturity;pr_x_getrsqdailydepositagentnumber;pr_x_sb_getdailydepositclientaccount
Retail and Corporate Operations	Retail and Corporate Operations	2	yes	RetailBanking	Account	depositAccount.aspx	RetailBanking/Account/depositAccount.aspx	Transaction / Entry	Complex	115.58	Medium	3481	11949	453	5	103	34	23	yes			pr_b_deletedepositaccount;pr_b_depositaccount;pr_b_getaccountlist;pr_b_getclientcategorylist;pr_b_getdepositproducts;pr_b_getdepositsector;pr_b_logmodification;pr_b_logoldvalues;pr_b_setfdintamount;pr_b_validatesignimage;pr_g_getcity;pr_g_getjointdetails;pr_x_fdsitransave;pr_x_generatefdschedule;pr_x_getaccountdetails;pr_x_getaccounts;pr_x_getagentnumber;pr_x_getdailydepositmaturity;pr_x_getglobalclient;pr_x_gethhddailydepositagentno;pr_x_getrsqdailydepositagentnumber;pr_x_savefdpaymentschedule;pr_x_validatecreatedaccountfororg
(not in menu)		0		RetailBanking	Account	depositAccount_Islamic.aspx	RetailBanking/Account/depositAccount_Islamic.aspx	Wizard / Multi-tab	Complex	81.51	Medium	1683	8326	365	4	92	13	12	yes			pr_b_getclientcategorylist;pr_b_logmodification;pr_b_logoldvalues;pr_g_getcity;pr_x_fdsitransave_islamic;pr_x_generatefdschedule;pr_x_getagentnumber;pr_x_getdailydepositmaturity;pr_x_getexistingfdschedule;pr_x_getglobalclient;pr_x_gethhddailydepositagentno;pr_x_getrsqdailydepositagentnumber
(not in menu)		0		RetailBanking	Account	DepositAccountv1.aspx	RetailBanking/Account/DepositAccountv1.aspx	Wizard / Multi-tab	Complex	113.23	Medium	2023	10594	455	9	102	15	27	yes			pr_b_deletedepositaccount;pr_b_getaccopenemailtext;pr_b_getaccountlist;pr_b_getclientcategorylist;pr_b_logmodification;pr_b_logoldvalues;pr_b_setfdintamount;pr_c_processtfsapicall;pr_c_processuccapicall1;pr_c_processuccapicall2;pr_d_gendepositclient;pr_d_getdepositcase;pr_d_loaddepositcasedata;pr_g_getcity;pr_g_getjointdetails;pr_g_syncwithglobalaccount;pr_x_fdsitransave;pr_x_generatefdschedule;pr_x_getaccountdetails;pr_x_getaccounts;pr_x_getaccountsv1;pr_x_getagentnumber;pr_x_getdailydepositmaturity;pr_x_getglobalclient;pr_x_gethhddailydepositagentno;pr_x_getrsqdailydepositagentnumber;pr_x_savefdpaymentschedule
Retail and Corporate Operations	Retail and Corporate Operations	1	yes	RetailBanking	Account	EMIReadyRecknor.aspx	RetailBanking/Account/EMIReadyRecknor.aspx	Client-rendered / Other	Simple	3.99	Medium	210	323	46	0	12	4	0				
(not in menu)		0		RetailBanking	Account	EMIReadyRecknor_Islamic.aspx	RetailBanking/Account/EMIReadyRecknor_Islamic.aspx	Client-rendered / Other	Simple	3.67	Medium	163	389	27	0	7	2	0				
(not in menu)		0		RetailBanking	Account	FDReadyRecknor_Islamic.aspx	RetailBanking/Account/FDReadyRecknor_Islamic.aspx	Search / List / Inquiry	Medium	5.33	Medium	227	271	53	1	10	2	1				pr_x_generatefdschedule
Retail and Corporate Operations	Retail and Corporate Operations	2	yes	RetailBanking	Account	generalAccount.aspx	RetailBanking/Account/generalAccount.aspx	Transaction / Entry	Complex	14.01	Medium	298	1514	23	0	9	3	5	yes			pr_b_deletegnaccount;pr_b_isaccountlocked;pr_b_lockunlockaccount;pr_g_getcity;pr_g_getstate
(not in menu)		0		RetailBanking	Account	generalAccount_Islamic.aspx	RetailBanking/Account/generalAccount_Islamic.aspx	Wizard / Multi-tab	Complex	15.15	Medium	188	1600	27	0	9	3	4	yes			pr_b_isaccountlocked;pr_b_lockunlockaccount;pr_g_getcity;pr_g_getstate
(not in menu)		0		RetailBanking	Account	GOVERNMENT_SUPPLY_BILLS.aspx	RetailBanking/Account/GOVERNMENT_SUPPLY_BILLS.aspx	CRUD master	Medium	11.73	Medium	429	920	80	3	12	14	0	yes			
(not in menu)		0		RetailBanking	Account	investmentAccount.aspx	RetailBanking/Account/investmentAccount.aspx	Wizard / Multi-tab	Complex	16.63	Medium	387	1672	52	0	18	2	4	yes			pr_b_isaccountlocked;pr_b_lockunlockaccount;pr_g_getcity;pr_g_getstate
(not in menu)		0		RetailBanking	Account	LedgerListFDLienInfo.aspx	RetailBanking/Account/LedgerListFDLienInfo.aspx	Search / List / Inquiry	Simple	1.57	Medium	121	50	11	1	0	0	0				
(not in menu)		0		RetailBanking	Account	ModificationLog.aspx	RetailBanking/Account/ModificationLog.aspx	Search / List / Inquiry	Simple	2.51	Medium	58	137	5	1	0	0	1				pr_b_getmodificationlogdetails
(not in menu)		0		RetailBanking	Account	OTHER_UNSECURED_ADVANCES.aspx	RetailBanking/Account/OTHER_UNSECURED_ADVANCES.aspx	CRUD master	Medium	11.95	Medium	445	923	85	3	11	14	0	yes			
(not in menu)		0		RetailBanking	Account	SecurityCommon.aspx	RetailBanking/Account/SecurityCommon.aspx	CRUD master	Complex	15.3	Medium	524	1281	94	3	11	14	1	yes			pr_x_gettargetcurrencyvalue
(not in menu)		0		RetailBanking	Account	SecurityViewer.aspx	RetailBanking/Account/SecurityViewer.aspx	CRUD master	Medium	11.43	Medium	191	767	28	5	0	6	2	yes			pr_b_lockunlockaccount;pr_c_getforsecurityviewer
(not in menu)		0		RetailBanking	Account	SHARES_OF_JOINT_STOCK_COMPANY.aspx	RetailBanking/Account/SHARES_OF_JOINT_STOCK_COMPANY.aspx	CRUD master	Complex	12.21	Medium	486	920	92	3	15	14	0	yes			
(not in menu)		0		RetailBanking	Account	showMultipleAccountInfo.aspx	RetailBanking/Account/showMultipleAccountInfo.aspx	Search / List / Inquiry	Simple	2.88	Medium	97	156	11	1	0	1	1				pr_x_getmultipleaccountinfo
Retail and Corporate Operations	Retail and Corporate Operations	2		RetailBanking	Account	SiTran.aspx	RetailBanking/Account/SiTran.aspx	CRUD master	Complex	13.69	Medium	313	1081	62	2	7	9	4	yes			pr_b_setfdintamount;pr_x_fdsitransave;pr_x_getfdsitran;pr_x_sb_getfdsitran
(not in menu)		0		RetailBanking	Account	SURETY_LOAN_SECURED_BY_SALARY.aspx	RetailBanking/Account/SURETY_LOAN_SECURED_BY_SALARY.aspx	CRUD master	Medium	11.64	Medium	438	900	81	3	13	14	0	yes			
(not in menu)		0		RetailBanking	Account	UCC3PickUpMail.aspx	RetailBanking/Account/UCC3PickUpMail.aspx	CRUD master	Medium	4.25	Medium	60	259	13	1	0	2	2	yes			pr_c_getaccdetailsforpickupmail;pr_c_processpickupmailresp
(not in menu)		0		RetailBanking	Account	WAREHOUSE_RECEIPTS.aspx	RetailBanking/Account/WAREHOUSE_RECEIPTS.aspx	Transaction / Entry	Medium	11.92	Medium	465	906	87	3	13	14	0	yes			
(module 0 — not in a_Module)	(module 0 — not in a_Module)	1		RetailBanking	Account	x_AccChargesConfig.aspx	RetailBanking/Account/x_AccChargesConfig.aspx	CRUD master	Complex	12.32	Medium	194	1002	61	1	4	6	4	yes			pr_x_saveaccchargesconfig;pr_x_sb_getaccountchargesconfg;pr_x_sb_getaccountchargesconfig;pr_x_scrolsave
Retail and Corporate Operations	Retail and Corporate Operations	1		RetailBanking	Account	x_CBLAccMapDetails.aspx	RetailBanking/Account/x_CBLAccMapDetails.aspx	CRUD master	Medium	7.86	Medium	433	465	69	1	0	4	2	yes			pr_x_getcblaccmapconfig;pr_x_reprocblaccmap
Retail and Corporate Operations	Retail and Corporate Operations	1		RetailBanking	Account	x_CBLAccMapEnqLog.aspx	RetailBanking/Account/x_CBLAccMapEnqLog.aspx	Transaction / Entry	Medium	6.31	Medium	170	634	22	0	4	2	2	yes			pr_x_cblaccmapenqlog;pr_x_getcblaccmapconfig
(module 0 — not in a_Module)	(module 0 — not in a_Module)	1	yes	RetailBanking	Alerts	Alertviewer.aspx	RetailBanking/Alerts/Alertviewer.aspx	Search / List / Inquiry	Simple	1.96	Medium	87	102	12	1	0	2	0				
(not in menu)		0		RetailBanking	Alerts	AutoAlertsConfig.aspx	RetailBanking/Alerts/AutoAlertsConfig.aspx	Handler / API / Ajax	Simple	1.49	Medium	17	134	0	0	0	0	1	yes			pr_al_getibrequestforautopopup
(not in menu)		0		RetailBanking	Alerts	Ealertinternetbanking.aspx	RetailBanking/Alerts/Ealertinternetbanking.aspx	Client-rendered / Other	Simple	0.75	Medium	325	112	0	0	0	0	0				
(module 0 — not in a_Module)	(module 0 — not in a_Module)	2	yes	RetailBanking	ATM	b_CardInfo.aspx	RetailBanking/ATM/b_CardInfo.aspx	CRUD master	Complex	23.91	Medium	251	2434	52	1	4	7	8	yes			pr_b_getcardno;pr_b_holdchargesamt;pr_b_passcardinfo;pr_b_sb_getcardinfo;pr_b_validateatmcardno;pr_x_getchargesamount;pr_x_getnextuniquetranseqno;pr_x_interbranchtransaction
(module 0 — not in a_Module)	(module 0 — not in a_Module)	1	yes	RetailBanking	cash	b_CashierGLAccountMap.aspx	RetailBanking/cash/b_CashierGLAccountMap.aspx	Client-rendered / Other	Simple	3.43	Medium	91	443	12	0	0	3	0	yes			
Retail and Corporate Operations	Retail and Corporate Operations	1	yes	RetailBanking	cash	ExchangeDenomination.aspx	RetailBanking/cash/ExchangeDenomination.aspx	Transaction / Entry	Simple	2.88	Medium	72	288	9	0	1	2	1	yes			pr_x_cashexchangetransaction
Retail and Corporate Operations	Retail and Corporate Operations	1	yes	RetailBanking	cash	x_CashierScroll.aspx	RetailBanking/cash/x_CashierScroll.aspx	Batch / Process	Complex	28.9	Medium	142	3495	35	0	1	4	7	yes			pr_a_getcashierlimitamount;pr_b_validatecashierscroll;pr_getcashierlimitamount;pr_x_cashierscrolltransaction;pr_x_getcashtransactiondetail;pr_x_getcurrentcashinbank;pr_x_iscashtransactionalreadydone
(module 0 — not in a_Module)	(module 0 — not in a_Module)	3	yes	RetailBanking	cash	x_CashInTransit.aspx	RetailBanking/cash/x_CashInTransit.aspx	CRUD master	Complex	20.05	Medium	288	1441	51	3	3	8	10	yes			pr_b_sb_accountagent;pr_x_cashintransitcontra;pr_x_cashintransitreceipt;pr_x_cashintransittran;pr_x_getcashopeningcreditdebit;pr_x_getnextuniquetranseqno;pr_x_savedenominationscashintransit;pr_x_sb_cashintransit;pr_x_scrollsave;pr_x_updatedeletedenominationstransit
Retail and Corporate Operations	Retail and Corporate Operations	4	yes	RetailBanking	cash	x_ChestCashierLedger.aspx	RetailBanking/cash/x_ChestCashierLedger.aspx	Transaction / Entry	Complex	18.91	Medium	292	1828	63	0	14	7	7	yes			pr_g_authenticatecashier;pr_x_checkcashieropening;pr_x_chestcashierledgertransaction;pr_x_chestcashierledgertransactionpass;pr_x_getcurrentcashinbank;pr_x_getexternalcashtransactiondetails;pr_x_gettargetcurrencyvalue
Retail and Corporate Operations	(module 0 — not in a_Module);Retail and Corporate Operations	2	yes	RetailBanking	cash	x_ChestCashierLedger_V1.aspx	RetailBanking/cash/x_ChestCashierLedger_V1.aspx	CRUD master	Complex	25.91	Medium	324	2326	75	1	12	9	11	yes			pr_g_authenticatecashier;pr_x_checkcashieropening;pr_x_chestcashierledgertransaction;pr_x_chestcashierledgertransaction_v1;pr_x_chestcashierledgertransactionpass;pr_x_chestcashierledgertransactionpassing;pr_x_getcashopeningcreditdebit;pr_x_getcurrentcashinbank;pr_x_getexternalcashtransactiondetails;pr_x_gettargetcurrencyvalue;pr_x_sb_chestcashierledger_v1
(module 0 — not in a_Module)	(module 0 — not in a_Module)	2	yes	RetailBanking	cash	x_ChestCashierToCashierLedger.aspx	RetailBanking/cash/x_ChestCashierToCashierLedger.aspx	CRUD master	Complex	13.13	Medium	204	835	44	2	3	8	7	yes			pr_g_authenticatecashier;pr_x_getcahsierdenominationpass;pr_x_getchestcashierdata;pr_x_intercashiertrandelete;pr_x_intercashiertranpass;pr_x_intercashiertransave;pr_x_sb_intercashiertran
Central Administration	Central Administration	1	yes	RetailBanking	cash	x_ChestOpening.aspx	RetailBanking/cash/x_ChestOpening.aspx	CRUD master	Medium	8.45	Medium	152	848	20	1	1	3	2	yes			pr_getbranchlist;pr_x_getdenomination
(not in menu)		0		RetailBanking	clearing	addOutwardClearingTransaction.aspx	RetailBanking/clearing/addOutwardClearingTransaction.aspx	Transaction / Entry	Complex	18.03	Complex	419	1600	84	2	7	9	4	yes			pr_b_getjointnames;pr_util_getnextid;pr_x_chequeprocesscharges;pr_x_gettargetcurrencyvalue
Retail and Corporate Operations	Retail and Corporate Operations	2	yes	RetailBanking	clearing	addOutwardClearingTransactionV1.aspx	RetailBanking/clearing/addOutwardClearingTransactionV1.aspx	Transaction / Entry	Complex	37.61	Complex	407	4015	96	2	10	9	9	yes			pr_b_getjointnames;pr_util_getnextid;pr_x_chequeprocesscharges;pr_x_chequeprocesschargestrf;pr_x_getlotcreditdate;pr_x_getnextuniquetranseqno;pr_x_gettargetcurrencyvalue;pr_x_gettransactionsinalot;pr_x_validateclearingtransaction
(module 0 — not in a_Module)	(module 0 — not in a_Module)	3	yes	RetailBanking	clearing	b_inwardClgFileV2.aspx	RetailBanking/clearing/b_inwardClgFileV2.aspx	Client-rendered / Other	Complex	20.69	Medium	49	1199	5	0	0	1	20	yes	yes		pr_b_accountddetailsforpassing;pr_b_getinwardclgfiledetails;pr_b_loadinwarddetailsforpassing;pr_b_updateinwardclgfiledetails;pr_b_validateinwardclgfile;pr_cts_dumpinwardfiledata;pr_cts_getaccballistforupdate;pr_cts_getaccountlist;pr_cts_getcellconstringname;pr_cts_getfiledatatopass;pr_cts_getfiledetails;pr_cts_getimagepath;pr_cts_updateinwardclgfiledetails;pr_cts_validatedumpingfile;pr_x_getgetinwardclgfiledata;pr_x_getservicebranch;pr_x_inwardclgfileatcounter;pr_x_inwardclgfileatcustomer;pr_x_inwardclgfileatho;pr_x_inwardclgfilereturnatcustomer
(module 0 — not in a_Module)	(module 0 — not in a_Module)	1	yes	RetailBanking	clearing	CTSInwardReturn.aspx	RetailBanking/clearing/CTSInwardReturn.aspx	Search / List / Inquiry	Medium	5.62	Medium	158	273	25	2	2	4	2				pr_cts_createdownloadreturnfilename;pr_cts_getinwardreturnfile
(module 0 — not in a_Module)	(module 0 — not in a_Module)	2		RetailBanking	clearing	executeInwardClearingTransaction.aspx	RetailBanking/clearing/executeInwardClearingTransaction.aspx	Transaction / Entry	Complex	16.13	Complex	236	1148	52	2	9	4	8				pr_x_calculationofservicetaxcommon;pr_x_geinwardclearingtransactionlist;pr_x_getexecutedinwardclearinglotsummary;pr_x_inwardclearingexecutionpass;pr_x_inwardclearingexecutionrevert;pr_x_inwardclearinglotexecution;pr_x_outwardclearingexecution;pr_x_outwardclearingexecutionpass
Retail and Corporate Operations	Retail and Corporate Operations	2	yes	RetailBanking	clearing	executeOutwardClearingTransactionV1.aspx	RetailBanking/clearing/executeOutwardClearingTransactionV1.aspx	Transaction / Entry	Complex	34.26	Complex	317	2739	75	2	10	4	19	yes			pr_x_calculationofservicetaxcommon;pr_x_getclearingtransactionlist;pr_x_getclearingtransactionlistv1;pr_x_getexecutedclearinglotsummary;pr_x_getexecutedclearinglotsummaryv1;pr_x_getoutwardretruncharges;pr_x_getoutwardreturnexecutionstatus;pr_x_getservicebranch;pr_x_interbranchtransaction;pr_x_lockibtamount;pr_x_outwardclearingexecution;pr_x_outwardclearingexecutionatcustomer;pr_x_outwardclearingexecutionpass;pr_x_outwardclearingexecutionpassv1;pr_x_outwardclearingexecutionrevert;pr_x_outwardclearingexecutionrevertatcustomer;pr_x_outwardclearingexecutionrevertatho;pr_x_outwardclearingexecutionv1;pr_x_outwardreturnexecution
(not in menu)		0		RetailBanking	clearing	FileDownload.aspx	RetailBanking/clearing/FileDownload.aspx	Handler / API / Ajax	Simple	0.13	Medium	17	20	0	0	0	0	0				
(module 0 — not in a_Module)	(module 0 — not in a_Module)	1	yes	RetailBanking	clearing	OutwardExecution.aspx	RetailBanking/clearing/OutwardExecution.aspx	CRUD master	Medium	11.19	Medium	144	869	55	1	8	2	4	yes			pr_x_getclearingtransactionlistv1;pr_x_interbranchtransaction;pr_x_outwardclearingexecutionpass;pr_x_outwardclearingexecutionv1
(not in menu)		0		RetailBanking	clearing	PopupReasonCodeV1.aspx	RetailBanking/clearing/PopupReasonCodeV1.aspx	Popup / Dialog	Medium	5.53	Medium	159	481	13	0	3	2	3	yes			pr_x_calculationofservicetaxcommon;pr_x_getclearingtransactionlistv1;pr_x_getoutwardretruncharges
(module 0 — not in a_Module)	(module 0 — not in a_Module)	1	yes	RetailBanking	dd	b_FDCertificateSeries.aspx	RetailBanking/dd/b_FDCertificateSeries.aspx	CRUD master	Medium	4.37	Medium	112	428	18	1	3	8	0	yes			
Retail and Corporate Operations	Retail and Corporate Operations	1		RetailBanking	dd	DDPO_Mapping.aspx	RetailBanking/dd/DDPO_Mapping.aspx	CRUD master	Medium	4.75	Medium	108	407	16	1	1	3	1	yes			pr_x_getdemanddraftaccountheadstomap
Retail and Corporate Operations	Retail and Corporate Operations	2	yes	RetailBanking	dormant	b_DormantHistory.aspx	RetailBanking/dormant/b_DormantHistory.aspx	CRUD master	Medium	10.15	Medium	182	850	42	2	4	8	2	yes			pr_x_dormantaccountpass;pr_x_dormantaccountsave
Retail and Corporate Operations	Retail and Corporate Operations	2	yes	RetailBanking	dormant	DormantClosing.aspx	RetailBanking/dormant/DormantClosing.aspx	CRUD master	Medium	6.15	Medium	111	544	28	1	3	8	1	yes			pr_x_dormantclosepassing
Retail and Corporate Operations	Retail and Corporate Operations	1	yes	RetailBanking	dormant	DormantReactivationViewer.aspx	RetailBanking/dormant/DormantReactivationViewer.aspx	Search / List / Inquiry	Simple	3.58	Medium	161	195	22	1	2	6	1				pr_x_getdormantreactdetails
Retail and Corporate Operations	Retail and Corporate Operations	2	yes	RetailBanking	dormant	x_DormantReactivationv1.aspx	RetailBanking/dormant/x_DormantReactivationv1.aspx	CRUD master	Complex	20.69	Medium	383	1879	74	2	7	20	6	yes			pr_x_dormantreactivationpassv1;pr_x_dormantreactivationsavev1;pr_x_getchargesamount;pr_x_getdormantaccountdetailsv1;pr_x_interbranchtransaction;pr_x_sb_dormantreactivationv1
(module 0 — not in a_Module)	(module 0 — not in a_Module)	3		RetailBanking	HPL	x_HplCharges.aspx	RetailBanking/HPL/x_HplCharges.aspx	CRUD master	Medium	11.53	Medium	224	1028	37	1	3	7	4	yes			pr_x_calculationofservicetaxcommon;pr_x_hplchargespassing;pr_x_sb_gethplcharges;pr_x_scrollsave
Retail and Corporate Operations	Retail and Corporate Operations	1	yes	RetailBanking	Insurance	c_LoanInsurance.aspx	RetailBanking/Insurance/c_LoanInsurance.aspx	CRUD master	Complex	24.84	Medium	504	1680	91	2	14	15	14	yes			pr_b_getaccountsforloanrepay;pr_b_sbgroupforloanrepay;pr_b_sbsocietyforloanrepay;pr_c_getinsuranceloandet;pr_g_getaccounthead;pr_g_getfde;pr_x_deleteloaninsurance;pr_x_deleteloanrepaybatchxml;pr_x_getloaninsuracne;pr_x_getloaninsurancedetail;pr_x_passloaninsurance;pr_x_passloanrepaybatchxml;pr_x_saveloaninsurance;pr_x_saveloanrepaybatchxml
Retail and Corporate Operations	Retail and Corporate Operations	2	yes	RetailBanking	Insurance	c_LoanInsuranceClaim.aspx	RetailBanking/Insurance/c_LoanInsuranceClaim.aspx	CRUD master	Complex	27.05	Medium	611	1808	110	2	18	15	15	yes			pr_b_getaccountsforloanrepay;pr_b_sbgroupforloanrepay;pr_b_sbsocietyforloanrepay;pr_c_getinsuranceloandet;pr_g_getaccounthead;pr_g_getfde;pr_x_deleteloaninsuranceclaim;pr_x_deleteloanrepaybatchxml;pr_x_getloaninsuracneclaim;pr_x_getloaninsuranceclaimdet;pr_x_loadloaninsurancedata;pr_x_passloaninsuranceclaim;pr_x_passloanrepaybatchxml;pr_x_saveloaninsuranceclaim;pr_x_saveloanrepaybatchxml
Trade Finance	Trade Finance	5	yes	RetailBanking	LC	LCApplicationV1.aspx	RetailBanking/LC/LCApplicationV1.aspx	Wizard / Multi-tab	Complex	73.66	Medium	2571	6285	429	14	114	26	4	yes			pr_lc_chargespassing;pr_lc_lcamendment;pr_td_bg_getlcclient;pr_x_getaccountsbyclientid
Trade Finance	Trade Finance	2	yes	RetailBanking	LC	LCClaimV1.aspx	RetailBanking/LC/LCClaimV1.aspx	Wizard / Multi-tab	Complex	57.12	Medium	2248	3810	338	14	18	15	10	yes			pr_lc_passscrolltran;pr_td_bg_getlcclient;pr_x_bankerchequepassing;pr_x_deletelcclaim;pr_x_getaccountsbyclientid;pr_x_getlcclaimdetails_v1;pr_x_getlctranvoucherpass;pr_x_gettargetcurrencyvalue;pr_x_savebankercheque;pr_x_scrollsave
Trade Finance	Trade Finance	6	yes	RetailBanking	LC	LCCollection.aspx	RetailBanking/LC/LCCollection.aspx	CRUD master	Complex	46.99	Medium	1794	2614	449	4	74	18	14	yes			pr_lc_billcollectiondelete;pr_lc_billcollectionsave;pr_lc_collectionpass;pr_lc_collectionrealise;pr_lc_collectionrealisepass;pr_lc_collectionreturn;pr_lc_lccollectionamendment;pr_x_getlcamendmentpassing;pr_x_getlccollectiondetails;pr_x_getlcnumberlist;pr_x_gettargetcurrencyvalue;pr_x_lccollectionreturnpass;pr_x_sb_getlcamendmentpassing;pr_x_sb_getlccollection
Trade Finance	Trade Finance	2	yes	RetailBanking	LC	LCPurchase.aspx	RetailBanking/LC/LCPurchase.aspx	CRUD master	Complex	28.61	Medium	1002	2161	125	4	42	14	10	yes			pr_b_getcreditaccountnumber;pr_b_getdebitaccountnumber;pr_x_getlccollectionpurchase;pr_x_getlcpurchasevoucherentry;pr_x_getlcpurchasevoucherentrydisplay;pr_x_getrsqclearingtransaction;pr_x_lcpurchasesave;pr_x_lcpurchasetran;pr_x_lcpurchasetrans;pr_x_sb_getlcpurchasepassing
Trade Finance	Trade Finance	2	yes	RetailBanking	LC	LCTemplate.aspx	RetailBanking/LC/LCTemplate.aspx	CRUD master	Medium	8.99	Medium	218	526	37	2	7	14	4	yes			pr_lc_deletelctemplate;pr_lc_loadlctemplate;pr_lc_saveupdatelctemplate;pr_lc_sb_getlctemplates
Trade Finance	Trade Finance	3	yes	RetailBanking	LC	LCTransfer.aspx	RetailBanking/LC/LCTransfer.aspx	Transaction / Entry	Complex	21.83	Medium	700	1780	99	6	30	16	2	yes			pr_lc_getlcapplicationfortransfer;pr_lc_savetransferlc
(module 0 — not in a_Module)	(module 0 — not in a_Module)	1	yes	RetailBanking	Legal	lg_ActivityMaster.aspx	RetailBanking/Legal/lg_ActivityMaster.aspx	CRUD master	Medium	5.45	Medium	93	493	19	1	3	6	1	yes			pr_lg_sb_getsectionname
Retail and Corporate Operations	Retail and Corporate Operations	1		RetailBanking	Legal	lg_Consultant.aspx	RetailBanking/Legal/lg_Consultant.aspx	CRUD master	Medium	6.08	Medium	142	528	29	1	9	6	1	yes			pr_lg_sb_getconsultantname
(module 0 — not in a_Module)	(module 0 — not in a_Module)	1	yes	RetailBanking	Legal	lg_Section.aspx	RetailBanking/Legal/lg_Section.aspx	CRUD master	Medium	4.61	Medium	96	368	19	1	3	6	1	yes			pr_lg_sb_getsectionname
Retail and Corporate Operations	Retail and Corporate Operations	1		RetailBanking	Legal	lg_SuitCase.aspx	RetailBanking/Legal/lg_SuitCase.aspx	CRUD master	Complex	20.75	Medium	311	2279	44	1	9	6	5	yes			pr_lg_sb_getcasesuit;pr_lg_sb_getconsultantname;pr_lg_sb_getsectionname;pr_x_getloanandadvanceaccountdailyposition;pr_x_getoverdueamountandnoofinstallment
Retail and Corporate Operations	Retail and Corporate Operations	1		RetailBanking	Legal	lg_SuitCaseClosing.aspx	RetailBanking/Legal/lg_SuitCaseClosing.aspx	CRUD master	Complex	16.08	Medium	327	1458	74	2	3	7	3	yes			pr_lg_sb_getcasesuit;pr_lg_sb_getsectionname;pr_lg_sb_suitcasehistory
Retail and Corporate Operations	Retail and Corporate Operations	1		RetailBanking	Legal	lg_SuitCaseHistory.aspx	RetailBanking/Legal/lg_SuitCaseHistory.aspx	CRUD master	Complex	17.21	Medium	405	1645	71	2	2	6	3	yes			pr_lg_sb_getcasesuit;pr_lg_sb_getsectionname;pr_lg_sb_suitcasehistory
(not in menu)		0		RetailBanking	MTS	MTS_addOutwardClearingTransaction.aspx	RetailBanking/MTS/MTS_addOutwardClearingTransaction.aspx	Transaction / Entry	Complex	40.33	Complex	396	4123	101	2	13	9	12	yes			pr_b_getjointnames;pr_mts_getmtsaccount;pr_mts_getmtstran;pr_mts_pass_tran;pr_mts_save_api_status;pr_mts_save_tran;pr_util_getnextid;pr_x_chequeprocesscharges;pr_x_chequeprocesschargestrf;pr_x_getlotcreditdate;pr_x_getnextuniquetranseqno;pr_x_gettargetcurrencyvalue
(not in menu)		0		RetailBanking	MTS	MTS_CashTransaction.aspx	RetailBanking/MTS/MTS_CashTransaction.aspx	Transaction / Entry	Complex	69.68	Complex	421	7284	113	2	21	11	25	yes			pr_a_getcashierlimitamount;pr_b_checkrollback;pr_b_updatelinebalance;pr_mts_getmtsaccount;pr_mts_getmtstran;pr_mts_pass_tran;pr_mts_save_api_status;pr_mts_save_tran;pr_mts_sb_getcashtransfertransaction;pr_x_cashierscrolltransaction;pr_x_cashtransaction;pr_x_chargestransaction;pr_x_getchargesamount;pr_x_getservicebranch;pr_x_gettargetcurrencyvalue;pr_x_interbranchrecontransaction;pr_x_interbranchtransaction;pr_x_istokennoused;pr_x_odrecrecovery;pr_x_passibttranloginbr;pr_x_passtransactioncurrency;pr_x_saveibttranloginbranch;pr_x_saveibttrantrfbr;pr_x_transactioncurrency;pr_x_transactionvalidate
Retail and Corporate Operations	Retail and Corporate Operations	3		RetailBanking	MTS	MTS_Transaction.aspx	RetailBanking/MTS/MTS_Transaction.aspx	Transaction / Entry	Medium	9.33	Complex	149	391	43	1	4	8	7	yes			pr_mts_get_tran_not_sent_to_mts;pr_mts_getmtsaccount;pr_mts_getmtstran;pr_mts_pass_tran;pr_mts_save_api_status;pr_mts_save_tran;pr_mts_sb_gettransaction
(not in menu)		0		RetailBanking	MTS	MTS_TransferTransaction.aspx	RetailBanking/MTS/MTS_TransferTransaction.aspx	Transaction / Entry	Complex	50.46	Complex	799	4725	179	2	35	15	17	yes			pr_g_getaccounthead;pr_hd_ibtfundtrfrequestdetails;pr_hd_updatefundtransferstatus;pr_hd_updateguidoffundtransfer;pr_mts_getmtsaccount;pr_mts_getmtstran;pr_mts_pass_tran;pr_mts_save_api_status;pr_mts_save_tran;pr_x_getnextuniquetranseqno;pr_x_gettargetcurrencyvalue;pr_x_odrecrecovery;pr_x_passtransfertransactioncurrency;pr_x_saveanywheretransaction;pr_x_sb_fundtransferrequest;pr_x_sb_getcashtransfertransaction;pr_x_transfertransaction
Central Administration	Central Administration	1	yes	RetailBanking	npa	b_NPAClassMaster.aspx	RetailBanking/npa/b_NPAClassMaster.aspx	CRUD master	Complex	14.42	Medium	123	1557	31	2	4	8	2	yes			pr_b_getnpaclassmaster;pr_b_getnpaclassmastername
Retail and Corporate Operations	Retail and Corporate Operations	1	yes	RetailBanking	npa	b_NPALossRate.aspx	RetailBanking/npa/b_NPALossRate.aspx	CRUD master	Simple	3.72	Medium	82	336	17	1	4	4	0	yes			
Central Administration	Central Administration	1	yes	RetailBanking	npa	b_NPAMaster.aspx	RetailBanking/npa/b_NPAMaster.aspx	CRUD master	Medium	7.23	Medium	133	568	31	2	4	7	1	yes			pr_b_getnpaclassmastername
Retail and Corporate Operations	Retail and Corporate Operations	2	yes	RetailBanking	npa	c_NPAAccountSetting.aspx	RetailBanking/npa/c_NPAAccountSetting.aspx	CRUD master	Complex	16.79	Medium	318	1702	66	2	4	8	2	yes			pr_c_sb_getnpaacsetting;pr_x_isnparecordupdateallowed
Central Administration	Central Administration	1	yes	RetailBanking	npa	c_NPAMethodMapping.aspx	RetailBanking/npa/c_NPAMethodMapping.aspx	CRUD master	Medium	7.57	Medium	80	919	16	1	0	7	0	yes			
Retail and Corporate Operations	Retail and Corporate Operations	2	yes	RetailBanking	npa	x_NPACalculation.aspx	RetailBanking/npa/x_NPACalculation.aspx	CRUD master	Complex	21.2	Medium	547	1860	85	3	6	16	5	yes			pr_c_npacalculationcons;pr_c_npacalculationforemi_v1;pr_p_getloanpurposelist;pr_x_npacalculationsave;pr_x_sb_getnpacalculation
Retail and Corporate Operations	Retail and Corporate Operations	1		RetailBanking	PAPPS	PAPSS_Exchange_rate.aspx	RetailBanking/PAPPS/PAPSS_Exchange_rate.aspx	Transaction / Entry	Medium	7.66	Medium	399	567	67	0	6	2	2	yes			pr_get_papss_charges;pr_x_papss_trans_exch_rate
Retail and Corporate Operations	Retail and Corporate Operations	3		RetailBanking	PAPPS	Papss_GetAccounts.aspx	RetailBanking/PAPPS/Papss_GetAccounts.aspx	CRUD master	Complex	12.8	Medium	278	948	52	1	4	9	6	yes			pr_get_acc_enq_xml;pr_papss_acc_enq_res;pr_papss_get_positions;pr_x_generate_papss_pacs028_xml;pr_x_papss_out_trans_response;pr_x_papss_participant_status
Retail and Corporate Operations	Retail and Corporate Operations	2		RetailBanking	PAPPS	PAPSS_Inward_Console.aspx	RetailBanking/PAPPS/PAPSS_Inward_Console.aspx	CRUD master	Medium	9.94	Medium	373	621	95	1	33	5	2	yes			pr_papss_iw_pacs008_post_tran;pr_x_papss_iw_process_console
Retail and Corporate Operations	Retail and Corporate Operations	1		RetailBanking	PAPPS	PAPSS_Inward_Recall.aspx	RetailBanking/PAPPS/PAPSS_Inward_Recall.aspx	CRUD master	Complex	14.29	Medium	391	907	91	2	21	6	5	yes			pr_get_iw_recall_accp_pacs004_xml;pr_get_iw_recall_rjct_camt029_xml;pr_papss_iw_pacs004_post_tran;pr_papss_iw_recall_res;pr_x_papss_iw_recall
Retail and Corporate Operations	Retail and Corporate Operations	2		RetailBanking	PAPPS	PAPSS_Outward_Recall.aspx	RetailBanking/PAPPS/PAPSS_Outward_Recall.aspx	CRUD master	Medium	11.88	Medium	331	732	80	1	20	4	5	yes			pr_generate_ow_recall_camt056_xml;pr_papss_iw_pacs008_post_tran;pr_x_papss_iw_process_console;pr_x_papss_ow_recall;pr_x_papss_ow_recall_resp
Retail and Corporate Operations	Retail and Corporate Operations	1		RetailBanking	PAPPS	PAPSS_Participant.aspx	RetailBanking/PAPPS/PAPSS_Participant.aspx	CRUD master	Medium	4.33	Medium	159	266	14	1	0	2	2	yes			pr_papss_participants;pr_papss_participants_api_response
(not in menu)		0		RetailBanking	PAPPS	PAPSS_Tax_Configuration.aspx	RetailBanking/PAPPS/PAPSS_Tax_Configuration.aspx	CRUD master	Medium	6.38	Medium	228	543	34	1	3	6	1	yes			pr_x_taxconfig
Retail and Corporate Operations	Retail and Corporate Operations	2		RetailBanking	PAPPS	PapssMessageConsole.aspx	RetailBanking/PAPPS/PapssMessageConsole.aspx	CRUD master	Medium	8.5	Medium	316	333	62	4	4	4	1	yes			pr_papss_msg_console
Retail and Corporate Operations	Retail and Corporate Operations	2		RetailBanking	PAPPS	x_PAPSS_Out_Transfer.aspx	RetailBanking/PAPPS/x_PAPSS_Out_Transfer.aspx	Transaction / Entry	Complex	35.61	Medium	827	2846	156	1	13	11	16	yes			pr_b_getaccountinquiry;pr_get_acc_enq_xml;pr_get_papss_charges;pr_papss_acc_enq_res;pr_sys_extractvaluefromxml;pr_x_generate_papss_xml;pr_x_get_papss_hold_amt;pr_x_getaccountdetails;pr_x_getpapss_out_trans;pr_x_papps_response_mgmt;pr_x_papss_hold_release_amt;pr_x_papss_out_trans;pr_x_papss_out_trans_response;pr_x_papss_participant_status;pr_x_papss_trans_exch_rate;pr_x_scrollsave
Retail and Corporate Operations	Retail and Corporate Operations	2		RetailBanking	PAPPS	x_PAPSS_Out_Transfer_reprocess.aspx	RetailBanking/PAPPS/x_PAPSS_Out_Transfer_reprocess.aspx	Transaction / Entry	Complex	16.03	Medium	599	982	107	2	14	5	6	yes			pr_x_getpapss_out_trans;pr_x_getpapss_out_trans_reprocess;pr_x_papps_save_trans;pr_x_papss_hold_release_amt;pr_x_papss_out_trans;pr_x_papss_out_trans_reprocess
(not in menu)		0		RetailBanking	Printing	DepositSlipPrinting.aspx	RetailBanking/Printing/DepositSlipPrinting.aspx	Transaction / Entry	Complex	12.99	Medium	280	1144	14	0	1	2	8				pr_g_preparename;pr_g_rupeesinwords;pr_tr_getforeignexchangereceiptprint;pr_x_getcashdepositslip;pr_x_getibtdepositslip;pr_x_getibttransferslip;pr_x_getibtwithdrawalslip;pr_x_gettransferslip
Retail and Corporate Operations	Retail and Corporate Operations	2	yes	RetailBanking	SI	standingInstructionProcessing.aspx	RetailBanking/SI/standingInstructionProcessing.aspx	Batch / Process	Medium	10.55	Medium	148	766	26	1	2	6	6	yes			pr_x_getstandinginstructionscheduletoexecute;pr_x_savesitranlog;pr_x_siprocess;pr_x_siprocessdelete;pr_x_siprocesspass;pr_x_transaction
(not in menu)		0		RetailBanking	SI	standingInstructionProcessingPopup.aspx	RetailBanking/SI/standingInstructionProcessingPopup.aspx	Popup / Dialog	Simple	2.23	Medium	78	82	7	1	0	1	1				pr_x_getstandinginstructionscheduletoexecute
Retail and Corporate Operations	Retail and Corporate Operations	4	yes	RetailBanking	SI	x_StandingInstruction.aspx	RetailBanking/SI/x_StandingInstruction.aspx	CRUD master	Complex	45.65	Medium	716	3871	161	4	13	12	17	yes			pr_x_calculationofservicetaxcommon;pr_x_duplicateservicecharges;pr_x_getnoofexecutedschedule;pr_x_getnoofnonexecutedschedule;pr_x_getrsqdailydepositclientaccountnumber;pr_x_getrsqsipigmyagentno;pr_x_getservicecharges;pr_x_getsibatchdetails;pr_x_getstandinginstructionsch;pr_x_getstandinginstructionschedule;pr_x_gettargetcurrencyvalue;pr_x_sb_getstandinginstruction;pr_x_sicancelpass;pr_x_sidelete;pr_x_sipass;pr_x_sisave;pr_x_siupdate
(module 0 — not in a_Module)	(module 0 — not in a_Module)	1	yes	RetailBanking	SMS	sms_registeredAccount.aspx	RetailBanking/SMS/sms_registeredAccount.aspx	CRUD master	Complex	28.17	Medium	585	2882	94	2	38	11	6	yes			pr_b_pushsmsmessage;pr_sms_registeredaccount_save;pr_sms_registeredaccount_save_branch;pr_sms_registeredaccountlog_save;pr_sms_renewregaccount_save;pr_sms_sb_getregisteredaccount
Retail and Corporate Operations	Retail and Corporate Operations	3		RetailBanking	swift	index.aspx	RetailBanking/swift/index.aspx	Client-rendered / Other	Medium	7.1	Medium	43	579	6	0	0	1	5	yes			pr_apbs_inward_export_return;pr_atm_en_getreportdata;pr_swift_createswiftmessagexmlmt199;pr_swift_processinmsgcaller;pr_swift_processinwardswiftfilexml
Retail and Corporate Operations	Retail and Corporate Operations	1		RetailBanking	swift	SFTAccStmt.aspx	RetailBanking/swift/SFTAccStmt.aspx	Client-rendered / Other	Simple	3.68	Medium	106	378	14	0	2	2	1				pr_x_getsftaccstmt
Retail and Corporate Operations	Retail and Corporate Operations	1		RetailBanking	swift	SFTOutTracking.aspx	RetailBanking/swift/SFTOutTracking.aspx	Search / List / Inquiry	Medium	6.25	Medium	301	235	82	1	0	3	1				pr_b_sftouttracking
Retail and Corporate Operations	Retail and Corporate Operations	1		RetailBanking	swift	SFTOutwardRecall.aspx	RetailBanking/swift/SFTOutwardRecall.aspx	CRUD master	Medium	8.22	Medium	302	441	82	1	0	3	2	yes			pr_x_sftoutwardrecall;pr_x_sftoutwardresp
Central Administration	Central Administration	1	yes	RetailBanking	swift	x_SFTBankCode.aspx	RetailBanking/swift/x_SFTBankCode.aspx	CRUD master	Medium	5.28	Medium	117	348	24	1	2	6	2	yes			pr_x_sb_sftbankcode;pr_x_sftbankcode
Retail and Corporate Operations	Retail and Corporate Operations	2		RetailBanking	swift	x_SFTInward.aspx	RetailBanking/swift/x_SFTInward.aspx	CRUD master	Medium	11.1	Medium	419	885	80	1	10	5	2	yes			pr_x_getsftinward;pr_x_processsftinward
Retail and Corporate Operations	Retail and Corporate Operations	2		RetailBanking	swift	x_SFTOutward.aspx	RetailBanking/swift/x_SFTOutward.aspx	CRUD master	Complex	22.43	Medium	411	2045	75	2	23	9	7	yes			pr_x_getgetchargesforsftow;pr_x_getrsqsipigmyagentno;pr_x_getsftbankcode;pr_x_getsftpurpose;pr_x_sb_getsftoutwardtran;pr_x_sftoutwardresp;pr_x_sftoutwardtran
Retail and Corporate Operations	Retail and Corporate Operations	1		RetailBanking	swift	x_SFTOutwardCsv.aspx	RetailBanking/swift/x_SFTOutwardCsv.aspx	CRUD master	Medium	4.73	Medium	194	338	27	1	2	3	1	yes			pr_x_sftoutwardcsv
Retail and Corporate Operations	Retail and Corporate Operations	2		RetailBanking	swift	x_SFTOutwardReversal.aspx	RetailBanking/swift/x_SFTOutwardReversal.aspx	Search / List / Inquiry	Complex	13.07	Medium	400	760	100	2	1	8	4				pr_x_sb_getsftoutwardtranrev;pr_x_sftoutwardtranrev;pr_x_sftoutwardtranrevauth;pr_x_sftoutwardtranrevdet
Trade Finance	Trade Finance	4	yes	RetailBanking	TDBG	TD_BG_Client.aspx	RetailBanking/TDBG/TD_BG_Client.aspx	CRUD master	Complex	22.01	Medium	734	2215	96	2	13	12	3	yes			pr_td_bg_getclientdetails;pr_td_sb_getbgclient;pr_x_scrollsave
Trade Finance	Trade Finance	2	yes	RetailBanking	TDBG	TD_Bg_ClientRenewal.aspx	RetailBanking/TDBG/TD_Bg_ClientRenewal.aspx	CRUD master	Complex	15.48	Medium	356	1350	47	2	4	14	5	yes			pr_bg_sb_getbgclientname;pr_bg_sb_getclientreneval;pr_td_bg_sb_getbgclientname;pr_td_bg_sb_getclientreneval;pr_x_scrollsave
Trade Finance	Trade Finance	2	yes	RetailBanking	TDBG	Td_bg_Close.aspx	RetailBanking/TDBG/Td_bg_Close.aspx	CRUD master	Complex	20.32	Medium	602	1530	83	4	4	10	6	yes			pr_bg_passscrolltran;pr_bg_sb_getbgclose;pr_bg_sb_getbgissuedetails;pr_td_bg_passscrolltran;pr_td_bg_sb_getbgissuedetails;pr_x_scrollsave
Trade Finance	Trade Finance	2	yes	RetailBanking	TDBG	Td_Bg_IssueRenewalTran.aspx	RetailBanking/TDBG/Td_Bg_IssueRenewalTran.aspx	CRUD master	Complex	18.09	Medium	650	1405	73	2	4	14	7	yes			pr_bg_getissuerenewalunpasstran;pr_bg_sb_getbgclientname;pr_bg_sb_getbgissuedetails;pr_bg_sb_getbgissueforrevoke;pr_td_bg_gettdbgissuedetails;pr_td_bg_sb_getbgissueforrevoke;pr_x_scrollsave
Trade Finance	Trade Finance	2	yes	RetailBanking	TDBG	Td_Bg_IssueV1.aspx	RetailBanking/TDBG/Td_Bg_IssueV1.aspx	CRUD master	Complex	52.46	Medium	1215	4797	202	8	36	22	10	yes			pr_bg_passscrolltran;pr_bg_sb_getbgissue;pr_td_bg_getclientlimit;pr_td_bg_getclientlimitn;pr_td_bg_gethoadjustmentaccount;pr_td_bg_passscrolltran;pr_td_bg_sb_getbgclientname;pr_td_bg_sb_getissue;pr_x_gettargetcurrencyvalue;pr_x_scrollsave
Trade Finance	Trade Finance	1	yes	RetailBanking	TDBG	Td_Bg_LienNotationRelease.aspx	RetailBanking/TDBG/Td_Bg_LienNotationRelease.aspx	CRUD master	Complex	12.33	Medium	526	439	80	4	4	4	5	yes			pr_td_bg_getcashliendetails;pr_td_bg_getfdlienaccount;pr_td_bg_savefdlieninfolog;pr_td_bg_sb_getbgclientname;pr_td_bg_sb_getbgissueforrevoke
Trade Finance	Trade Finance	2	yes	RetailBanking	TDBG	TD_BG_PaymentToBeneficiary.aspx	RetailBanking/TDBG/TD_BG_PaymentToBeneficiary.aspx	Transaction / Entry	Complex	33.81	Medium	1380	3007	169	2	22	8	9	yes			pr_td_bg_gethoadjustmentaccount;pr_td_bg_getrevoketran;pr_td_bg_passscrolltran;pr_td_bg_saverevokepaymentdetails;pr_td_bg_sb_getrevokepaymentdetails;pr_x_bankerchequepassing;pr_x_gettargetcurrencyvalue;pr_x_savebankercheque;pr_x_scrollsave
Trade Finance	Trade Finance	3	yes	RetailBanking	TDBG	Td_Bg_RevokeTran_v1.aspx	RetailBanking/TDBG/Td_Bg_RevokeTran_v1.aspx	CRUD master	Complex	41.85	Medium	1120	3679	158	4	24	14	13	yes			pr_bg_passscrolltran;pr_bg_sb_getbgclientname;pr_bg_sb_getbgissueforrevoke;pr_bg_sb_getbgrevoketran;pr_td_bg_gethoadjustmentaccount;pr_td_bg_getrevoketransactiondetails;pr_td_bg_passscrolltran;pr_td_bg_saverevoketran;pr_td_bg_sb_getbgclientname;pr_td_bg_sb_getbgissueforrevoke;pr_td_bg_sb_gettdbgrevoketran;pr_x_gettargetcurrencyvalue;pr_x_scrollsave
(not in menu)		0		RetailBanking	Transaction	AccountSearchByClient.aspx	RetailBanking/Transaction/AccountSearchByClient.aspx	Transaction / Entry	Simple	3.49	Complex	160	212	17	1	0	0	1				pr_x_getaccountsbyclientid
(not in menu)		0		RetailBanking	Transaction	AccountSearchByClientName.aspx	RetailBanking/Transaction/AccountSearchByClientName.aspx	Transaction / Entry	Medium	4.22	Complex	146	291	22	1	0	0	1				pr_x_getaccountsbyclientname
(not in menu)		0		RetailBanking	Transaction	b_AccountClosingTransaction.aspx	RetailBanking/Transaction/b_AccountClosingTransaction.aspx	Transaction / Entry	Complex	24.67	Complex	517	1907	64	2	8	9	13	yes			pr_b_lockunlockaccount;pr_x_closedailydepositaccount;pr_x_dailydepositinterestcalculation;pr_x_deletetransaction;pr_x_getclientaccclosingtran;pr_x_getdayscomp_acccltran;pr_x_getrsqdailydepositagentnumber;pr_x_getrsqdailydepositclientaccountnumber;pr_x_istokennoused;pr_x_passtransaction;pr_x_pigmypenalty;pr_x_sb_getagentclienttransactionforclosing;pr_x_transaction
(not in menu)		0		RetailBanking	Transaction	b_AccountClosingTransactionNew.aspx	RetailBanking/Transaction/b_AccountClosingTransactionNew.aspx	Transaction / Entry	Complex	32.2	Complex	712	2514	76	2	11	9	18	yes			pr_x_dailydepositinterestcalculation;pr_x_deletepigmyclientaccclose;pr_x_getdayscomp_acccltran;pr_x_getispigmyclientlienacno;pr_x_getlastinterestchron;pr_x_getpigmyaccclosingtran;pr_x_getpigmyclientdetails;pr_x_getrsqdailydepositagentnumber;pr_x_getrsqdailydepositclientaccountnumber_new;pr_x_getrsqpigmyclientaccno;pr_x_getrsqpigmydepositclientaccno;pr_x_ispigmytokennoused;pr_x_passpigmyclientaccclose;pr_x_pigmyclientpenalty;pr_x_pigmyinterestcalculation;pr_x_pigmyinterestprematurecal;pr_x_savepigmyclientaccclose;pr_x_sb_getpigmytransactionforclosing
(not in menu)		0		RetailBanking	Transaction	b_Chequeacknowledgement.aspx	RetailBanking/Transaction/b_Chequeacknowledgement.aspx	Transaction / Entry	Complex	23.38	Complex	588	1425	92	3	5	7	13	yes			pr_a_getbranchesforrm;pr_b_deletechequeacknowledge;pr_b_getaccountforchqentry;pr_b_getbatchdisbdetailv1;pr_b_getbatchforchequeacknoledge;pr_b_getbranch;pr_b_getchequeacknoledg;pr_b_getfundtransfer;pr_b_savechequeacknowledge;pr_h_getemployeeslist;pr_x_fundtransferpassing;pr_x_getaccounts;pr_x_sb_getchequeacknoledgment
(not in menu)		0		RetailBanking	Transaction	b_DailyClientBatchTransaction.aspx	RetailBanking/Transaction/b_DailyClientBatchTransaction.aspx	Transaction / Entry	Complex	24.35	Complex	408	2818	79	3	15	14	0				
(not in menu)		0		RetailBanking	Transaction	b_DailyDepositInterestCalculationNew.aspx	RetailBanking/Transaction/b_DailyDepositInterestCalculationNew.aspx	Transaction / Entry	Medium	8.34	Complex	164	693	28	1	5	4	3	yes			pr_x_getpigmyproduct;pr_x_pigmyinterestcalculation;pr_x_pigmyinterestposting
Retail and Corporate Operations	Retail and Corporate Operations	2	yes	RetailBanking	Transaction	CashTransaction.aspx	RetailBanking/Transaction/CashTransaction.aspx	Transaction / Entry	Complex	78.09	Complex	688	8210	119	3	20	17	27	yes			pr_a_getcashierlimitamount;pr_b_checkrollback;pr_b_getcashierscrollinfo;pr_b_gettrancharges;pr_b_holdchargesamt;pr_b_updatelinebalance;pr_x_cashierscrolltransaction;pr_x_cashtransaction;pr_x_chargestranbulkibt;pr_x_chargestranbulklogin;pr_x_chargestransaction;pr_x_getchargesamount;pr_x_getservicebranch;pr_x_gettargetcurrencyvalue;pr_x_interbranchrecontransaction;pr_x_interbranchtransaction;pr_x_istokennoused;pr_x_odrecrecovery;pr_x_passibttranloginbr;pr_x_passtransactioncurrency;pr_x_saveibttranloginbranch;pr_x_saveibttrantrfbr;pr_x_sb_getcashtransfertransaction;pr_x_transactioncurrency;pr_x_transactionvalidate;pr_x_updatecounterchequestatus;pr_x_validatecountercheque
Retail and Corporate Operations	Retail and Corporate Operations	1		RetailBanking	Transaction	DirectDCReturnFile.aspx	RetailBanking/Transaction/DirectDCReturnFile.aspx	Transaction / Entry	Simple	1.54	Complex	29	123	3	0	0	1	1				pr_ach_10rcp_create_return_file
(not in menu)		0		RetailBanking	Transaction	DirectDDReturnFile.aspx	RetailBanking/Transaction/DirectDDReturnFile.aspx	Transaction / Entry	Simple	1.49	Complex	20	116	3	0	0	1	1				pr_ach_20rcp_create_return_file
(not in menu)		0		RetailBanking	Transaction	FileDownload.aspx	RetailBanking/Transaction/FileDownload.aspx	Handler / API / Ajax	Simple	0.13	Complex	17	20	0	0	0	0	0				
(not in menu)		0		RetailBanking	Transaction	FundTransferRequestPopUp.aspx	RetailBanking/Transaction/FundTransferRequestPopUp.aspx	Popup / Dialog	Simple	3.03	Complex	129	124	20	1	0	2	1				pr_hd_intrafundtrfdetails
(not in menu)		0		RetailBanking	Transaction	ibt_headmap.aspx	RetailBanking/Transaction/ibt_headmap.aspx	Transaction / Entry	Medium	4.77	Complex	105	295	20	1	2	4	2	yes			pr_b_saveibtheadmapping;pr_b_sbibtheadmapping
(not in menu)		0		RetailBanking	Transaction	RelatedAccountSearchByClient.aspx	RetailBanking/Transaction/RelatedAccountSearchByClient.aspx	Transaction / Entry	Simple	2.54	Complex	89	87	14	1	0	2	1				pr_g_getaccountsbyglobalclientid
(not in menu)		0		RetailBanking	Transaction	RTGSTransfer.aspx	RetailBanking/Transaction/RTGSTransfer.aspx	Transaction / Entry	Medium	6.48	Complex	177	480	22	0	0	3	4	yes			pr_hd_allrequestdetails;pr_x_getrtgsrequests;pr_x_interbranchtransaction;pr_x_rtgstransactionatho
(not in menu)		0		RetailBanking	Transaction	SignaturePopup.aspx	RetailBanking/Transaction/SignaturePopup.aspx	Popup / Dialog	Complex	18.9	Complex	291	2763	12	0	1	1	0	yes			
(not in menu)		0		RetailBanking	Transaction	SpecailInstructionsPopup.aspx	RetailBanking/Transaction/SpecailInstructionsPopup.aspx	Popup / Dialog	Simple	0.5	Complex	60	63	2	0	1	1	0				
Retail and Corporate Operations	Retail and Corporate Operations	3	yes	RetailBanking	Transaction	TransferTransaction.aspx	RetailBanking/Transaction/TransferTransaction.aspx	Transaction / Entry	Complex	53.07	Complex	1194	5176	194	3	35	24	14	yes			pr_b_gettrancharges;pr_hd_ibtfundtrfrequestdetails;pr_hd_updatefundtransferstatus;pr_hd_updateguidoffundtransfer;pr_x_chargestranbulkibt;pr_x_chargestranbulklogin;pr_x_getnextuniquetranseqno;pr_x_gettargetcurrencyvalue;pr_x_odrecrecovery;pr_x_passtransfertransactioncurrency;pr_x_saveanywheretransaction;pr_x_sb_fundtransferrequest;pr_x_sb_getcashtransfertransaction;pr_x_transfertransaction
(not in menu)		0		RetailBanking	Transaction	x_AgentDepositTransaction.aspx	RetailBanking/Transaction/x_AgentDepositTransaction.aspx	Transaction / Entry	Complex	20.55	Complex	245	1745	53	1	15	7	10	yes			pr_b_lockunlockaccount;pr_g_applypigmynewtheme;pr_x_dailydepositinterestcalculation;pr_x_deletetransaction;pr_x_getrsqdailydepositagentnumber;pr_x_getrsqdailydepositclientaccountnumber;pr_x_getrsqpigmyclientaccno;pr_x_passtransaction;pr_x_sb_getagentdeposittransaction;pr_x_transaction
Retail and Corporate Operations	Retail and Corporate Operations	2		RetailBanking	Transaction	x_BatchTransaction.aspx	RetailBanking/Transaction/x_BatchTransaction.aspx	Transaction / Entry	Complex	96.23	Complex	577	13415	110	3	28	16	0				
Retail and Corporate Operations	Retail and Corporate Operations	1		RetailBanking	Transaction	x_BatchTransactionTemplate.aspx	RetailBanking/Transaction/x_BatchTransactionTemplate.aspx	Transaction / Entry	Complex	26.79	Complex	304	3017	67	2	17	9	4	yes			pr_g_getaccounthead;pr_x_getrsqtransactionaccountnumber;pr_x_gettargetcurrencyvalue;pr_x_sb_getbatchtransactiontemplate
Retail and Corporate Operations	Retail and Corporate Operations	3		RetailBanking	Transaction	x_BranchToBranchTransactionCash_v1.aspx	RetailBanking/Transaction/x_BranchToBranchTransactionCash_v1.aspx	Transaction / Entry	Complex	115.37	Complex	1136	13670	206	2	26	25	24	yes			pr_a_getcashierlimitamount;pr_a_getiscashieruser;pr_b_getjointnames;pr_b_iscardissue;pr_b_lockunlockaccount;pr_x_cashierscrolltransaction;pr_x_checkddpoinstrumentno;pr_x_deletetransaction;pr_x_getaccountdetails;pr_x_getibtchequeused;pr_x_getrsqdailydepositclientaccountnumber;pr_x_getservicebranch;pr_x_gettargetcurrencyvalue;pr_x_ispresentservicebranch;pr_x_istokennoused;pr_x_passibttranloginbr;pr_x_passtransaction;pr_x_saveibttrandrbranchv1;pr_x_saveibttranloginbranch;pr_x_saveibttrantrfbr;pr_x_sb_getfundtransfertrananywhere;pr_x_sb_gettransaction;pr_x_transaction;pr_x_transactionvalidate
Retail and Corporate Operations	Retail and Corporate Operations	1		RetailBanking	Transaction	x_BranchToBranchTransactionTrf.aspx	RetailBanking/Transaction/x_BranchToBranchTransactionTrf.aspx	Transaction / Entry	Complex	132.16	Complex	1304	15372	267	2	36	35	29	yes			pr_b_getjointnames;pr_b_isaccountlocked;pr_b_lockunlockaccount;pr_hd_ibtfundtrfrequestdetails;pr_hd_updatefundtransferstatus;pr_hd_updateguidoffundtransfer;pr_x_checkddpoinstrumentno;pr_x_deletetransaction;pr_x_getaccountdetails;pr_x_getibtchequeused;pr_x_getrsqdailydepositclientaccountnumber;pr_x_getrsqtransactionaccountnumber;pr_x_getservicebranch;pr_x_gettargetcurrencyvalue;pr_x_ispresentservicebranch;pr_x_passtransaction;pr_x_saveibttran;pr_x_saveibttrancrbranchv1;pr_x_saveibttrandrbranchv1;pr_x_saveibttranloginbranch;pr_x_saveibttranservicebranch;pr_x_saveibttranthisbranchv1;pr_x_saveibttrftransaction;pr_x_savetransferibtchargeslogin;pr_x_savetrftransactioninibt;pr_x_sb_getfundtransfertrananywhere;pr_x_sb_gettransfer;pr_x_transaction;pr_x_transactionvalidate
(not in menu)		0		RetailBanking	Transaction	x_BranchToBranchTransactionTrf_v1.aspx	RetailBanking/Transaction/x_BranchToBranchTransactionTrf_v1.aspx	Transaction / Entry	Complex	133.03	Complex	1304	15412	267	2	36	35	30	yes			pr_b_getjointnames;pr_b_isaccountlocked;pr_b_lockunlockaccount;pr_hd_ibtfundtrfrequestdetails;pr_hd_updatefundtransferstatus;pr_hd_updateguidoffundtransfer;pr_x_checkddpoinstrumentno;pr_x_deletetransaction;pr_x_getaccountdetails;pr_x_getibtchequeused;pr_x_getrsqdailydepositclientaccountnumber;pr_x_getrsqtransactionaccountnumber;pr_x_getservicebranch;pr_x_gettargetcurrencyvalue;pr_x_ispresentservicebranch;pr_x_odrecrecovery;pr_x_passtransaction;pr_x_saveibttran;pr_x_saveibttrancrbranchv1;pr_x_saveibttrandrbranchv1;pr_x_saveibttranloginbranch;pr_x_saveibttranservicebranch;pr_x_saveibttranthisbranchv1;pr_x_saveibttrftransaction;pr_x_savetransferibtchargeslogin;pr_x_savetrftransactioninibt;pr_x_sb_getfundtransfertrananywhere;pr_x_sb_gettransfer;pr_x_transaction;pr_x_transactionvalidate
Retail and Corporate Operations	Retail and Corporate Operations	2		RetailBanking	Transaction	x_CashBatchTransaction.aspx	RetailBanking/Transaction/x_CashBatchTransaction.aspx	Transaction / Entry	Complex	58.44	Complex	647	6204	127	3	19	24	16	yes			pr_a_iscashier;pr_x_batchtransactionupdate;pr_x_cashbatchtransactiondelete;pr_x_cashbatchtransactionpass;pr_x_cashbatchtransactionsave;pr_x_cashierscrollbatchtransaction;pr_x_checkincashierscroll;pr_x_countbatchtranbybatchid;pr_x_deletetransaction;pr_x_getsbintpayable;pr_x_gettargetcurrencyvalue;pr_x_passtransaction;pr_x_sb_getcashbatchtransaction;pr_x_sb_getmanytomanytransaction;pr_x_scrollsave;pr_x_transaction
(not in menu)		0		RetailBanking	Transaction	x_DailyTransferEntry.aspx	RetailBanking/Transaction/x_DailyTransferEntry.aspx	Transaction / Entry	Complex	13.55	Complex	268	1091	42	2	8	8	5	yes			pr_b_updateledgeragentclientbalance;pr_x_dailytransferclientpassing;pr_x_getrsqdailydepositagentnumber;pr_x_getrsqdailydepositclientaccountnumber;pr_x_sb_getdailytransferpassing
(not in menu)		0		RetailBanking	Transaction	x_EcsMandate.aspx	RetailBanking/Transaction/x_EcsMandate.aspx	Transaction / Entry	Complex	13.72	Complex	288	1170	48	2	9	9	4	yes			pr_b_getrsqecscompany;pr_b_getrsqecstype;pr_x_generateecsschedule;pr_x_getrsqtransactionaccountnumber
(not in menu)		0		RetailBanking	Transaction	x_EcsTransactionV1.aspx	RetailBanking/Transaction/x_EcsTransactionV1.aspx	Transaction / Entry	Complex	15.43	Complex	245	1031	64	3	10	8	6	yes			pr_x_ecstransactionexecuation;pr_x_getecsmandatedetails;pr_x_getecstransactiondetails;pr_x_getecstransactionsummary;pr_x_getrsqecstransaction;pr_x_getsumecstypeamount
(not in menu)		0		RetailBanking	Transaction	x_ExcessWithdrawal.aspx	RetailBanking/Transaction/x_ExcessWithdrawal.aspx	Transaction / Entry	Medium	11.75	Complex	198	1246	36	1	2	7	2	yes			pr_x_sb_excesswithdrawal;pr_x_scrollsave
(not in menu)		0		RetailBanking	Transaction	x_FDRAutoTransferTransaction.aspx	RetailBanking/Transaction/x_FDRAutoTransferTransaction.aspx	Transaction / Entry	Complex	63.84	Complex	943	6600	121	3	31	10	21	yes			pr_b_getdaydifference;pr_b_rdfdreadyrecknor;pr_b_rdfdreadyrecknor_v3;pr_g_getmonthsdays;pr_g_preparename;pr_x_getcashcontroltranno;pr_x_getdatedifference;pr_x_getdaysdifference;pr_x_getfdautotransferinterest;pr_x_getinterestdependonperiod;pr_x_getledgertdsamount;pr_x_getmatintamount;pr_x_getrsqfdrautotransferaccountnumber;pr_x_getrsqtransactionaccountnumber;pr_x_gettdscalculateamount;pr_x_passfdrautotransfertransaction;pr_x_passtransaction;pr_x_savefdautotransfer;pr_x_sb_getfdrautotransfertransaction;pr_x_transaction;pr_x_transactioncurrency
Retail and Corporate Operations	Retail and Corporate Operations	2	yes	RetailBanking	Transaction	x_FDRAutoTransferTransactionV1.aspx	RetailBanking/Transaction/x_FDRAutoTransferTransactionV1.aspx	Transaction / Entry	Complex	32.42	Complex	1360	2535	203	4	29	19	7	yes			pr_g_getmonthsdays;pr_x_calculationofservicetaxcommon;pr_x_getfdprematuredetails;pr_x_getrsqtransactionaccountnumber;pr_x_passfdautotransfertransactionv1;pr_x_savefdautotransferv1;pr_x_sb_getfdrautotransfertransaction
(not in menu)		0		RetailBanking	Transaction	x_FDRenewalTransaction.aspx	RetailBanking/Transaction/x_FDRenewalTransaction.aspx	Transaction / Entry	Complex	56.16	Complex	887	5352	122	3	28	11	22	yes			pr_b_getdaydifference;pr_b_getenddateofyear;pr_b_rdfdreadyrecknor;pr_b_rdfdreadyrecknor_v3;pr_g_getyearsmonthsdays;pr_x_deletetransaction;pr_x_fdautotransfer;pr_x_fdrvalidate;pr_x_getdatedifference;pr_x_getdaysdifference;pr_x_getfdautotransferdetails;pr_x_getfdautotransferinterest;pr_x_getinterestdependonperiod;pr_x_getledgertdsamount;pr_x_getrsqfdrautotransferaccountnumber;pr_x_getrstranaccnofdrenewal;pr_x_passtransaction;pr_x_postfdmatrenewaltran;pr_x_savefdautotransfer;pr_x_sb_getfdrautotransfertransaction;pr_x_sb_getfdrenewaltran;pr_x_transaction
(not in menu)		0		RetailBanking	Transaction	x_FDRMaturedButNotPaidPayment.aspx	RetailBanking/Transaction/x_FDRMaturedButNotPaidPayment.aspx	Transaction / Entry	Complex	56.06	Complex	725	5037	112	3	23	10	26	yes			pr_b_getdaydifference;pr_b_getenddateofyear;pr_b_rdfdreadyrecknor_v3;pr_g_getyearsmonthsdays;pr_x_countcashfdmatbutnotpaid;pr_x_counttrffdmatbutnotpaid;pr_x_deletefdmatbutnotpaidpayment;pr_x_deletetransaction;pr_x_fdautotransfer;pr_x_fdmatbutnotpaidpaydetails;pr_x_fdmatbutnotpaidpaymentvoucher;pr_x_getdatedifference;pr_x_getdaysdifference;pr_x_getfdautotransferdetails;pr_x_getfdautotransferinterest;pr_x_getfdmaturednotpaiddet;pr_x_getinterestdependonperiod;pr_x_getledgertdsamount;pr_x_getrsqfdmaturebutnotpaid;pr_x_getrsqfdrautotransferaccountnumber;pr_x_passtransaction;pr_x_postfdmaturednotpaidpayment;pr_x_savefdmatbutnotpaidpayment;pr_x_sb_getfdmatbutnotpaidpayment;pr_x_sb_getfdrautotransfertransaction;pr_x_transaction
(not in menu)		0		RetailBanking	Transaction	x_InvestmentRenewalTransaction.aspx	RetailBanking/Transaction/x_InvestmentRenewalTransaction.aspx	Transaction / Entry	Complex	21.31	Complex	617	1529	98	3	18	9	8	yes			pr_x_deleteinvrenewaltran;pr_x_getdebtinvestmentdetails;pr_x_getinvrenewaltrandetails;pr_x_getinvrenewaltranvoucherpass;pr_x_passinvestmentrenewaltran;pr_x_saveinvestmentrenewaltran;pr_x_sb_getinvrenewaltran;pr_x_sb_getinvtran
(not in menu)		0		RetailBanking	Transaction	x_InvestmentTransaction.aspx	RetailBanking/Transaction/x_InvestmentTransaction.aspx	Transaction / Entry	Complex	26.39	Complex	480	2255	89	3	12	10	9	yes			pr_b_getinvinfodetails;pr_x_deleteinvtran;pr_x_getinvestmentdetails;pr_x_getinvtrandetails;pr_x_getinvtranvoucherpass;pr_x_passinvestmenttran;pr_x_saveinvestmenttran;pr_x_sb_getfdrautotransfertransaction;pr_x_sb_getinvtran
Retail and Corporate Operations	Retail and Corporate Operations	1	yes	RetailBanking	Transaction	x_LockRelease.aspx	RetailBanking/Transaction/x_LockRelease.aspx	Transaction / Entry	Medium	7.35	Complex	235	587	21	1	4	4	3	yes			pr_b_lockunlockaccount;pr_b_unlockaccount;pr_x_getrsqlockreleaseaccountnumber
(not in menu)		0		RetailBanking	Transaction	x_ManyToManyTransaction.aspx	RetailBanking/Transaction/x_ManyToManyTransaction.aspx	Transaction / Entry	Complex	67.27	Complex	743	7300	155	5	21	17	14	yes			pr_b_getjointnames;pr_g_getaccounthead;pr_x_batchtranibt;pr_x_deletetransaction;pr_x_getaccountdetails;pr_x_getaccountheadbalance;pr_x_getaddlimitsanctionamount;pr_x_getcurrdrtranamountbatch;pr_x_getrsqtransactionaccountnumber;pr_x_gettargetcurrencyvalue;pr_x_ischeckaccnoexist;pr_x_passtransaction;pr_x_sb_getmanytomanytransaction;pr_x_transaction
(not in menu)		0		RetailBanking	Transaction	x_ManyToManyTransaction_Adj.aspx	RetailBanking/Transaction/x_ManyToManyTransaction_Adj.aspx	Transaction / Entry	Complex	76.73	Complex	737	8432	158	5	21	17	17	yes			pr_b_getjointnames;pr_g_getaccounthead;pr_g_getaccountheadadj;pr_x_getaccountdetails;pr_x_getaccountheadbalance;pr_x_getaddlimitsanctionamount;pr_x_getcurrdrtranamountbatch;pr_x_getmanytomanytransactiondetails;pr_x_getmanytomanytransactiondetailsadj;pr_x_getrsqtransactionaccountnumber;pr_x_gettargetcurrencyvalue;pr_x_interbranchtransaction;pr_x_ischeckaccnoexist;pr_x_loadmanytomanyadjtran;pr_x_sb_getmanytomanytransaction;pr_x_sb_getmanytomanytransactionadj;pr_x_transaction_adjbatch
Retail and Corporate Operations	Retail and Corporate Operations	3	yes	RetailBanking	Transaction	x_ManyToManyTransaction_v1.aspx	RetailBanking/Transaction/x_ManyToManyTransaction_v1.aspx	Transaction / Entry	Complex	72.87	Complex	705	8009	162	5	21	17	15	yes			pr_b_getjointnames;pr_g_getaccounthead;pr_x_deletetransaction;pr_x_getaccountdetails;pr_x_getaccountheadbalance;pr_x_getaddlimitsanctionamount;pr_x_getcurrdrtranamountbatch;pr_x_getnextuniquetranseqno;pr_x_getrsqtransactionaccountnumber;pr_x_gettargetcurrencyvalue;pr_x_interbranchtransaction;pr_x_ischeckaccnoexist;pr_x_passtransaction;pr_x_sb_getmanytomanytransaction;pr_x_transaction
Retail and Corporate Operations	Retail and Corporate Operations	1		RetailBanking	Transaction	x_MICRECSGenerateFileData.aspx	RetailBanking/Transaction/x_MICRECSGenerateFileData.aspx	Transaction / Entry	Medium	7.21	Complex	116	548	14	3	1	5	1	yes			pr_x_getecsmandatedata
(not in menu)		0		RetailBanking	Transaction	x_MICREcsMandate.aspx	RetailBanking/Transaction/x_MICREcsMandate.aspx	Transaction / Entry	Complex	18.85	Complex	336	1627	55	2	12	9	7	yes			pr_b_getrsqecscompany;pr_b_getrsqecstype;pr_x_generateecsschedule;pr_x_generateglobalecsschedule;pr_x_getecsfirstdatedurationandamount;pr_x_getrsqtransactionaccountnumber;pr_x_sb_getglobalecsmandate
Retail and Corporate Operations	Retail and Corporate Operations	1		RetailBanking	Transaction	x_MICRECSPaymentProcessFile.aspx	RetailBanking/Transaction/x_MICRECSPaymentProcessFile.aspx	Transaction / Entry	Medium	4.35	Complex	133	335	18	1	1	4	1				pr_ach_20rcp_save_file
Retail and Corporate Operations	Retail and Corporate Operations	1		RetailBanking	Transaction	x_MICRECSPaymentTransactionPosting.aspx	RetailBanking/Transaction/x_MICRECSPaymentTransactionPosting.aspx	Transaction / Entry	Medium	9.37	Complex	88	512	24	1	0	4	7	yes			pr_ach_20rcp_getdataforupdate;pr_ach_20rcp_getdataforupdatestatus;pr_ach_20rcp_tran_at_customer;pr_ach_20rcp_tran_at_ho;pr_ach_20rcp_tran_get_xml;pr_ach_20rcp_tran_status_at_master;pr_x_getservicebranch
(not in menu)		0		RetailBanking	Transaction	x_MICRECSProcessFileData.aspx	RetailBanking/Transaction/x_MICRECSProcessFileData.aspx	Transaction / Entry	Medium	11.79	Complex	259	910	53	3	7	6	2	yes			pr_x_ecstransactioninformationdata;pr_x_sb_getdailydeposittransaction
Retail and Corporate Operations	Retail and Corporate Operations	1		RetailBanking	Transaction	x_MICRECSProcessFileData_v1.aspx	RetailBanking/Transaction/x_MICRECSProcessFileData_v1.aspx	Transaction / Entry	Complex	22.07	Complex	285	2248	52	4	2	6	3	yes			pr_ach_10rcp_save_file;pr_x_saveecsfiledata;pr_x_sb_getdailydeposittransaction
Retail and Corporate Operations	Retail and Corporate Operations	1		RetailBanking	Transaction	x_MICRECSTransactionPosting.aspx	RetailBanking/Transaction/x_MICRECSTransactionPosting.aspx	Transaction / Entry	Medium	10.18	Complex	82	633	24	1	0	3	7	yes			pr_ach_10rcp_getdataforupdate;pr_ach_10rcp_getdataforupdatestatus;pr_ach_10rcp_tran_at_customer;pr_ach_10rcp_tran_at_ho;pr_ach_10rcp_tran_get_xml;pr_ach_10rcp_tran_status_at_master;pr_x_getservicebranch
(not in menu)		0		RetailBanking	Transaction	x_OtherAccountPigmyTransaction.aspx	RetailBanking/Transaction/x_OtherAccountPigmyTransaction.aspx	Transaction / Entry	Medium	9.69	Complex	172	734	25	1	2	7	5	yes			pr_x_getrsqdailydepositagentnumber;pr_x_getrsqdailydepositclientaccountnumber;pr_x_otheraccpigmytran;pr_x_passotheraccpigmytran;pr_x_sb_getotheraccpigmytran
Retail and Corporate Operations	Retail and Corporate Operations	2		RetailBanking	Transaction	x_ProfitLossSummation.aspx	RetailBanking/Transaction/x_ProfitLossSummation.aspx	Transaction / Entry	Medium	8.14	Complex	147	663	23	2	1	3	2	yes			pr_b_profitlosscalculation;pr_b_profitlossposting
(not in menu)		0		RetailBanking	Transaction	x_SbCaRdAccountClosing.aspx	RetailBanking/Transaction/x_SbCaRdAccountClosing.aspx	Transaction / Entry	Complex	19.44	Complex	444	1584	67	4	5	9	5	yes			pr_x_calculationofservicetaxcommon;pr_x_savinginterestcalculationv2;pr_x_sb_getsbcardaccclosing;pr_x_sbcardaccclosingpassing;pr_x_sbcardaccclosingsave
(not in menu)		0		RetailBanking	Transaction	x_SbCaRdAccountClosing_Islamic.aspx	RetailBanking/Transaction/x_SbCaRdAccountClosing_Islamic.aspx	Transaction / Entry	Complex	19.47	Complex	444	1589	67	4	5	9	5	yes			pr_x_calculationofservicetaxcommon;pr_x_savinginterestcalculationv2_islamic;pr_x_sb_getsbcardaccclosing_islamic;pr_x_sbcardaccclosingpassing_islamic;pr_x_sbcardaccclosingsave_islamic
(not in menu)		0		RetailBanking	Transaction	x_SbCaRdAccountClosing_V1.aspx	RetailBanking/Transaction/x_SbCaRdAccountClosing_V1.aspx	Transaction / Entry	Complex	18.43	Complex	444	1432	67	4	5	9	5	yes			pr_x_calculationofservicetaxcommon;pr_x_savinginterestcalculationv2;pr_x_sb_getsbcardaccclosing;pr_x_sbcardaccclosingpassing;pr_x_sbcardaccclosingsave
(module 0 — not in a_Module)	(module 0 — not in a_Module)	4	yes	RetailBanking	Transaction	x_SbCaRdAccountClosingV1.aspx	RetailBanking/Transaction/x_SbCaRdAccountClosingV1.aspx	Transaction / Entry	Complex	50.13	Complex	823	5095	134	3	15	14	14	yes			pr_x_areallduesrecoverablewhileclosing;pr_x_caaccountclosing;pr_x_caaccountclosingpassing;pr_x_calculationofservicetaxcommon;pr_x_currentaccountinterestaccural;pr_x_currentpenalinterestaccrual;pr_x_deletecaaccountclosure;pr_x_getaccountdetails;pr_x_getchargesamount;pr_x_sb_getsbcardaccclosingv1;pr_x_sbcaaccclosingpaybycash;pr_x_sbcaintaccural;pr_x_sbcardaccclosingpassing;pr_x_sbcardaccclosingsavev1
(not in menu)		0		RetailBanking	Transaction	x_SignatureImage.aspx	RetailBanking/Transaction/x_SignatureImage.aspx	Transaction / Entry	Simple	2.97	Complex	29	439	1	0	0	0	0				
Retail and Corporate Operations	Retail and Corporate Operations	2	yes	RetailBanking	Transaction	x_TranReversal.aspx	RetailBanking/Transaction/x_TranReversal.aspx	Transaction / Entry	Medium	11.91	Complex	327	557	65	4	6	6	4				pr_x_gettranreversaldetails;pr_x_sb_gettranreversaldetails;pr_x_tranreversal;pr_x_tranreversalauth
Retail and Corporate Operations	Retail and Corporate Operations	2		RetailBanking	Transaction	x_Transaction.aspx	RetailBanking/Transaction/x_Transaction.aspx	Transaction / Entry	Complex	97.9	Complex	1157	11271	229	2	25	33	20	yes			pr_b_getjointnames;pr_b_getlimitsanction;pr_b_iscardissue;pr_c_ccintproductcalculationwithlimit;pr_c_getlastdateofdisburse;pr_x_cashierscrolltransaction;pr_x_checkddpoinstrumentno;pr_x_deletetransaction;pr_x_getaccountdetails;pr_x_getrsqdailydepositclientaccountnumber;pr_x_gettargetcurrencyvalue;pr_x_gettransactiondebitamount;pr_x_gettransactiondebitamount_v1;pr_x_istokennoused;pr_x_passtransaction;pr_x_passtransactioncurrency;pr_x_sb_getaccholdingamount;pr_x_sb_gettransaction;pr_x_transaction;pr_x_transactioncurrency
(not in menu)		0		RetailBanking	Transaction	x_TransactionOtherDetails.aspx	RetailBanking/Transaction/x_TransactionOtherDetails.aspx	Transaction / Entry	Complex	86.77	Complex	2204	4111	394	35	12	31	26	yes			pr_a_getuseraccessrights;pr_b_getcardinformation;pr_b_getglimitsanctiondetail;pr_b_getpigmyintcommchartlink;pr_c_getamortizationchart;pr_c_getemilogdetails;pr_c_securityledger;pr_c_securityledgerdetails;pr_d_rdpenaltyinstallment;pr_sh_getledger;pr_x_getaccountnumber;pr_x_getcounterchequedetails;pr_x_getcustomercontactnumber;pr_x_getecsschedulechart;pr_x_getfdrenewalinfo;pr_x_getglobalecsschedulechart;pr_x_getledgerinvestment;pr_x_getlegviewclientaccno;pr_x_getlegviewclientaccnoinfo;pr_x_getpigmyclientintchart;pr_x_getrsqdailydepositagentnumber;pr_x_getsidetails;pr_x_getunappliedledger;pr_x_getunclearedamountdetails;pr_x_r_getcustomernamebychartofaccount;pr_x_r_ledger
(not in menu)		0		RetailBanking	Transaction	x_TransactionOtherDetailsOld.aspx	RetailBanking/Transaction/x_TransactionOtherDetailsOld.aspx	Transaction / Entry	Simple	0.11	Complex	39	10	1	0	0	0	0				
Retail and Corporate Operations	Retail and Corporate Operations	1		RetailBanking	Transaction	x_transactionv1.aspx	RetailBanking/Transaction/x_transactionv1.aspx	Transaction / Entry	Complex	32.09	Complex	439	3278	66	2	16	5	10	yes			pr_a_getcashierlimitamount;pr_x_deletetransaction;pr_x_getaccountdetails;pr_x_gettargetcurrencyvalue;pr_x_gettranforreversal;pr_x_gettransactiondetails;pr_x_r_unpasstransaction;pr_x_sb_gettransactionv1;pr_x_transactionanywheresave;pr_x_transactionquick
(not in menu)		0		RetailBanking	Transaction	x_transactionv1_new.aspx	RetailBanking/Transaction/x_transactionv1_new.aspx	Transaction / Entry	Complex	34.12	Complex	466	3486	67	2	16	5	11	yes			pr_a_getcashierlimitamount;pr_x_deletetransaction;pr_x_getaccountdetails;pr_x_gettargetcurrencyvalue;pr_x_gettranforreversal;pr_x_gettransactiondetails;pr_x_r_unpasstransaction;pr_x_sb_gettransactionv1;pr_x_transactionanywheresave;pr_x_transactionquick;pr_x_transactionquick_new
(module 0 — not in a_Module)	(module 0 — not in a_Module)	2		RetailBanking	Transaction	x_TransactionV2.aspx	RetailBanking/Transaction/x_TransactionV2.aspx	Transaction / Entry	Complex	82.28	Complex	1057	8994	233	2	25	34	19	yes			pr_b_getjointnames;pr_b_getlimitsanction;pr_b_iscardissue;pr_c_ccintproductcalculationwithlimit;pr_c_getlastdateofdisburse;pr_x_calculationofservicetaxcommon;pr_x_checkddpoinstrumentno;pr_x_deletetransaction;pr_x_getrsqdailydepositclientaccountnumber;pr_x_gettargetcurrencyvalue;pr_x_gettransactiondebitamount;pr_x_gettransactiondebitamount_v1;pr_x_istokennoused;pr_x_passtransaction;pr_x_passtransactioncurrency;pr_x_sb_getaccholdingamount;pr_x_sb_gettransaction;pr_x_transaction;pr_x_transactioncurrency
(not in menu)		0		RetailBanking	Transaction	x_Transfer.aspx	RetailBanking/Transaction/x_Transfer.aspx	Transaction / Entry	Complex	12.48	Complex	1579	0	272	2	34	40	0				
(module 0 — not in a_Module)	(module 0 — not in a_Module)	2		RetailBanking	Transaction	x_TransferV2.aspx	RetailBanking/Transaction/x_TransferV2.aspx	Transaction / Entry	Complex	95.84	Complex	1229	10404	277	2	35	41	23	yes			pr_b_getjointnames;pr_b_isaccountlocked;pr_b_lockunlockaccount;pr_hd_ibtfundtrfrequestdetails;pr_hd_updatefundtransferstatus;pr_hd_updateguidoffundtransfer;pr_x_checkddpoinstrumentno;pr_x_deletetransaction;pr_x_getaccountdetails;pr_x_getrsqdailydepositclientaccountnumber;pr_x_getrsqtransactionaccountnumber;pr_x_gettargetcurrencyvalue;pr_x_gettransactiondebitamount;pr_x_gettransactiondebitamount_v1;pr_x_passtransaction;pr_x_passtransfertransactioncurrency;pr_x_sb_fundtransferreqtran;pr_x_sb_fundtransferrequest;pr_x_sb_getaccholdingamount;pr_x_sb_gettransaction;pr_x_sb_gettransfer;pr_x_transaction;pr_x_transfertransactioncurrency
(not in menu)		0		RetailBanking	Transaction/FdTransactions	x_FdDepositTransaction.aspx	RetailBanking/Transaction/FdTransactions/x_FdDepositTransaction.aspx	Transaction / Entry	Complex	30.98	Complex	695	2613	99	3	11	10	12	yes			pr_d_getfdinformation;pr_g_getheadcodename;pr_g_preparename;pr_x_deletefddeposittran;pr_x_getfddeposittrandetails;pr_x_getfddeposittranvoucher;pr_x_getfdintamount;pr_x_getinvtranvoucherpass;pr_x_passfddeposittran;pr_x_savefddeposittransaction;pr_x_sb_getfddeposittran;pr_x_sb_getinvtran
Retail and Corporate Operations	Retail and Corporate Operations	2		RetailBanking	Transaction/FdTransactions	x_FdInterestPaymentCash.aspx	RetailBanking/Transaction/FdTransactions/x_FdInterestPaymentCash.aspx	Transaction / Entry	Complex	31.7	Complex	666	2037	108	6	11	11	15	yes			pr_d_getfdinformation;pr_g_getheadcodename;pr_x_deletefdintpaycash;pr_x_getfdintamountacwise;pr_x_getfdintamountacwise_islamic;pr_x_getfdintpaycashvoucher;pr_x_getfdintpaytrandetails;pr_x_getfdpaymentschedule;pr_x_getinvtranvoucherpass;pr_x_getsaveintpaycash;pr_x_passfdintpaycashtran;pr_x_savefdintpaycashtran;pr_x_sb_getfddeposittran;pr_x_sb_getfdintpaycashtran;pr_x_sb_getinvtran
(not in menu)		0		RetailBanking	Transaction/FdTransactions	x_FdInterestPostOtherBankAccount.aspx	RetailBanking/Transaction/FdTransactions/x_FdInterestPostOtherBankAccount.aspx	Transaction / Entry	Complex	35.23	Complex	540	2212	112	5	6	14	20	yes			pr_b_getbkaccinformation;pr_g_getaccounthead;pr_g_getheadcodename;pr_g_preparename_nospace;pr_x_deletefdintpaycash;pr_x_deletefdinttoothbkacc;pr_x_getdatefortran;pr_x_getfdintpaycashvoucher;pr_x_getfdinttoothbkaccsche;pr_x_getfdinttoothbkdetail;pr_x_getfdinttoothbkdetail_xl;pr_x_getmaxdatefdintothbkacc;pr_x_gettdscalculateamount;pr_x_postfdintotherbkaccount;pr_x_savefdintotherbkaccount;pr_x_savefdintpaycashtran;pr_x_sb_getfdintpaycashtran;pr_x_sb_getfdinttoothbkacc;pr_x_scrollsave;pr_x_transaction
(not in menu)		0		RetailBanking	Transaction/FdTransactions	x_FDIntPayCheque.aspx	RetailBanking/Transaction/FdTransactions/x_FDIntPayCheque.aspx	Transaction / Entry	Complex	14.8	Complex	282	912	53	3	5	9	7	yes			pr_g_sb_getfdintchequeacc;pr_x_getaccounts;pr_x_getfdintchequeacc;pr_x_getfdintchequeacc_islamic;pr_x_savefdintchequeacc;pr_x_savefdintchequeacc_islamic;pr_x_scrollsave
(not in menu)		0		RetailBanking	Transaction/FdTransactions	x_ManageFDPayCheque.aspx	RetailBanking/Transaction/FdTransactions/x_ManageFDPayCheque.aspx	Transaction / Entry	Medium	10.95	Complex	319	778	44	2	8	8	4	yes			pr_g_sb_getfdintchequeacc;pr_x_getaccounts;pr_x_getfdintchequeacc;pr_x_savefdintchequeacc
(not in menu)		0		RetailBanking	Transaction/userControls	Account.ascx	RetailBanking/Transaction/userControls/Account.ascx	UserControl	Simple	1.8	Complex	35	216	9	0	4	3	0				
(not in menu)		0		RetailBanking	Transaction/userControls	ClientInfo.ascx	RetailBanking/Transaction/userControls/ClientInfo.ascx	UserControl	Medium	6.85	Complex	301	547	65	0	42	16	1				pr_x_getaccountdetails
(not in menu)		0		RetailBanking	Transaction/userControls	ReceiptPayment.ascx	RetailBanking/Transaction/userControls/ReceiptPayment.ascx	UserControl	Medium	10.59	Complex	162	1114	14	1	2	0	3	yes			pr_x_getcashierscrolldetailsv1;pr_x_getdenominationwithcashieropening;pr_x_getdenominationwithchestcashieropening
Retail and Corporate Operations	Retail and Corporate Operations	1	yes	RetailBanking	Utilities	CentralizedDayBegin.aspx	RetailBanking/Utilities/CentralizedDayBegin.aspx	CRUD master	Medium	5.49	Medium	110	355	13	1	1	2	3	yes			pr_x_daybegin;pr_x_daybeginlogsave;pr_x_getdaybeginbranchlist
Retail and Corporate Operations	Retail and Corporate Operations	1	yes	RetailBanking	Utilities	ClientAccountsInfo.aspx	RetailBanking/Utilities/ClientAccountsInfo.aspx	Client-rendered / Other	Simple	0.97	Medium	18	49	1	0	0	0	1				pr_uc_getclientaccounts
Retail and Corporate Operations	Retail and Corporate Operations	1	yes	RetailBanking	Utilities	DayEndCenJS.aspx	RetailBanking/Utilities/DayEndCenJS.aspx	Batch / Process	Simple	1.69	Medium	15	76	2	0	0	0	1		yes		pr_x_dayendbulkinsertjs
Retail and Corporate Operations	Retail and Corporate Operations	1	yes	RetailBanking	Utilities	DayendLog.aspx	RetailBanking/Utilities/DayendLog.aspx	Batch / Process	Simple	3.2	Medium	60	204	11	1	2	2	1	yes			pr_b_deletedayendparamlog
(not in menu)		0		RetailBanking	Utilities	LogDetails.aspx	RetailBanking/Utilities/LogDetails.aspx	Search / List / Inquiry	Simple	1.61	Medium	67	86	6	1	0	0	0				
Retail and Corporate Operations	Retail and Corporate Operations	1	yes	RetailBanking	YearEndActivities	BalanceTransfer.aspx	RetailBanking/YearEndActivities/BalanceTransfer.aspx	Transaction / Entry	Medium	8.42	Medium	77	987	11	1	3	1	1	yes			pr_g_carryforwardglopbalbranch
(module 0 — not in a_Module)	(module 0 — not in a_Module)	2		Treasury	FX	tr_FDTransferTransaction.aspx	Treasury/FX/tr_FDTransferTransaction.aspx	Transaction / Entry	Complex	32.59	Medium	625	2333	111	3	13	13	17	yes			pr_b_getdaydifference;pr_b_rdfdreadyrecknor_v3;pr_g_getyearsmonthsdays;pr_tr_deletefdtransfer;pr_tr_getcalcfdintshow;pr_tr_getfdautotransferdetails;pr_tr_getfdautotransferinterest;pr_tr_getfdpremature;pr_tr_getfdtransfertransaction;pr_tr_getfdtransfertransactionvoucher;pr_tr_passfdtransfertransaction;pr_tr_savefdautotransfer;pr_tr_sb_getfdtransaction;pr_x_getfdautotransferdetails;pr_x_getledgertdsamount;pr_x_getrsqfdrautotransferaccountnumber;pr_x_sb_getinvtran
(not in menu)		0		Treasury	FX	tr_FIDealSchedule.aspx	Treasury/FX/tr_FIDealSchedule.aspx	Search / List / Inquiry	Medium	4.06	Medium	154	207	17	1	0	1	2				pr_tr_generatefidealschedule;pr_tr_getdealmmfisheduledetails
(module 0 — not in a_Module)	(module 0 — not in a_Module)	4	yes	Treasury	FX	tr_FxDealInput.aspx	Treasury/FX/tr_FxDealInput.aspx	CRUD master	Complex	17.19	Medium	529	1510	63	2	15	10	5	yes			pr_sb_getdealinputs;pr_sb_getpassdealinputs;pr_x_deletedealinputs;pr_x_gettargetcurrencyvalue;pr_x_passdealfx
(module 0 — not in a_Module)	(module 0 — not in a_Module)	1	yes	Treasury	FX	tr_FXMonitoring.aspx	Treasury/FX/tr_FXMonitoring.aspx	Search / List / Inquiry	Medium	5.44	Medium	80	252	24	2	0	1	2				pr_x_getdealwiseposition;pr_x_getpositionmonitoring
(module 0 — not in a_Module)	(module 0 — not in a_Module)	2	yes	Treasury	FX	tr_FxTransferPayment_v1.aspx	Treasury/FX/tr_FxTransferPayment_v1.aspx	Transaction / Entry	Complex	28.35	Medium	495	2867	76	1	14	8	9	yes			pr_x_deleteforexpaytran;pr_x_forexpaytranauth;pr_x_getaccountheadbalance;pr_x_getrsqsipigmyagentno;pr_x_getscrollforfxtransfer;pr_x_gettargetcurrencyvalue;pr_x_saveforexpaytran;pr_x_sb_getforexpaymenttran;pr_x_sb_getforextran
(module 0 — not in a_Module)	(module 0 — not in a_Module)	2	yes	Treasury	FX	tr_FxTransferReceipt_v1.aspx	Treasury/FX/tr_FxTransferReceipt_v1.aspx	Transaction / Entry	Complex	27.15	Medium	450	2831	67	1	13	8	8	yes			pr_x_deleteforextran;pr_x_forextran;pr_x_forextranpass;pr_x_getaccountdetails;pr_x_getaccountheadbalance;pr_x_getscrollforfxtransfer;pr_x_gettargetcurrencyvalue;pr_x_sb_getforextran
(module 0 — not in a_Module)	(module 0 — not in a_Module)	4	yes	Treasury	FX	tr_GovtSecDealInput.aspx	Treasury/FX/tr_GovtSecDealInput.aspx	CRUD master	Complex	20.52	Medium	448	1878	85	2	26	10	5	yes			pr_sb_getsecdealinputs;pr_sb_getsecpassdealinputs;pr_tr_deletesecdealinputs;pr_x_gettargetcurrencyvalue;pr_x_passdealgovtsec
(module 0 — not in a_Module)	(module 0 — not in a_Module)	4	yes	Treasury	FX	tr_MMFIDealInput.aspx	Treasury/FX/tr_MMFIDealInput.aspx	CRUD master	Complex	25.28	Medium	498	2250	97	2	19	12	8	yes			pr_sb_getdealmmfi;pr_sb_getpassdealmmfi;pr_tr_generatefidealschedule;pr_tr_validateclientlimit;pr_tr_validatedealerlimit;pr_x_deletemmfidealinputs;pr_x_gettargetcurrencyvalue;pr_x_passdealmmfi
(module 0 — not in a_Module)	(module 0 — not in a_Module)	4	yes	Treasury	FX	tr_SharesDealInput.aspx	Treasury/FX/tr_SharesDealInput.aspx	CRUD master	Complex	21.91	Medium	423	2003	84	2	18	11	6	yes			pr_sb_getsharedealinputs;pr_sb_getsharepassdealinputs;pr_tr_deletesharesdealinputs;pr_tr_getsharesavailabledetails;pr_x_gettargetcurrencyvalue;pr_x_passdealshares
(module 0 — not in a_Module)	(module 0 — not in a_Module)	2	yes	Treasury	FX	x_ForexTradingTran.aspx	Treasury/FX/x_ForexTradingTran.aspx	CRUD master	Complex	16.17	Medium	337	1429	51	2	4	7	5	yes			pr_x_forextradingtran;pr_x_getfxtradingtrandetails;pr_x_getrsqsipigmyagentno;pr_x_sb_getforextradingtran;pr_x_scrollsave
Central Administration	Central Administration	1	yes	Treasury	Masters	g_Currency.aspx	Treasury/Masters/g_Currency.aspx	CRUD master	Medium	8.81	Simple	178	782	55	1	8	7	1	yes			pr_g_sb_currencyselect
(module 0 — not in a_Module)	(module 0 — not in a_Module)	1	yes	Treasury	Masters	tr_BankAccounts.aspx	Treasury/Masters/tr_BankAccounts.aspx	CRUD master	Medium	5.53	Medium	121	445	29	1	3	6	1	yes			pr_tr_sb_getbankaccount
(module 0 — not in a_Module)	(module 0 — not in a_Module)	2	yes	Treasury	Masters	tr_Broker.aspx	Treasury/Masters/tr_Broker.aspx	CRUD master	Medium	5.17	Medium	131	404	27	1	4	7	1	yes			pr_tr_sb_getbrokerdetails
(module 0 — not in a_Module)	(module 0 — not in a_Module)	2	yes	Treasury	Masters	tr_ClientLimit.aspx	Treasury/Masters/tr_ClientLimit.aspx	CRUD master	Medium	7.72	Medium	129	660	28	2	1	7	1	yes			pr_tr_sb_getclientlimit
(module 0 — not in a_Module)	(module 0 — not in a_Module)	1	yes	Treasury	Masters	tr_CurrencyGLMapping.aspx	Treasury/Masters/tr_CurrencyGLMapping.aspx	CRUD master	Medium	5.29	Medium	90	469	19	1	0	6	1	yes			pr_tr_sb_getcurrencyglmapping
(module 0 — not in a_Module)	(module 0 — not in a_Module)	2	yes	Treasury	Masters	tr_Customer.aspx	Treasury/Masters/tr_Customer.aspx	CRUD master	Medium	6.35	Medium	168	545	33	1	10	7	1	yes			pr_tr_sb_getcustomer
(module 0 — not in a_Module)	(module 0 — not in a_Module)	2	yes	Treasury	Masters	tr_DealersAddLimit.aspx	Treasury/Masters/tr_DealersAddLimit.aspx	CRUD master	Medium	6.18	Medium	170	543	29	1	3	7	1	yes			pr_tr_sb_getdealeraddlimit
(module 0 — not in a_Module)	(module 0 — not in a_Module)	2	yes	Treasury	Masters	tr_DealersLimit.aspx	Treasury/Masters/tr_DealersLimit.aspx	CRUD master	Medium	6.13	Medium	142	548	27	1	2	7	1	yes			pr_tr_sb_getdealerlimit
(module 0 — not in a_Module)	(module 0 — not in a_Module)	2	yes	Treasury	Masters	tr_DealType.aspx	Treasury/Masters/tr_DealType.aspx	CRUD master	Medium	6.67	Medium	165	467	34	2	2	8	1	yes			pr_tr_sb_getdealtype
(not in menu)		0		Treasury	Masters	tr_GovtSecDealInput.aspx	Treasury/Masters/tr_GovtSecDealInput.aspx	CRUD master	Complex	20.14	Medium	435	1821	85	2	26	10	5	yes			pr_sb_getsecdealinputs;pr_sb_getsecpassdealinputs;pr_tr_deletesecdealinputs;pr_x_gettargetcurrencyvalue;pr_x_passdealgovtsec
(module 0 — not in a_Module)	(module 0 — not in a_Module)	2	yes	Treasury	Masters	tr_Holiday.aspx	Treasury/Masters/tr_Holiday.aspx	CRUD master	Medium	5.54	Medium	98	489	22	1	1	7	1	yes			pr_tr_sb_getholiday
(module 0 — not in a_Module)	(module 0 — not in a_Module)	2	yes	Treasury	Masters	tr_Product.aspx	Treasury/Masters/tr_Product.aspx	CRUD master	Medium	6.43	Medium	166	515	40	1	5	7	1	yes			pr_tr_sb_getproduct
(module 0 — not in a_Module)	(module 0 — not in a_Module)	2	yes	Treasury	Masters	tr_RateReasonabilitySpread.aspx	Treasury/Masters/tr_RateReasonabilitySpread.aspx	CRUD master	Medium	8.29	Medium	209	602	52	2	7	10	1	yes			pr_tr_sb_getspreaddetails
(not in menu)		0		UserControls		AccountParamInfo.ascx	UserControls/AccountParamInfo.ascx	UserControl	Simple	2.69	Medium	83	272	22	0	0	0	0				
(not in menu)		0		UserControls		ActionButtons.ascx	UserControls/ActionButtons.ascx	UserControl	Simple	0.78	Medium	9	81	6	0	0	6	0				
(not in menu)		0		UserControls		AdReportParameters.ascx	UserControls/AdReportParameters.ascx	UserControl	Simple	1.06	Report	9	153	1	0	0	0	0				
(not in menu)		0		UserControls		AdTabControl.ascx	UserControls/AdTabControl.ascx	UserControl	Simple	0.45	Medium	76	68	0	0	0	0	0				
(not in menu)		0		UserControls		Alerts.ascx	UserControls/Alerts.ascx	UserControl	Medium	5.62	Medium	85	243	15	2	0	3	3				pr_al_getalertsmapped;pr_al_showalerts;pr_al_showuserallalerts
(not in menu)		0		UserControls		ClientAccountsInfo.ascx	UserControls/ClientAccountsInfo.ascx	UserControl	Medium	4.12	Medium	127	204	14	2	3	2	1				pr_uc_getclientaccounts
(not in menu)		0		UserControls		CollapsablePanelEnd.ascx	UserControls/CollapsablePanelEnd.ascx	UserControl	Simple	0.04	Medium	3	6	0	0	0	0	0				
(not in menu)		0		UserControls		CollapsablePanelStart.ascx	UserControls/CollapsablePanelStart.ascx	UserControl	Simple	0.65	Medium	14	91	1	0	0	0	0				
(not in menu)		0		UserControls		DDPO.ascx	UserControls/DDPO.ascx	UserControl	Complex	20.98	Medium	311	2217	35	0	11	1	8	yes			pr_b_getdebitaccountnumber;pr_g_getaccounthead;pr_x_calculationofservicetaxcommon;pr_x_dddelete;pr_x_ddnumbervalidation;pr_x_ddpass;pr_x_ddsave;pr_x_getaccountdetailsforddpo
(not in menu)		0		UserControls		MainMenu.ascx	UserControls/MainMenu.ascx	UserControl	Simple	0.85	Medium	28	121	1	0	0	0	0				
(not in menu)		0		UserControls		MessageBox.aspx	UserControls/MessageBox.aspx	Client-rendered / Other	Simple	0.45	Medium	57	31	6	0	1	3	0				
(not in menu)		0		UserControls		PasswordPolicy.ascx	UserControls/PasswordPolicy.ascx	UserControl	Simple	1.73	Medium	60	211	8	0	0	0	0				
(not in menu)		0		UserControls		RecordSelector.aspx	UserControls/RecordSelector.aspx	CRUD master	Medium	9.46	Medium	351	951	28	1	2	6	2	yes			pr_util_execqueryforrecsel;pr_x_getaccounts
(not in menu)		0		UserControls		RecordSelectorV2.aspx	UserControls/RecordSelectorV2.aspx	CRUD master	Medium	10.33	Medium	241	1045	19	1	1	4	3	yes			pr_util_execqueryforrecsel;pr_util_execqueryforrecselv2;pr_x_getaccounts
(not in menu)		0		UserControls		SearchAdvanced.aspx	UserControls/SearchAdvanced.aspx	Client-rendered / Other	Simple	3.05	Medium	67	422	6	0	0	3	0				
(not in menu)		0		UserControls		SecurityInfo.ascx	UserControls/SecurityInfo.ascx	UserControl	Complex	31.86	Medium	162	3981	33	2	1	7	4	yes			pr_c_getsavedsecurities;pr_c_getsecuritylist;pr_x_getsecurityledger;pr_x_gettargetcurrencyvalue
(not in menu)		0		UserControls		TransactionViewer.ascx	UserControls/TransactionViewer.ascx	UserControl	Simple	3.53	Medium	40	277	7	1	0	0	1				pr_x_gettranviewerdata_islamic
(not in menu)		0		UserControls		TssiplDatePicker.ascx	UserControls/TssiplDatePicker.ascx	UserControl	Simple	3.16	Medium	269	432	7	0	5	0	0				
(not in menu)		0		UserControls		TssiplMoneyControl.ascx	UserControls/TssiplMoneyControl.ascx	UserControl	Simple	1.38	Medium	208	201	1	0	1	0	0				
(not in menu)		0		UserControls		TssiplRecordSelector.ascx	UserControls/TssiplRecordSelector.ascx	UserControl	Complex	12.57	Medium	134	1586	20	0	7	11	2				pr_util_execqueryforrecsel;pr_x_getaccounts
(not in menu)		0		UserControls		TssiplRecordSelectorV2.ascx	UserControls/TssiplRecordSelectorV2.ascx	UserControl	Complex	13.48	Medium	113	1656	16	0	6	8	3				pr_util_execqueryforrecsel;pr_util_execqueryforrecselv2;pr_x_getaccounts
(not in menu)		0		UserControls		TssiplSearchBox.ascx	UserControls/TssiplSearchBox.ascx	UserControl	Medium	7.28	Medium	137	1008	14	0	2	3	0	yes			
(not in menu)		0		UserControls		ucEmiChart.ascx	UserControls/ucEmiChart.ascx	UserControl	Medium	4.35	Medium	72	353	15	1	0	0	1	yes			pr_c_generaterepaymentschedule
(not in menu)		0		UserControls		ucEmiChart_Islamic.ascx	UserControls/ucEmiChart_Islamic.ascx	UserControl	Medium	4.04	Medium	64	300	16	1	0	0	1	yes			pr_c_generaterepaymentschedule
