Procedure	ScreenCount	Modules	Screens
pr_x_gettargetcurrencyvalue	51	(module 0 — not in a_Module),(not in menu),Retail and Corporate Operations,Trade Finance	Helpdesk/hd_PostBatch.aspx;RetailBanking/x_ChequeBook.aspx;RetailBanking/x_chequeBookPrintData.aspx;RetailBanking/x_ChequeStopPaymentDetails.aspx;RetailBanking/x_ChequeStopPaymentDetailsV1.aspx;RetailBanking/x_DirectCredit.aspx;RetailBanking/x_LoanCancellation.aspx;RetailBanking/x_LoanRepayment.aspx;RetailBanking/Account/c_CorpPerSecDetails.aspx;RetailBanking/Account/c_FdLineInfo.aspx;RetailBanking/Account/c_Insurance.aspx;RetailBanking/Account/c_OtherSecurity.aspx;RetailBanking/Account/c_SecurityProperty.aspx;RetailBanking/Account/c_VehicleDetails.aspx;RetailBanking/Account/SecurityCommon.aspx;RetailBanking/cash/x_ChestCashierLedger.aspx;RetailBanking/cash/x_ChestCashierLedger_V1.aspx;RetailBanking/clearing/addOutwardClearingTransaction.aspx;RetailBanking/clearing/addOutwardClearingTransactionV1.aspx;RetailBanking/LC/LCClaimV1.aspx;RetailBanking/LC/LCCollection.aspx;RetailBanking/MTS/MTS_addOutwardClearingTransaction.aspx;RetailBanking/MTS/MTS_CashTransaction.aspx;RetailBanking/MTS/MTS_TransferTransaction.aspx;RetailBanking/SI/x_StandingInstruction.aspx;RetailBanking/TDBG/Td_Bg_IssueV1.aspx;RetailBanking/TDBG/TD_BG_PaymentToBeneficiary.aspx;RetailBanking/TDBG/Td_Bg_RevokeTran_v1.aspx;RetailBanking/Transaction/CashTransaction.aspx;RetailBanking/Transaction/TransferTransaction.aspx;RetailBanking/Transaction/x_BatchTransactionTemplate.aspx;RetailBanking/Transaction/x_BranchToBranchTransactionCash_v1.aspx;RetailBanking/Transaction/x_BranchToBranchTransactionTrf.aspx;RetailBanking/Transaction/x_BranchToBranchTransactionTrf_v1.aspx;RetailBanking/Transaction/x_CashBatchTransaction.aspx;RetailBanking/Transaction/x_ManyToManyTransaction.aspx;RetailBanking/Transaction/x_ManyToManyTransaction_Adj.aspx;RetailBanking/Transaction/x_ManyToManyTransaction_v1.aspx;RetailBanking/Transaction/x_Transaction.aspx;RetailBanking/Transaction/x_transactionv1.aspx;RetailBanking/Transaction/x_transactionv1_new.aspx;RetailBanking/Transaction/x_TransactionV2.aspx;RetailBanking/Transaction/x_TransferV2.aspx;Treasury/FX/tr_FxDealInput.aspx;Treasury/FX/tr_FxTransferPayment_v1.aspx;Treasury/FX/tr_FxTransferReceipt_v1.aspx;Treasury/FX/tr_GovtSecDealInput.aspx;Treasury/FX/tr_MMFIDealInput.aspx;Treasury/FX/tr_SharesDealInput.aspx;Treasury/Masters/tr_GovtSecDealInput.aspx;UserControls/SecurityInfo.ascx
pr_x_scrollsave	28	(module 0 — not in a_Module),(not in menu),Central Administration,Retail and Corporate Operations,Trade Finance	HO/ProjectFormulation/p_LoanCase_v1.aspx;RetailBanking/b_AccStatementRequest.aspx;RetailBanking/b_SecurityWaiveOff.aspx;RetailBanking/g_AllowDebitTransactionAccountHeads_v1.aspx;RetailBanking/x_BankerCheque.aspx;RetailBanking/x_BankerChequePayClg.aspx;RetailBanking/x_bankerChequeReversal.aspx;RetailBanking/x_ChargesRecReverse.aspx;RetailBanking/x_ChequeStopPaymentDetailsV1.aspx;RetailBanking/x_DirectCredit.aspx;RetailBanking/x_LocalFundTrfRev.aspx;RetailBanking/x_ODReduction.aspx;RetailBanking/cash/x_CashInTransit.aspx;RetailBanking/HPL/x_HplCharges.aspx;RetailBanking/LC/LCClaimV1.aspx;RetailBanking/PAPPS/x_PAPSS_Out_Transfer.aspx;RetailBanking/TDBG/TD_BG_Client.aspx;RetailBanking/TDBG/TD_Bg_ClientRenewal.aspx;RetailBanking/TDBG/Td_bg_Close.aspx;RetailBanking/TDBG/Td_Bg_IssueRenewalTran.aspx;RetailBanking/TDBG/Td_Bg_IssueV1.aspx;RetailBanking/TDBG/TD_BG_PaymentToBeneficiary.aspx;RetailBanking/TDBG/Td_Bg_RevokeTran_v1.aspx;RetailBanking/Transaction/x_CashBatchTransaction.aspx;RetailBanking/Transaction/x_ExcessWithdrawal.aspx;RetailBanking/Transaction/FdTransactions/x_FdInterestPostOtherBankAccount.aspx;RetailBanking/Transaction/FdTransactions/x_FDIntPayCheque.aspx;Treasury/FX/x_ForexTradingTran.aspx
pr_x_getaccountdetails	25	(module 0 — not in a_Module),(not in menu),Retail and Corporate Operations	Reports/RetailBanking/SeedReports/SeedReportOptions.aspx;RetailBanking/b_AccHoldingAmount.aspx;RetailBanking/x_LoanCancellation.aspx;RetailBanking/x_LoanRepayment.aspx;RetailBanking/x_localfundtrf.aspx;RetailBanking/x_WireTransfer.aspx;RetailBanking/x_WrittenOff.aspx;RetailBanking/Account/AccountEnquiry.aspx;RetailBanking/Account/AccountEnquiryV2.aspx;RetailBanking/Account/depositAccount.aspx;RetailBanking/Account/DepositAccountv1.aspx;RetailBanking/PAPPS/x_PAPSS_Out_Transfer.aspx;RetailBanking/Transaction/x_BranchToBranchTransactionCash_v1.aspx;RetailBanking/Transaction/x_BranchToBranchTransactionTrf.aspx;RetailBanking/Transaction/x_BranchToBranchTransactionTrf_v1.aspx;RetailBanking/Transaction/x_ManyToManyTransaction.aspx;RetailBanking/Transaction/x_ManyToManyTransaction_Adj.aspx;RetailBanking/Transaction/x_ManyToManyTransaction_v1.aspx;RetailBanking/Transaction/x_SbCaRdAccountClosingV1.aspx;RetailBanking/Transaction/x_Transaction.aspx;RetailBanking/Transaction/x_transactionv1.aspx;RetailBanking/Transaction/x_transactionv1_new.aspx;RetailBanking/Transaction/x_TransferV2.aspx;RetailBanking/Transaction/userControls/ClientInfo.ascx;Treasury/FX/tr_FxTransferReceipt_v1.aspx
pr_x_calculationofservicetaxcommon	21	(module 0 — not in a_Module),(not in menu),Central Administration,Retail and Corporate Operations	HO/ProjectFormulation/p_LoanCase_v1.aspx;Lockers/k_LockerIssue.aspx;RetailBanking/b_AccStatementRequest.aspx;RetailBanking/c_LNEnhancement_V1.aspx;RetailBanking/g_AllowDebitTransactionAccountHeads_v1.aspx;RetailBanking/LoanDisbursement.aspx;RetailBanking/x_chequeBookPrintData.aspx;RetailBanking/x_ChequeStopPaymentDetails.aspx;RetailBanking/x_ChequeStopPaymentDetailsV1.aspx;RetailBanking/clearing/executeInwardClearingTransaction.aspx;RetailBanking/clearing/executeOutwardClearingTransactionV1.aspx;RetailBanking/clearing/PopupReasonCodeV1.aspx;RetailBanking/HPL/x_HplCharges.aspx;RetailBanking/SI/x_StandingInstruction.aspx;RetailBanking/Transaction/x_FDRAutoTransferTransactionV1.aspx;RetailBanking/Transaction/x_SbCaRdAccountClosing.aspx;RetailBanking/Transaction/x_SbCaRdAccountClosing_Islamic.aspx;RetailBanking/Transaction/x_SbCaRdAccountClosing_V1.aspx;RetailBanking/Transaction/x_SbCaRdAccountClosingV1.aspx;RetailBanking/Transaction/x_TransactionV2.aspx;UserControls/DDPO.ascx
pr_x_getnextuniquetranseqno	19	(module 0 — not in a_Module),(not in menu),Central Administration,Retail and Corporate Operations	HO/ProjectFormulation/p_LoanCase_v1.aspx;RetailBanking/c_LNEnhancement_V1.aspx;RetailBanking/g_AllowDebitTranAddLimit.aspx;RetailBanking/g_AllowDebitTransactionAccountHeads_v1.aspx;RetailBanking/LRA_BillPayment.aspx;RetailBanking/x_bankerChequeReversal.aspx;RetailBanking/x_ChargesRecReverse.aspx;RetailBanking/x_chequeBookPrintData.aspx;RetailBanking/x_ChequeStopPaymentDetailsV1.aspx;RetailBanking/x_DirectCredit.aspx;RetailBanking/x_GovTaxTran.aspx;RetailBanking/x_LooseChequeDetail.aspx;RetailBanking/ATM/b_CardInfo.aspx;RetailBanking/cash/x_CashInTransit.aspx;RetailBanking/clearing/addOutwardClearingTransactionV1.aspx;RetailBanking/MTS/MTS_addOutwardClearingTransaction.aspx;RetailBanking/MTS/MTS_TransferTransaction.aspx;RetailBanking/Transaction/TransferTransaction.aspx;RetailBanking/Transaction/x_ManyToManyTransaction_v1.aspx
pr_b_lockunlockaccount	18	(module 0 — not in a_Module),(not in menu),Retail and Corporate Operations	RetailBanking/Account/bankCurrentAccount.aspx;RetailBanking/Account/c_CCODEnhancement.aspx;RetailBanking/Account/c_Loan.aspx;RetailBanking/Account/c_Loan_Islamic.aspx;RetailBanking/Account/c_LoanSecurity.aspx;RetailBanking/Account/c_LoanV1.aspx;RetailBanking/Account/CCODRenewal.aspx;RetailBanking/Account/generalAccount.aspx;RetailBanking/Account/generalAccount_Islamic.aspx;RetailBanking/Account/investmentAccount.aspx;RetailBanking/Account/SecurityViewer.aspx;RetailBanking/Transaction/b_AccountClosingTransaction.aspx;RetailBanking/Transaction/x_AgentDepositTransaction.aspx;RetailBanking/Transaction/x_BranchToBranchTransactionCash_v1.aspx;RetailBanking/Transaction/x_BranchToBranchTransactionTrf.aspx;RetailBanking/Transaction/x_BranchToBranchTransactionTrf_v1.aspx;RetailBanking/Transaction/x_LockRelease.aspx;RetailBanking/Transaction/x_TransferV2.aspx
pr_x_getaccounts	18	(module 0 — not in a_Module),(not in menu),Retail and Corporate Operations	RetailBanking/b_SwiftBankAccMap.aspx;RetailBanking/c_LNEnhancement_V1.aspx;RetailBanking/LoanDisbursement.aspx;RetailBanking/Account/AccountEnquiry.aspx;RetailBanking/Account/AccountEnquiryV2.aspx;RetailBanking/Account/c_Loan.aspx;RetailBanking/Account/c_LoanSecurity.aspx;RetailBanking/Account/c_LoanV1.aspx;RetailBanking/Account/CCODRenewal.aspx;RetailBanking/Account/depositAccount.aspx;RetailBanking/Account/DepositAccountv1.aspx;RetailBanking/Transaction/b_Chequeacknowledgement.aspx;RetailBanking/Transaction/FdTransactions/x_FDIntPayCheque.aspx;RetailBanking/Transaction/FdTransactions/x_ManageFDPayCheque.aspx;UserControls/RecordSelector.aspx;UserControls/RecordSelectorV2.aspx;UserControls/TssiplRecordSelector.ascx;UserControls/TssiplRecordSelectorV2.ascx
pr_x_transaction	17	(module 0 — not in a_Module),(not in menu),Retail and Corporate Operations	Helpdesk/hd_PostBatch.aspx;RetailBanking/SI/standingInstructionProcessing.aspx;RetailBanking/Transaction/b_AccountClosingTransaction.aspx;RetailBanking/Transaction/x_AgentDepositTransaction.aspx;RetailBanking/Transaction/x_BranchToBranchTransactionCash_v1.aspx;RetailBanking/Transaction/x_BranchToBranchTransactionTrf.aspx;RetailBanking/Transaction/x_BranchToBranchTransactionTrf_v1.aspx;RetailBanking/Transaction/x_CashBatchTransaction.aspx;RetailBanking/Transaction/x_FDRAutoTransferTransaction.aspx;RetailBanking/Transaction/x_FDRenewalTransaction.aspx;RetailBanking/Transaction/x_FDRMaturedButNotPaidPayment.aspx;RetailBanking/Transaction/x_ManyToManyTransaction.aspx;RetailBanking/Transaction/x_ManyToManyTransaction_v1.aspx;RetailBanking/Transaction/x_Transaction.aspx;RetailBanking/Transaction/x_TransactionV2.aspx;RetailBanking/Transaction/x_TransferV2.aspx;RetailBanking/Transaction/FdTransactions/x_FdInterestPostOtherBankAccount.aspx
pr_re_getbankname	16	(not in menu),Reconcillation,Retail and Corporate Operations	Reconciliation/re_AccountMapping.aspx;Reconciliation/re_Authentication.aspx;Reconciliation/re_LedgerEntry.aspx;Reconciliation/re_MultiReconciliation.aspx;Reconciliation/re_OurLedgerImport.aspx;Reconciliation/re_Reconciliation.aspx;Reconciliation/re_ReconciliationRollBack.aspx;Reconciliation/re_SelfReconciliation.aspx;Reconciliation/re_SingleReconciliationRollback.aspx;Reconciliation/re_TextFileConfiguration.aspx;Reconciliation/re_TheirLedgerExcelDataTransfer.aspx;Reports/Reconciliation/OutPutTypeReport.aspx;Reports/Reconciliation/re_LedgerReport.aspx;Reports/Reconciliation/re_OutPutTypeSummaryReport.aspx;Reports/Reconciliation/re_ProcessTypeReport.aspx;Reports/RetailBanking/ReportOptions.aspx
pr_x_deletetransaction	16	(module 0 — not in a_Module),(not in menu),Retail and Corporate Operations	RetailBanking/x_ChequeStopPaymentDetailsV1.aspx;RetailBanking/Transaction/b_AccountClosingTransaction.aspx;RetailBanking/Transaction/x_AgentDepositTransaction.aspx;RetailBanking/Transaction/x_BranchToBranchTransactionCash_v1.aspx;RetailBanking/Transaction/x_BranchToBranchTransactionTrf.aspx;RetailBanking/Transaction/x_BranchToBranchTransactionTrf_v1.aspx;RetailBanking/Transaction/x_CashBatchTransaction.aspx;RetailBanking/Transaction/x_FDRenewalTransaction.aspx;RetailBanking/Transaction/x_FDRMaturedButNotPaidPayment.aspx;RetailBanking/Transaction/x_ManyToManyTransaction.aspx;RetailBanking/Transaction/x_ManyToManyTransaction_v1.aspx;RetailBanking/Transaction/x_Transaction.aspx;RetailBanking/Transaction/x_transactionv1.aspx;RetailBanking/Transaction/x_transactionv1_new.aspx;RetailBanking/Transaction/x_TransactionV2.aspx;RetailBanking/Transaction/x_TransferV2.aspx
pr_x_getrsqdailydepositclientaccountnumber	16	(module 0 — not in a_Module),(not in menu),Retail and Corporate Operations	RetailBanking/lineUpdateBalance.aspx;RetailBanking/Account/c_FdLineInfo.aspx;RetailBanking/Account/c_Loan.aspx;RetailBanking/Account/c_Loan_Islamic.aspx;RetailBanking/Account/c_LoanV1.aspx;RetailBanking/SI/x_StandingInstruction.aspx;RetailBanking/Transaction/b_AccountClosingTransaction.aspx;RetailBanking/Transaction/x_AgentDepositTransaction.aspx;RetailBanking/Transaction/x_BranchToBranchTransactionCash_v1.aspx;RetailBanking/Transaction/x_BranchToBranchTransactionTrf.aspx;RetailBanking/Transaction/x_BranchToBranchTransactionTrf_v1.aspx;RetailBanking/Transaction/x_DailyTransferEntry.aspx;RetailBanking/Transaction/x_OtherAccountPigmyTransaction.aspx;RetailBanking/Transaction/x_Transaction.aspx;RetailBanking/Transaction/x_TransactionV2.aspx;RetailBanking/Transaction/x_TransferV2.aspx
pr_re_getaccountnumberwithbalanceamount	15	(not in menu),Reconcillation	Reconciliation/re_AccountMapping.aspx;Reconciliation/re_Authentication.aspx;Reconciliation/re_LedgerEntry.aspx;Reconciliation/re_MultiReconciliation.aspx;Reconciliation/re_OurLedgerImport.aspx;Reconciliation/re_Reconciliation.aspx;Reconciliation/re_ReconciliationRollBack.aspx;Reconciliation/re_SelfReconciliation.aspx;Reconciliation/re_SingleReconciliationRollback.aspx;Reconciliation/re_TextFileConfiguration.aspx;Reconciliation/re_TheirLedgerExcelDataTransfer.aspx;Reports/Reconciliation/OutPutTypeReport.aspx;Reports/Reconciliation/re_LedgerReport.aspx;Reports/Reconciliation/re_OutPutTypeSummaryReport.aspx;Reports/Reconciliation/re_ProcessTypeReport.aspx
pr_g_getaccounthead	14	(module 0 — not in a_Module),(not in menu),Central Administration,Retail and Corporate Operations	HO/retailBanking/d_DepositScheme.aspx;RetailBanking/x_ChequeStopPaymentDetails.aspx;RetailBanking/x_ChequeStopPaymentDetailsV1.aspx;RetailBanking/Account/AccountEnquiry.aspx;RetailBanking/Account/AccountEnquiryV2.aspx;RetailBanking/Insurance/c_LoanInsurance.aspx;RetailBanking/Insurance/c_LoanInsuranceClaim.aspx;RetailBanking/MTS/MTS_TransferTransaction.aspx;RetailBanking/Transaction/x_BatchTransactionTemplate.aspx;RetailBanking/Transaction/x_ManyToManyTransaction.aspx;RetailBanking/Transaction/x_ManyToManyTransaction_Adj.aspx;RetailBanking/Transaction/x_ManyToManyTransaction_v1.aspx;RetailBanking/Transaction/FdTransactions/x_FdInterestPostOtherBankAccount.aspx;UserControls/DDPO.ascx
pr_x_passtransaction	14	(module 0 — not in a_Module),(not in menu),Retail and Corporate Operations	RetailBanking/Transaction/b_AccountClosingTransaction.aspx;RetailBanking/Transaction/x_AgentDepositTransaction.aspx;RetailBanking/Transaction/x_BranchToBranchTransactionCash_v1.aspx;RetailBanking/Transaction/x_BranchToBranchTransactionTrf.aspx;RetailBanking/Transaction/x_BranchToBranchTransactionTrf_v1.aspx;RetailBanking/Transaction/x_CashBatchTransaction.aspx;RetailBanking/Transaction/x_FDRAutoTransferTransaction.aspx;RetailBanking/Transaction/x_FDRenewalTransaction.aspx;RetailBanking/Transaction/x_FDRMaturedButNotPaidPayment.aspx;RetailBanking/Transaction/x_ManyToManyTransaction.aspx;RetailBanking/Transaction/x_ManyToManyTransaction_v1.aspx;RetailBanking/Transaction/x_Transaction.aspx;RetailBanking/Transaction/x_TransactionV2.aspx;RetailBanking/Transaction/x_TransferV2.aspx
pr_g_getcity	13	(module 0 — not in a_Module),(not in menu),Loan Origination System,Retail and Corporate Operations	HO/b_ClientCKYCR_V1.aspx;HO/b_ClientV2.aspx;HO/KYCClientPopup.aspx;HO/ProjectFormulation/p_Applicant.aspx;HO/ProjectFormulation/p_LoanCase_v1.aspx;RetailBanking/c_EmployerMaster.aspx;RetailBanking/Account/bankCurrentAccount.aspx;RetailBanking/Account/depositAccount.aspx;RetailBanking/Account/depositAccount_Islamic.aspx;RetailBanking/Account/DepositAccountv1.aspx;RetailBanking/Account/generalAccount.aspx;RetailBanking/Account/generalAccount_Islamic.aspx;RetailBanking/Account/investmentAccount.aspx
pr_x_interbranchtransaction	13	(module 0 — not in a_Module),(not in menu),Retail and Corporate Operations	Helpdesk/hd_PostBatch.aspx;RetailBanking/LRA_BillPayment.aspx;RetailBanking/LRA_CustomsPayment.aspx;RetailBanking/x_WireTransfer.aspx;RetailBanking/ATM/b_CardInfo.aspx;RetailBanking/clearing/executeOutwardClearingTransactionV1.aspx;RetailBanking/clearing/OutwardExecution.aspx;RetailBanking/dormant/x_DormantReactivationv1.aspx;RetailBanking/MTS/MTS_CashTransaction.aspx;RetailBanking/Transaction/CashTransaction.aspx;RetailBanking/Transaction/RTGSTransfer.aspx;RetailBanking/Transaction/x_ManyToManyTransaction_Adj.aspx;RetailBanking/Transaction/x_ManyToManyTransaction_v1.aspx
pr_b_getjointnames	12	(module 0 — not in a_Module),(not in menu),Retail and Corporate Operations	RetailBanking/clearing/addOutwardClearingTransaction.aspx;RetailBanking/clearing/addOutwardClearingTransactionV1.aspx;RetailBanking/MTS/MTS_addOutwardClearingTransaction.aspx;RetailBanking/Transaction/x_BranchToBranchTransactionCash_v1.aspx;RetailBanking/Transaction/x_BranchToBranchTransactionTrf.aspx;RetailBanking/Transaction/x_BranchToBranchTransactionTrf_v1.aspx;RetailBanking/Transaction/x_ManyToManyTransaction.aspx;RetailBanking/Transaction/x_ManyToManyTransaction_Adj.aspx;RetailBanking/Transaction/x_ManyToManyTransaction_v1.aspx;RetailBanking/Transaction/x_Transaction.aspx;RetailBanking/Transaction/x_TransactionV2.aspx;RetailBanking/Transaction/x_TransferV2.aspx
pr_b_isaccountlocked	12	(module 0 — not in a_Module),(not in menu),Retail and Corporate Operations	RetailBanking/Account/bankCurrentAccount.aspx;RetailBanking/Account/c_CCODEnhancement.aspx;RetailBanking/Account/c_Loan.aspx;RetailBanking/Account/c_Loan_Islamic.aspx;RetailBanking/Account/c_LoanV1.aspx;RetailBanking/Account/CCODRenewal.aspx;RetailBanking/Account/generalAccount.aspx;RetailBanking/Account/generalAccount_Islamic.aspx;RetailBanking/Account/investmentAccount.aspx;RetailBanking/Transaction/x_BranchToBranchTransactionTrf.aspx;RetailBanking/Transaction/x_BranchToBranchTransactionTrf_v1.aspx;RetailBanking/Transaction/x_TransferV2.aspx
pr_x_getrsqdailydepositagentnumber	12	(not in menu),Retail and Corporate Operations	Reports/RetailBanking/New RetailBanking Report/ReportSettings.aspx;RetailBanking/lineUpdateBalance.aspx;RetailBanking/Account/DailyDepositClientAccount.aspx;RetailBanking/Account/depositAccount.aspx;RetailBanking/Account/depositAccount_Islamic.aspx;RetailBanking/Account/DepositAccountv1.aspx;RetailBanking/Transaction/b_AccountClosingTransaction.aspx;RetailBanking/Transaction/b_AccountClosingTransactionNew.aspx;RetailBanking/Transaction/x_AgentDepositTransaction.aspx;RetailBanking/Transaction/x_DailyTransferEntry.aspx;RetailBanking/Transaction/x_OtherAccountPigmyTransaction.aspx;RetailBanking/Transaction/x_TransactionOtherDetails.aspx
pr_x_getrsqtransactionaccountnumber	12	(module 0 — not in a_Module),(not in menu),Retail and Corporate Operations	HO/retailBanking/x_MICREcsMandate.aspx;RetailBanking/Transaction/x_BatchTransactionTemplate.aspx;RetailBanking/Transaction/x_BranchToBranchTransactionTrf.aspx;RetailBanking/Transaction/x_BranchToBranchTransactionTrf_v1.aspx;RetailBanking/Transaction/x_EcsMandate.aspx;RetailBanking/Transaction/x_FDRAutoTransferTransaction.aspx;RetailBanking/Transaction/x_FDRAutoTransferTransactionV1.aspx;RetailBanking/Transaction/x_ManyToManyTransaction.aspx;RetailBanking/Transaction/x_ManyToManyTransaction_Adj.aspx;RetailBanking/Transaction/x_ManyToManyTransaction_v1.aspx;RetailBanking/Transaction/x_MICREcsMandate.aspx;RetailBanking/Transaction/x_TransferV2.aspx
pr_x_getglobalclient	9	(module 0 — not in a_Module),(not in menu),Retail and Corporate Operations	HO/b_ClientV2.aspx;HO/ProjectFormulation/p_LoanCase_v1.aspx;RetailBanking/g_CustomerDetailView.aspx;RetailBanking/Account/c_Loan.aspx;RetailBanking/Account/c_Loan_Islamic.aspx;RetailBanking/Account/c_LoanV1.aspx;RetailBanking/Account/depositAccount.aspx;RetailBanking/Account/depositAccount_Islamic.aspx;RetailBanking/Account/DepositAccountv1.aspx
pr_x_getservicebranch	9	(module 0 — not in a_Module),(not in menu),Retail and Corporate Operations	RetailBanking/clearing/b_inwardClgFileV2.aspx;RetailBanking/clearing/executeOutwardClearingTransactionV1.aspx;RetailBanking/MTS/MTS_CashTransaction.aspx;RetailBanking/Transaction/CashTransaction.aspx;RetailBanking/Transaction/x_BranchToBranchTransactionCash_v1.aspx;RetailBanking/Transaction/x_BranchToBranchTransactionTrf.aspx;RetailBanking/Transaction/x_BranchToBranchTransactionTrf_v1.aspx;RetailBanking/Transaction/x_MICRECSPaymentTransactionPosting.aspx;RetailBanking/Transaction/x_MICRECSTransactionPosting.aspx
pr_p_getloanpurposelist	8	(module 0 — not in a_Module),(not in menu),Central Administration,Retail and Corporate Operations	HO/ProjectFormulation/p_Applicant.aspx;HO/ProjectFormulation/p_Document.aspx;HO/ProjectFormulation/p_LoanCase_v1.aspx;RetailBanking/g_AllowDebitTransactionAccountHeads_v1.aspx;RetailBanking/Account/c_Loan.aspx;RetailBanking/Account/c_Loan_Islamic.aspx;RetailBanking/Account/c_LoanV1.aspx;RetailBanking/npa/x_NPACalculation.aspx
pr_x_getchargesamount	8	(module 0 — not in a_Module),(not in menu),Retail and Corporate Operations	RetailBanking/LRA_BillPayment.aspx;RetailBanking/LRA_CustomsPayment.aspx;RetailBanking/x_ChequeStopPaymentDetails.aspx;RetailBanking/ATM/b_CardInfo.aspx;RetailBanking/dormant/x_DormantReactivationv1.aspx;RetailBanking/MTS/MTS_CashTransaction.aspx;RetailBanking/Transaction/CashTransaction.aspx;RetailBanking/Transaction/x_SbCaRdAccountClosingV1.aspx
pr_x_getrsqsipigmyagentno	8	(module 0 — not in a_Module),Retail and Corporate Operations	RetailBanking/LRA_BillPayment.aspx;RetailBanking/omb_registration.aspx;RetailBanking/x_ChequePrintDataExport.aspx;RetailBanking/x_WireTransfer.aspx;RetailBanking/SI/x_StandingInstruction.aspx;RetailBanking/swift/x_SFTOutward.aspx;Treasury/FX/tr_FxTransferPayment_v1.aspx;Treasury/FX/x_ForexTradingTran.aspx
pr_a_getcashierlimitamount	7	(not in menu),Central Administration,Retail and Corporate Operations	HO/Admin/a_CashierLimit.aspx;RetailBanking/cash/x_CashierScroll.aspx;RetailBanking/MTS/MTS_CashTransaction.aspx;RetailBanking/Transaction/CashTransaction.aspx;RetailBanking/Transaction/x_BranchToBranchTransactionCash_v1.aspx;RetailBanking/Transaction/x_transactionv1.aspx;RetailBanking/Transaction/x_transactionv1_new.aspx
pr_g_getstate	7	(module 0 — not in a_Module),(not in menu),Loan Origination System,Retail and Corporate Operations	HO/ProjectFormulation/p_Applicant.aspx;HO/ProjectFormulation/p_LoanCase_v1.aspx;RetailBanking/c_EmployerMaster.aspx;RetailBanking/Account/bankCurrentAccount.aspx;RetailBanking/Account/generalAccount.aspx;RetailBanking/Account/generalAccount_Islamic.aspx;RetailBanking/Account/investmentAccount.aspx
pr_x_duplicateservicecharges	7	(module 0 — not in a_Module),Retail and Corporate Operations	Reports/RetailBanking/ReportOptions.aspx;Reports/RetailBanking/loan/ReportOptions.aspx;RetailBanking/b_AccStatementRequest.aspx;RetailBanking/b_SecurityWaiveOff.aspx;RetailBanking/x_ChequeBook.aspx;RetailBanking/x_chequeBookPrintData.aspx;RetailBanking/SI/x_StandingInstruction.aspx
pr_b_getclientcategorylist	6	(not in menu),Retail and Corporate Operations	RetailBanking/Account/c_Loan.aspx;RetailBanking/Account/c_Loan_Islamic.aspx;RetailBanking/Account/c_LoanV1.aspx;RetailBanking/Account/depositAccount.aspx;RetailBanking/Account/depositAccount_Islamic.aspx;RetailBanking/Account/DepositAccountv1.aspx
pr_g_applypigmynewtheme	6	(not in menu),Retail and Corporate Operations	Reports/RetailBanking/Account/AccountReportSetting.aspx;Reports/RetailBanking/New RetailBanking Report/ReportSettings.aspx;RetailBanking/Account/c_Loan.aspx;RetailBanking/Account/c_Loan_Islamic.aspx;RetailBanking/Account/c_LoanV1.aspx;RetailBanking/Transaction/x_AgentDepositTransaction.aspx
pr_h_getemployeeslist	6	(module 0 — not in a_Module),(not in menu),Central Administration	HO/Admin/A_User.aspx;HR/h_LeaveApplication.aspx;HR/h_PromHistory.aspx;HR/h_Promotion.aspx;HR/h_TransferHistory.aspx;RetailBanking/Transaction/b_Chequeacknowledgement.aspx
pr_x_checkddpoinstrumentno	6	(module 0 — not in a_Module),(not in menu),Retail and Corporate Operations	RetailBanking/Transaction/x_BranchToBranchTransactionCash_v1.aspx;RetailBanking/Transaction/x_BranchToBranchTransactionTrf.aspx;RetailBanking/Transaction/x_BranchToBranchTransactionTrf_v1.aspx;RetailBanking/Transaction/x_Transaction.aspx;RetailBanking/Transaction/x_TransactionV2.aspx;RetailBanking/Transaction/x_TransferV2.aspx
pr_x_getaccountnumber	6	(module 0 — not in a_Module),(not in menu),Retail and Corporate Operations	Reports/RetailBanking/ReportOptions.aspx;Reports/RetailBanking/Account/AccountReportSetting.aspx;Reports/RetailBanking/SeedReports/SeedReportOptions.aspx;RetailBanking/Account/AccountEnquiry.aspx;RetailBanking/Account/AccountEnquiryV2.aspx;RetailBanking/Transaction/x_TransactionOtherDetails.aspx
pr_x_getagentnumber	6	(not in menu),Retail and Corporate Operations	RetailBanking/Account/c_Loan.aspx;RetailBanking/Account/c_Loan_Islamic.aspx;RetailBanking/Account/c_LoanV1.aspx;RetailBanking/Account/depositAccount.aspx;RetailBanking/Account/depositAccount_Islamic.aspx;RetailBanking/Account/DepositAccountv1.aspx
pr_x_gethhddailydepositagentno	6	(not in menu),Retail and Corporate Operations	RetailBanking/Account/c_Loan.aspx;RetailBanking/Account/c_Loan_Islamic.aspx;RetailBanking/Account/c_LoanV1.aspx;RetailBanking/Account/depositAccount.aspx;RetailBanking/Account/depositAccount_Islamic.aspx;RetailBanking/Account/DepositAccountv1.aspx
pr_x_istokennoused	6	(module 0 — not in a_Module),(not in menu),Retail and Corporate Operations	RetailBanking/MTS/MTS_CashTransaction.aspx;RetailBanking/Transaction/b_AccountClosingTransaction.aspx;RetailBanking/Transaction/CashTransaction.aspx;RetailBanking/Transaction/x_BranchToBranchTransactionCash_v1.aspx;RetailBanking/Transaction/x_Transaction.aspx;RetailBanking/Transaction/x_TransactionV2.aspx
pr_x_r_getcustomernamebychartofaccount	6	(not in menu),Internet Banking,Retail and Corporate Operations	Helpdesk/MapHelpDeskAccounts.aspx;Reports/RetailBanking/ReportOptions.aspx;Reports/RetailBanking/Account/AccountReportSetting.aspx;Reports/RetailBanking/loan/ReportOptions.aspx;Reports/RetailBanking/SeedReports/SeedReportOptions.aspx;RetailBanking/Transaction/x_TransactionOtherDetails.aspx
pr_x_r_ledger	6	(module 0 — not in a_Module),(not in menu),Retail and Corporate Operations	Reports/RetailBanking/ReportOptions.aspx;Reports/RetailBanking/Account/AccountReportSetting.aspx;Reports/RetailBanking/SeedReports/SeedReportOptions.aspx;RetailBanking/Account/AccountEnquiry.aspx;RetailBanking/Account/AccountEnquiryV2.aspx;RetailBanking/Transaction/x_TransactionOtherDetails.aspx
pr_c_getsecuritylist	5	(not in menu),Retail and Corporate Operations	RetailBanking/Account/c_Loan.aspx;RetailBanking/Account/c_Loan_Islamic.aspx;RetailBanking/Account/c_LoanSecurity.aspx;RetailBanking/Account/c_LoanV1.aspx;UserControls/SecurityInfo.ascx
pr_g_getcitylist	5	(module 0 — not in a_Module),(not in menu),Loan Origination System,Retail and Corporate Operations	HO/ProjectFormulation/p_LoanCase_v1.aspx;RetailBanking/c_EmployerMaster.aspx;RetailBanking/Account/c_Loan.aspx;RetailBanking/Account/c_Loan_Islamic.aspx;RetailBanking/Account/c_LoanV1.aspx
pr_hd_ibtfundtrfrequestdetails	5	(module 0 — not in a_Module),(not in menu),Retail and Corporate Operations	RetailBanking/MTS/MTS_TransferTransaction.aspx;RetailBanking/Transaction/TransferTransaction.aspx;RetailBanking/Transaction/x_BranchToBranchTransactionTrf.aspx;RetailBanking/Transaction/x_BranchToBranchTransactionTrf_v1.aspx;RetailBanking/Transaction/x_TransferV2.aspx
pr_hd_updatefundtransferstatus	5	(module 0 — not in a_Module),(not in menu),Retail and Corporate Operations	RetailBanking/MTS/MTS_TransferTransaction.aspx;RetailBanking/Transaction/TransferTransaction.aspx;RetailBanking/Transaction/x_BranchToBranchTransactionTrf.aspx;RetailBanking/Transaction/x_BranchToBranchTransactionTrf_v1.aspx;RetailBanking/Transaction/x_TransferV2.aspx
pr_hd_updateguidoffundtransfer	5	(module 0 — not in a_Module),(not in menu),Retail and Corporate Operations	RetailBanking/MTS/MTS_TransferTransaction.aspx;RetailBanking/Transaction/TransferTransaction.aspx;RetailBanking/Transaction/x_BranchToBranchTransactionTrf.aspx;RetailBanking/Transaction/x_BranchToBranchTransactionTrf_v1.aspx;RetailBanking/Transaction/x_TransferV2.aspx
pr_lg_sb_getsectionname	5	(module 0 — not in a_Module),Retail and Corporate Operations	RetailBanking/Legal/lg_ActivityMaster.aspx;RetailBanking/Legal/lg_Section.aspx;RetailBanking/Legal/lg_SuitCase.aspx;RetailBanking/Legal/lg_SuitCaseClosing.aspx;RetailBanking/Legal/lg_SuitCaseHistory.aspx
pr_p_getsqbranches	5	(module 0 — not in a_Module),Retail and Corporate Operations	HO/ProjectFormulation/p_AnnexPre.aspx;HO/ProjectFormulation/p_Applicant.aspx;HO/ProjectFormulation/p_LoanCase_v1.aspx;HO/ProjectFormulation/p_LoanCaseCommitteeRemarks.aspx;Reports/RetailBanking/Transaction/TransactionReportSettings.aspx
pr_x_cashierscrolltransaction	5	(not in menu),Retail and Corporate Operations	RetailBanking/cash/x_CashierScroll.aspx;RetailBanking/MTS/MTS_CashTransaction.aspx;RetailBanking/Transaction/CashTransaction.aspx;RetailBanking/Transaction/x_BranchToBranchTransactionCash_v1.aspx;RetailBanking/Transaction/x_Transaction.aspx
pr_x_getaccountheadbalance	5	(module 0 — not in a_Module),(not in menu),Retail and Corporate Operations	RetailBanking/Transaction/x_ManyToManyTransaction.aspx;RetailBanking/Transaction/x_ManyToManyTransaction_Adj.aspx;RetailBanking/Transaction/x_ManyToManyTransaction_v1.aspx;Treasury/FX/tr_FxTransferPayment_v1.aspx;Treasury/FX/tr_FxTransferReceipt_v1.aspx
pr_x_ischeckaccnoexist	5	(module 0 — not in a_Module),(not in menu),Retail and Corporate Operations	Helpdesk/hd_PostBatch.aspx;RetailBanking/x_DirectCredit.aspx;RetailBanking/Transaction/x_ManyToManyTransaction.aspx;RetailBanking/Transaction/x_ManyToManyTransaction_Adj.aspx;RetailBanking/Transaction/x_ManyToManyTransaction_v1.aspx
pr_x_odrecrecovery	5	(not in menu),Retail and Corporate Operations	RetailBanking/MTS/MTS_CashTransaction.aspx;RetailBanking/MTS/MTS_TransferTransaction.aspx;RetailBanking/Transaction/CashTransaction.aspx;RetailBanking/Transaction/TransferTransaction.aspx;RetailBanking/Transaction/x_BranchToBranchTransactionTrf_v1.aspx
pr_x_r_dailybalancingjournal	5	Retail and Corporate Operations	Reports/RetailBanking/InactiveDormantReport.aspx;Reports/RetailBanking/PendingChequeBookRequest.aspx;Reports/RetailBanking/ReportOptions.aspx;Reports/RetailBanking/Clearing/ClearingReportSettings.aspx;Reports/RetailBanking/loan/ReportOptions.aspx
pr_x_r_getflexiaccountdetails	5	(module 0 — not in a_Module),(not in menu),Retail and Corporate Operations	Reports/RetailBanking/ReportOptions.aspx;Reports/RetailBanking/loan/ReportOptions.aspx;Reports/RetailBanking/SeedReports/SeedReportOptions.aspx;RetailBanking/Account/AccountEnquiry.aspx;RetailBanking/Account/AccountEnquiryV2.aspx
pr_x_r_getflexiaccountno	5	(module 0 — not in a_Module),(not in menu),Retail and Corporate Operations	Reports/RetailBanking/ReportOptions.aspx;Reports/RetailBanking/loan/ReportOptions.aspx;Reports/RetailBanking/SeedReports/SeedReportOptions.aspx;RetailBanking/Account/AccountEnquiry.aspx;RetailBanking/Account/AccountEnquiryV2.aspx
pr_x_r_unpassaccount	5	Retail and Corporate Operations	Reports/RetailBanking/BankerChequeReport.aspx;Reports/RetailBanking/InactiveDormantReport.aspx;Reports/RetailBanking/PendingChequeBookRequest.aspx;Reports/RetailBanking/ReportOptions.aspx;Reports/RetailBanking/SeedReports/SeedReportOptions.aspx
pr_x_saveibttranloginbranch	5	(not in menu),Retail and Corporate Operations	RetailBanking/MTS/MTS_CashTransaction.aspx;RetailBanking/Transaction/CashTransaction.aspx;RetailBanking/Transaction/x_BranchToBranchTransactionCash_v1.aspx;RetailBanking/Transaction/x_BranchToBranchTransactionTrf.aspx;RetailBanking/Transaction/x_BranchToBranchTransactionTrf_v1.aspx
pr_x_sb_getfdrautotransfertransaction	5	(not in menu),Retail and Corporate Operations	RetailBanking/Transaction/x_FDRAutoTransferTransaction.aspx;RetailBanking/Transaction/x_FDRAutoTransferTransactionV1.aspx;RetailBanking/Transaction/x_FDRenewalTransaction.aspx;RetailBanking/Transaction/x_FDRMaturedButNotPaidPayment.aspx;RetailBanking/Transaction/x_InvestmentTransaction.aspx
pr_x_sb_getinvtran	5	(module 0 — not in a_Module),(not in menu),Retail and Corporate Operations	RetailBanking/Transaction/x_InvestmentRenewalTransaction.aspx;RetailBanking/Transaction/x_InvestmentTransaction.aspx;RetailBanking/Transaction/FdTransactions/x_FdDepositTransaction.aspx;RetailBanking/Transaction/FdTransactions/x_FdInterestPaymentCash.aspx;Treasury/FX/tr_FDTransferTransaction.aspx
pr_x_transactioncurrency	5	(module 0 — not in a_Module),(not in menu),Retail and Corporate Operations	RetailBanking/MTS/MTS_CashTransaction.aspx;RetailBanking/Transaction/CashTransaction.aspx;RetailBanking/Transaction/x_FDRAutoTransferTransaction.aspx;RetailBanking/Transaction/x_Transaction.aspx;RetailBanking/Transaction/x_TransactionV2.aspx
pr_x_transactionvalidate	5	(not in menu),Retail and Corporate Operations	RetailBanking/MTS/MTS_CashTransaction.aspx;RetailBanking/Transaction/CashTransaction.aspx;RetailBanking/Transaction/x_BranchToBranchTransactionCash_v1.aspx;RetailBanking/Transaction/x_BranchToBranchTransactionTrf.aspx;RetailBanking/Transaction/x_BranchToBranchTransactionTrf_v1.aspx
pr_b_getaccountlist	4	(not in menu),Retail and Corporate Operations	RetailBanking/b_Document.aspx;RetailBanking/StatusModification_v1.aspx;RetailBanking/Account/depositAccount.aspx;RetailBanking/Account/DepositAccountv1.aspx
pr_b_getbanklist	4	(module 0 — not in a_Module),Central Administration,Retail and Corporate Operations	HO/retailBanking/b_BankList.aspx;HO/retailBanking/b_BranchList.aspx;RetailBanking/x_OverdueLetterTemplate.aspx;RetailBanking/Account/bankCurrentAccount.aspx
pr_b_getcreditofficer	4	Central Administration,Retail and Corporate Operations	Reports/RetailBanking/SeedReports/SeedReportOptions.aspx;RetailBanking/b_CrOfficerAccTrfLog.aspx;RetailBanking/g_AllowDebitTransactionAccountHeads_v1.aspx;RetailBanking/Account/c_Loan.aspx
pr_b_getdaydifference	4	(module 0 — not in a_Module),(not in menu)	RetailBanking/Transaction/x_FDRAutoTransferTransaction.aspx;RetailBanking/Transaction/x_FDRenewalTransaction.aspx;RetailBanking/Transaction/x_FDRMaturedButNotPaidPayment.aspx;Treasury/FX/tr_FDTransferTransaction.aspx
pr_b_getdebitaccountnumber	4	(not in menu),Central Administration,Retail and Corporate Operations,Trade Finance	HO/retailBanking/DemandDraftPayOrderSeries.aspx;RetailBanking/DDPOParameterSetting.aspx;RetailBanking/LC/LCPurchase.aspx;UserControls/DDPO.ascx
pr_b_getrsqecscompany	4	(not in menu),Retail and Corporate Operations	HO/retailBanking/x_MICREcsMandate.aspx;HO/retailBanking/x_MICREcsPaymentMandate.aspx;RetailBanking/Transaction/x_EcsMandate.aspx;RetailBanking/Transaction/x_MICREcsMandate.aspx
pr_b_holdchargesamt	4	(module 0 — not in a_Module),Retail and Corporate Operations	RetailBanking/x_chequeBookPrintData.aspx;RetailBanking/x_ChequeStopPaymentDetailsV1.aspx;RetailBanking/ATM/b_CardInfo.aspx;RetailBanking/Transaction/CashTransaction.aspx
pr_b_rdfdreadyrecknor_v3	4	(module 0 — not in a_Module),(not in menu)	RetailBanking/Transaction/x_FDRAutoTransferTransaction.aspx;RetailBanking/Transaction/x_FDRenewalTransaction.aspx;RetailBanking/Transaction/x_FDRMaturedButNotPaidPayment.aspx;Treasury/FX/tr_FDTransferTransaction.aspx
pr_c_getguarantorlist	4	(module 0 — not in a_Module),(not in menu),Retail and Corporate Operations	HO/ProjectFormulation/p_LoanCase_v1.aspx;RetailBanking/Account/c_Loan.aspx;RetailBanking/Account/c_Loan_Islamic.aspx;RetailBanking/Account/c_LoanV1.aspx
pr_d_getfddetails	4	(not in menu),Retail and Corporate Operations	RetailBanking/Account/c_FdLineInfo.aspx;RetailBanking/Account/c_Loan.aspx;RetailBanking/Account/c_Loan_Islamic.aspx;RetailBanking/Account/c_LoanV1.aspx
pr_d_getrddetails	4	(not in menu),Retail and Corporate Operations	RetailBanking/Account/c_FdLineInfo.aspx;RetailBanking/Account/c_Loan.aspx;RetailBanking/Account/c_Loan_Islamic.aspx;RetailBanking/Account/c_LoanV1.aspx
pr_h_getdesignations	4	Central Administration	HO/Hr/h_Employee.aspx;HR/h_PromHistory.aspx;HR/h_Promotion.aspx;HR/h_TransferHistory.aspx
pr_i_inventorytran	4	(module 0 — not in a_Module)	Inventory/i_AssetSale.aspx;Inventory/i_AssetScrap.aspx;Inventory/i_ConsumableDisposal.aspx;Inventory/i_ItemPurchase.aspx
pr_mts_getmtsaccount	4	(not in menu),Retail and Corporate Operations	RetailBanking/MTS/MTS_addOutwardClearingTransaction.aspx;RetailBanking/MTS/MTS_CashTransaction.aspx;RetailBanking/MTS/MTS_Transaction.aspx;RetailBanking/MTS/MTS_TransferTransaction.aspx
pr_mts_getmtstran	4	(not in menu),Retail and Corporate Operations	RetailBanking/MTS/MTS_addOutwardClearingTransaction.aspx;RetailBanking/MTS/MTS_CashTransaction.aspx;RetailBanking/MTS/MTS_Transaction.aspx;RetailBanking/MTS/MTS_TransferTransaction.aspx
pr_mts_pass_tran	4	(not in menu),Retail and Corporate Operations	RetailBanking/MTS/MTS_addOutwardClearingTransaction.aspx;RetailBanking/MTS/MTS_CashTransaction.aspx;RetailBanking/MTS/MTS_Transaction.aspx;RetailBanking/MTS/MTS_TransferTransaction.aspx
pr_mts_save_api_status	4	(not in menu),Retail and Corporate Operations	RetailBanking/MTS/MTS_addOutwardClearingTransaction.aspx;RetailBanking/MTS/MTS_CashTransaction.aspx;RetailBanking/MTS/MTS_Transaction.aspx;RetailBanking/MTS/MTS_TransferTransaction.aspx
pr_mts_save_tran	4	(not in menu),Retail and Corporate Operations	RetailBanking/MTS/MTS_addOutwardClearingTransaction.aspx;RetailBanking/MTS/MTS_CashTransaction.aspx;RetailBanking/MTS/MTS_Transaction.aspx;RetailBanking/MTS/MTS_TransferTransaction.aspx
pr_p_getsqschemes	4	(module 0 — not in a_Module),Central Administration	HO/ProjectFormulation/p_AnnexPre.aspx;HO/ProjectFormulation/p_Document.aspx;HO/ProjectFormulation/p_LoanCase_v1.aspx;HO/ProjectFormulation/p_SchemeDetails.aspx
pr_rp_createreporttreev1	4	(module 0 — not in a_Module),(not in menu)	CBLTemplates/CBL_CBOFSMR024.aspx;CBLTemplates/CBL_CBOFSQR010.aspx;CBLTemplates/CBL_CBOFSQR011.aspx;Reports/RBI Report/rp_RBIConfiguration.aspx
pr_td_bg_passscrolltran	4	Trade Finance	RetailBanking/TDBG/Td_bg_Close.aspx;RetailBanking/TDBG/Td_Bg_IssueV1.aspx;RetailBanking/TDBG/TD_BG_PaymentToBeneficiary.aspx;RetailBanking/TDBG/Td_Bg_RevokeTran_v1.aspx
pr_td_bg_sb_getbgclientname	4	Trade Finance	RetailBanking/TDBG/TD_Bg_ClientRenewal.aspx;RetailBanking/TDBG/Td_Bg_IssueV1.aspx;RetailBanking/TDBG/Td_Bg_LienNotationRelease.aspx;RetailBanking/TDBG/Td_Bg_RevokeTran_v1.aspx
pr_util_execqueryforrecsel	4	(not in menu)	UserControls/RecordSelector.aspx;UserControls/RecordSelectorV2.aspx;UserControls/TssiplRecordSelector.ascx;UserControls/TssiplRecordSelectorV2.ascx
pr_x_generatefdschedule	4	(not in menu),Retail and Corporate Operations	RetailBanking/Account/depositAccount.aspx;RetailBanking/Account/depositAccount_Islamic.aspx;RetailBanking/Account/DepositAccountv1.aspx;RetailBanking/Account/FDReadyRecknor_Islamic.aspx
pr_x_getdailydepositmaturity	4	(not in menu),Retail and Corporate Operations	RetailBanking/Account/DailyDepositClientAccount.aspx;RetailBanking/Account/depositAccount.aspx;RetailBanking/Account/depositAccount_Islamic.aspx;RetailBanking/Account/DepositAccountv1.aspx
pr_x_getledgertdsamount	4	(module 0 — not in a_Module),(not in menu)	RetailBanking/Transaction/x_FDRAutoTransferTransaction.aspx;RetailBanking/Transaction/x_FDRenewalTransaction.aspx;RetailBanking/Transaction/x_FDRMaturedButNotPaidPayment.aspx;Treasury/FX/tr_FDTransferTransaction.aspx
pr_x_getrsqfdrautotransferaccountnumber	4	(module 0 — not in a_Module),(not in menu)	RetailBanking/Transaction/x_FDRAutoTransferTransaction.aspx;RetailBanking/Transaction/x_FDRenewalTransaction.aspx;RetailBanking/Transaction/x_FDRMaturedButNotPaidPayment.aspx;Treasury/FX/tr_FDTransferTransaction.aspx
pr_x_getrsqpigmydepositclientaccno	4	(not in menu),Retail and Corporate Operations	RetailBanking/Account/c_Loan.aspx;RetailBanking/Account/c_Loan_Islamic.aspx;RetailBanking/Account/c_LoanV1.aspx;RetailBanking/Transaction/b_AccountClosingTransactionNew.aspx
pr_x_getsecurityledger	4	(not in menu),Central Administration,Retail and Corporate Operations	RetailBanking/g_AllowDebitTransactionAccountHeads_v1.aspx;RetailBanking/Account/c_Loan.aspx;RetailBanking/Account/c_LoanSecurity.aspx;UserControls/SecurityInfo.ascx
pr_x_getservicecharges	4	Retail and Corporate Operations	Reports/RetailBanking/ReportOptions.aspx;Reports/RetailBanking/SeedReports/SeedReportOptions.aspx;RetailBanking/x_ChequeBook.aspx;RetailBanking/SI/x_StandingInstruction.aspx
pr_x_passtransactioncurrency	4	(module 0 — not in a_Module),(not in menu),Retail and Corporate Operations	RetailBanking/MTS/MTS_CashTransaction.aspx;RetailBanking/Transaction/CashTransaction.aspx;RetailBanking/Transaction/x_Transaction.aspx;RetailBanking/Transaction/x_TransactionV2.aspx
pr_x_r_dormantaccountregister	4	Retail and Corporate Operations	Reports/RetailBanking/ReportOptions.aspx;Reports/RetailBanking/Account/AccountReportSetting.aspx;Reports/RetailBanking/Clearing/ClearingReportSettings.aspx;Reports/RetailBanking/loan/ReportOptions.aspx
pr_x_r_getagentinfo	4	Retail and Corporate Operations	Reports/RetailBanking/ReportOptions.aspx;Reports/RetailBanking/Account/AccountReportSetting.aspx;Reports/RetailBanking/Balancing/BalancingReportSetting.aspx;Reports/RetailBanking/Transaction/TransactionReportSettings.aspx
pr_x_r_getclientaddress	4	(module 0 — not in a_Module),(not in menu),Retail and Corporate Operations	Reports/RetailBanking/ReportOptions.aspx;Reports/RetailBanking/SeedReports/SeedReportOptions.aspx;RetailBanking/Account/AccountEnquiry.aspx;RetailBanking/Account/AccountEnquiryV2.aspx
pr_x_r_unpasstransaction	4	(not in menu),Retail and Corporate Operations	Reports/RetailBanking/ReportOptions.aspx;Reports/RetailBanking/SeedReports/SeedReportOptions.aspx;RetailBanking/Transaction/x_transactionv1.aspx;RetailBanking/Transaction/x_transactionv1_new.aspx
pr_x_sb_getaccholdingamount	4	(module 0 — not in a_Module),Retail and Corporate Operations	RetailBanking/b_AccHoldingAmount.aspx;RetailBanking/Transaction/x_Transaction.aspx;RetailBanking/Transaction/x_TransactionV2.aspx;RetailBanking/Transaction/x_TransferV2.aspx
pr_x_sb_getmanytomanytransaction	4	(not in menu),Retail and Corporate Operations	RetailBanking/Transaction/x_CashBatchTransaction.aspx;RetailBanking/Transaction/x_ManyToManyTransaction.aspx;RetailBanking/Transaction/x_ManyToManyTransaction_Adj.aspx;RetailBanking/Transaction/x_ManyToManyTransaction_v1.aspx
pr_x_sb_gettransaction	4	(module 0 — not in a_Module),Retail and Corporate Operations	RetailBanking/Transaction/x_BranchToBranchTransactionCash_v1.aspx;RetailBanking/Transaction/x_Transaction.aspx;RetailBanking/Transaction/x_TransactionV2.aspx;RetailBanking/Transaction/x_TransferV2.aspx
pr_a_getuserlist	3	Central Administration,Retail and Corporate Operations	HO/Admin/a_UserInModule.aspx;HO/Admin/a_UserRights.aspx;Reports/RetailBanking/CashierReport.aspx
pr_al_alertlogsave	3	(module 0 — not in a_Module),(not in menu)	HO/ProjectFormulation/p_FinalReviewProcess.aspx;HO/ProjectFormulation/p_LoanCaseCommitteeRemarks.aspx;HO/ProjectFormulation/p_LoanDocument.aspx
pr_b_accountbalancing	3	Retail and Corporate Operations	Reports/RetailBanking/ReportOptions.aspx;Reports/RetailBanking/loan/ReportOptions.aspx;Reports/RetailBanking/SeedReports/SeedReportOptions.aspx
pr_b_getaccountinquiry	3	(module 0 — not in a_Module),(not in menu),Retail and Corporate Operations	RetailBanking/Account/AccountEnquiry.aspx;RetailBanking/Account/AccountEnquiryV2.aspx;RetailBanking/PAPPS/x_PAPSS_Out_Transfer.aspx
pr_b_getcustomerdetails	3	(not in menu),Retail and Corporate Operations	RetailBanking/Account/c_Loan.aspx;RetailBanking/Account/c_Loan_Islamic.aspx;RetailBanking/Account/c_LoanV1.aspx
pr_b_getfdacno	3	(not in menu),Retail and Corporate Operations	RetailBanking/Account/c_Loan.aspx;RetailBanking/Account/c_Loan_Islamic.aspx;RetailBanking/Account/c_LoanV1.aspx
pr_b_getrsqecstype	3	(not in menu),Retail and Corporate Operations	HO/retailBanking/x_MICREcsMandate.aspx;RetailBanking/Transaction/x_EcsMandate.aspx;RetailBanking/Transaction/x_MICREcsMandate.aspx
pr_b_iscardissue	3	(module 0 — not in a_Module),Retail and Corporate Operations	RetailBanking/Transaction/x_BranchToBranchTransactionCash_v1.aspx;RetailBanking/Transaction/x_Transaction.aspx;RetailBanking/Transaction/x_TransactionV2.aspx
pr_b_logmodification	3	(not in menu),Retail and Corporate Operations	RetailBanking/Account/depositAccount.aspx;RetailBanking/Account/depositAccount_Islamic.aspx;RetailBanking/Account/DepositAccountv1.aspx
pr_b_logoldvalues	3	(not in menu),Retail and Corporate Operations	RetailBanking/Account/depositAccount.aspx;RetailBanking/Account/depositAccount_Islamic.aspx;RetailBanking/Account/DepositAccountv1.aspx
pr_b_rdfdreadyrecknor	3	(not in menu),Retail and Corporate Operations	RetailBanking/b_RdFdReadyRecknor.aspx;RetailBanking/Transaction/x_FDRAutoTransferTransaction.aspx;RetailBanking/Transaction/x_FDRenewalTransaction.aspx
pr_b_saveviewlog	3	(module 0 — not in a_Module),(not in menu),Retail and Corporate Operations	Reports/RetailBanking/SeedReports/SeedReportOptions.aspx;RetailBanking/Account/AccountEnquiry.aspx;RetailBanking/Account/AccountEnquiryV2.aspx
pr_b_sb_accountagent	3	(module 0 — not in a_Module)	HO/b_ClientBlackListRemover.aspx;RetailBanking/b_SwiftBankAccMap.aspx;RetailBanking/cash/x_CashInTransit.aspx
pr_b_setfdintamount	3	(not in menu),Retail and Corporate Operations	RetailBanking/Account/depositAccount.aspx;RetailBanking/Account/DepositAccountv1.aspx;RetailBanking/Account/SiTran.aspx
pr_b_updatelinebalance	3	(not in menu),Retail and Corporate Operations	RetailBanking/lineUpdateBalance.aspx;RetailBanking/MTS/MTS_CashTransaction.aspx;RetailBanking/Transaction/CashTransaction.aspx
pr_bg_passscrolltran	3	Trade Finance	RetailBanking/TDBG/Td_bg_Close.aspx;RetailBanking/TDBG/Td_Bg_IssueV1.aspx;RetailBanking/TDBG/Td_Bg_RevokeTran_v1.aspx
pr_bg_sb_getbgclientname	3	Trade Finance	RetailBanking/TDBG/TD_Bg_ClientRenewal.aspx;RetailBanking/TDBG/Td_Bg_IssueRenewalTran.aspx;RetailBanking/TDBG/Td_Bg_RevokeTran_v1.aspx
pr_c_getaccountnumberlist	3	(not in menu),Retail and Corporate Operations	RetailBanking/Account/c_Loan.aspx;RetailBanking/Account/c_Loan_Islamic.aspx;RetailBanking/Account/c_LoanV1.aspx
pr_c_getdepositacnumberlist	3	(not in menu),Retail and Corporate Operations	RetailBanking/Account/c_Loan.aspx;RetailBanking/Account/c_Loan_Islamic.aspx;RetailBanking/Account/c_LoanV1.aspx
pr_c_getprioritylist	3	(not in menu),Retail and Corporate Operations	RetailBanking/Account/c_Loan.aspx;RetailBanking/Account/c_Loan_Islamic.aspx;RetailBanking/Account/c_LoanV1.aspx
pr_c_hpleaseloandisbpassing	3	(module 0 — not in a_Module),(not in menu),Retail and Corporate Operations	RetailBanking/LoanDisbursement.aspx;RetailBanking/Account/c_Loan.aspx;RetailBanking/Account/c_LoanV1.aspx
pr_c_loandisbursement_islamic	3	(module 0 — not in a_Module),(not in menu),Retail and Corporate Operations	RetailBanking/LoanDisbursement.aspx;RetailBanking/Account/c_Loan.aspx;RetailBanking/Account/c_LoanV1.aspx
pr_c_loandisbursementpassing_islamic	3	(module 0 — not in a_Module),(not in menu),Retail and Corporate Operations	RetailBanking/LoanDisbursement.aspx;RetailBanking/Account/c_Loan.aspx;RetailBanking/Account/c_LoanV1.aspx
pr_c_loandisbursementpassingtrf	3	(module 0 — not in a_Module),(not in menu),Retail and Corporate Operations	RetailBanking/LoanDisbursement.aspx;RetailBanking/Account/c_Loan.aspx;RetailBanking/Account/c_LoanV1.aspx
pr_d_getfdinformation	3	(not in menu),Retail and Corporate Operations	RetailBanking/AccInfo.aspx;RetailBanking/Transaction/FdTransactions/x_FdDepositTransaction.aspx;RetailBanking/Transaction/FdTransactions/x_FdInterestPaymentCash.aspx
pr_g_authenticatecashier	3	(module 0 — not in a_Module),Retail and Corporate Operations	RetailBanking/cash/x_ChestCashierLedger.aspx;RetailBanking/cash/x_ChestCashierLedger_V1.aspx;RetailBanking/cash/x_ChestCashierToCashierLedger.aspx
pr_g_dulicatedetails	3	(not in menu),Retail and Corporate Operations	HO/b_ClientCKYCR_V1.aspx;HO/b_ClientV2.aspx;HO/KYCClientPopup.aspx
pr_g_getcirclelist	3	(not in menu)	HO/bank/g_Circle.aspx;HO/bank/g_DDE.aspx;RetailBanking/Account/DailyDepositAgentAccount.aspx
pr_g_getglobalclientbyid	3	(not in menu),Retail and Corporate Operations	HO/b_ClientCKYCR_V1.aspx;HO/b_ClientV2.aspx;HO/KYCClientPopup.aspx
pr_g_getheadcodename	3	(not in menu),Retail and Corporate Operations	RetailBanking/Transaction/FdTransactions/x_FdDepositTransaction.aspx;RetailBanking/Transaction/FdTransactions/x_FdInterestPaymentCash.aspx;RetailBanking/Transaction/FdTransactions/x_FdInterestPostOtherBankAccount.aspx
pr_g_getlgalist	3	(not in menu),Retail and Corporate Operations	RetailBanking/Account/c_Loan.aspx;RetailBanking/Account/c_Loan_Islamic.aspx;RetailBanking/Account/c_LoanV1.aspx
pr_g_getstatelist	3	(not in menu),Retail and Corporate Operations	RetailBanking/Account/c_Loan.aspx;RetailBanking/Account/c_Loan_Islamic.aspx;RetailBanking/Account/c_LoanV1.aspx
pr_g_getyearsmonthsdays	3	(module 0 — not in a_Module),(not in menu)	RetailBanking/Transaction/x_FDRenewalTransaction.aspx;RetailBanking/Transaction/x_FDRMaturedButNotPaidPayment.aspx;Treasury/FX/tr_FDTransferTransaction.aspx
pr_g_preparename	3	(not in menu)	RetailBanking/Printing/DepositSlipPrinting.aspx;RetailBanking/Transaction/x_FDRAutoTransferTransaction.aspx;RetailBanking/Transaction/FdTransactions/x_FdDepositTransaction.aspx
pr_g_savelocalclient	3	(not in menu),Retail and Corporate Operations	HO/b_ClientCKYCR_V1.aspx;HO/b_ClientV2.aspx;HO/KYCClientPopup.aspx
pr_g_sb_currencyselect	3	(module 0 — not in a_Module),(not in menu),Central Administration	HO/MultiCurrency/g_Currency.aspx;HO/retailBanking/g_Currency.aspx;Treasury/Masters/g_Currency.aspx
pr_g_sb_getglobalclientname	3	(not in menu),Retail and Corporate Operations	HO/b_ClientCKYCR_V1.aspx;HO/b_ClientV2.aspx;HO/CustomerInfoPopup.aspx
pr_h_getorgelementlist	3	Central Administration	HO/Admin/A_User.aspx;HO/Hr/h_Employee.aspx;HR/h_TransferHistory.aspx
pr_i_depriciationcalculation	3	(module 0 — not in a_Module)	Inventory/i_AssetSale.aspx;Inventory/i_AssetScrap.aspx;Inventory/i_DepriciationCalculation.aspx
pr_lg_sb_getcasesuit	3	Retail and Corporate Operations	RetailBanking/Legal/lg_SuitCase.aspx;RetailBanking/Legal/lg_SuitCaseClosing.aspx;RetailBanking/Legal/lg_SuitCaseHistory.aspx
pr_p_checkuseridentification	3	(module 0 — not in a_Module)	HO/ProjectFormulation/p_AnnexPre.aspx;HO/ProjectFormulation/p_Applicant.aspx;HO/ProjectFormulation/p_LoanCase_v1.aspx
pr_p_getapcommemberslist	3	(module 0 — not in a_Module)	HO/ProjectFormulation/p_CommitteeMasterMemberAP.aspx;HO/ProjectFormulation/p_CommitteeMasterMemberAR.aspx;HO/ProjectFormulation/p_LoanCaseCommitteeRemarks.aspx
pr_p_getloancasedetails	3	(not in menu),Retail and Corporate Operations	RetailBanking/Account/c_Loan.aspx;RetailBanking/Account/c_Loan_Islamic.aspx;RetailBanking/Account/c_LoanV1.aspx
pr_p_getloancaselist	3	(module 0 — not in a_Module),(not in menu),Retail and Corporate Operations	HO/ProjectFormulation/AssignCreditofficer.aspx;RetailBanking/Account/c_Loan.aspx;RetailBanking/Account/c_Loan_Islamic.aspx
pr_p_getloanschemes	3	(not in menu),Retail and Corporate Operations	RetailBanking/Account/c_Loan.aspx;RetailBanking/Account/c_Loan_Islamic.aspx;RetailBanking/Account/c_LoanV1.aspx
pr_p_getsqheadoffice	3	(module 0 — not in a_Module)	HO/ProjectFormulation/p_AnnexPre.aspx;HO/ProjectFormulation/p_Applicant.aspx;HO/ProjectFormulation/p_LoanCase_v1.aspx
pr_p_getsqzones	3	(module 0 — not in a_Module)	HO/ProjectFormulation/p_AnnexPre.aspx;HO/ProjectFormulation/p_Applicant.aspx;HO/ProjectFormulation/p_LoanCase_v1.aspx
pr_p_orgstructure	3	(module 0 — not in a_Module),(not in menu)	HO/ProjectFormulation/p_CommitteeMaster.aspx;HO/ProjectFormulation/p_CommitteeMasterMemberAR.aspx;HO/ProjectFormulation/PopUpOrgStructure.aspx
pr_re_getoledger	3	Reconcillation	Reconciliation/re_LedgerEntry.aspx;Reconciliation/re_MultiReconciliation.aspx;Reconciliation/re_Reconciliation.aspx
pr_re_gettledger	3	Reconcillation	Reconciliation/re_LedgerEntry.aspx;Reconciliation/re_MultiReconciliation.aspx;Reconciliation/re_Reconciliation.aspx
pr_sys_extractvaluefromxml	3	(module 0 — not in a_Module),(not in menu),Retail and Corporate Operations	RetailBanking/Account/AccountEnquiry.aspx;RetailBanking/Account/AccountEnquiryV2.aspx;RetailBanking/PAPPS/x_PAPSS_Out_Transfer.aspx
pr_td_bg_gethoadjustmentaccount	3	Trade Finance	RetailBanking/TDBG/Td_Bg_IssueV1.aspx;RetailBanking/TDBG/TD_BG_PaymentToBeneficiary.aspx;RetailBanking/TDBG/Td_Bg_RevokeTran_v1.aspx
pr_td_bg_sb_getbgissueforrevoke	3	Trade Finance	RetailBanking/TDBG/Td_Bg_IssueRenewalTran.aspx;RetailBanking/TDBG/Td_Bg_LienNotationRelease.aspx;RetailBanking/TDBG/Td_Bg_RevokeTran_v1.aspx
pr_util_getnextid	3	(not in menu),Retail and Corporate Operations	RetailBanking/clearing/addOutwardClearingTransaction.aspx;RetailBanking/clearing/addOutwardClearingTransactionV1.aspx;RetailBanking/MTS/MTS_addOutwardClearingTransaction.aspx
pr_x_bankerchequepassing	3	(module 0 — not in a_Module),Trade Finance	RetailBanking/x_BankerCheque.aspx;RetailBanking/LC/LCClaimV1.aspx;RetailBanking/TDBG/TD_BG_PaymentToBeneficiary.aspx
pr_x_cashbookdetails	3	(not in menu),Retail and Corporate Operations	Reports/RetailBanking/ReportOptions.aspx;Reports/RetailBanking/ReportSubDetails.aspx;Reports/RetailBanking/SeedReports/SeedReportOptions.aspx
pr_x_chequeprocesscharges	3	(not in menu),Retail and Corporate Operations	RetailBanking/clearing/addOutwardClearingTransaction.aspx;RetailBanking/clearing/addOutwardClearingTransactionV1.aspx;RetailBanking/MTS/MTS_addOutwardClearingTransaction.aspx
pr_x_dailydepositinterestcalculation	3	(not in menu)	RetailBanking/Transaction/b_AccountClosingTransaction.aspx;RetailBanking/Transaction/b_AccountClosingTransactionNew.aspx;RetailBanking/Transaction/x_AgentDepositTransaction.aspx
pr_x_fdsitransave	3	(not in menu),Retail and Corporate Operations	RetailBanking/Account/depositAccount.aspx;RetailBanking/Account/DepositAccountv1.aspx;RetailBanking/Account/SiTran.aspx
pr_x_generateecsschedule	3	(not in menu),Retail and Corporate Operations	HO/retailBanking/x_MICREcsMandate.aspx;RetailBanking/Transaction/x_EcsMandate.aspx;RetailBanking/Transaction/x_MICREcsMandate.aspx
pr_x_generateglobalecsschedule	3	(not in menu),Retail and Corporate Operations	HO/retailBanking/x_MICREcsMandate.aspx;HO/retailBanking/x_MICREcsPaymentMandate.aspx;RetailBanking/Transaction/x_MICREcsMandate.aspx
pr_x_getaccountsbyclientid	3	(not in menu),Trade Finance	RetailBanking/LC/LCApplicationV1.aspx;RetailBanking/LC/LCClaimV1.aspx;RetailBanking/Transaction/AccountSearchByClient.aspx
pr_x_getaccountstatuslog	3	(module 0 — not in a_Module),(not in menu)	RetailBanking/AccountStatusLogPopup.aspx;RetailBanking/Account/AccountEnquiry.aspx;RetailBanking/Account/AccountEnquiryV2.aspx
pr_x_getaddlimitsanctionamount	3	(not in menu),Retail and Corporate Operations	RetailBanking/Transaction/x_ManyToManyTransaction.aspx;RetailBanking/Transaction/x_ManyToManyTransaction_Adj.aspx;RetailBanking/Transaction/x_ManyToManyTransaction_v1.aspx
pr_x_getchequelist	3	Retail and Corporate Operations	RetailBanking/ChequeBookReturn.aspx;RetailBanking/x_ChequeStopPaymentDetails.aspx;RetailBanking/x_ChequeStopPaymentDetailsV1.aspx
pr_x_getclearingtransactionlistv1	3	(module 0 — not in a_Module),(not in menu),Retail and Corporate Operations	RetailBanking/clearing/executeOutwardClearingTransactionV1.aspx;RetailBanking/clearing/OutwardExecution.aspx;RetailBanking/clearing/PopupReasonCodeV1.aspx
pr_x_getcurrdrtranamountbatch	3	(not in menu),Retail and Corporate Operations	RetailBanking/Transaction/x_ManyToManyTransaction.aspx;RetailBanking/Transaction/x_ManyToManyTransaction_Adj.aspx;RetailBanking/Transaction/x_ManyToManyTransaction_v1.aspx
pr_x_getcurrentcashinbank	3	Retail and Corporate Operations	RetailBanking/cash/x_CashierScroll.aspx;RetailBanking/cash/x_ChestCashierLedger.aspx;RetailBanking/cash/x_ChestCashierLedger_V1.aspx
pr_x_getdatedifference	3	(not in menu)	RetailBanking/Transaction/x_FDRAutoTransferTransaction.aspx;RetailBanking/Transaction/x_FDRenewalTransaction.aspx;RetailBanking/Transaction/x_FDRMaturedButNotPaidPayment.aspx
pr_x_getdaysdifference	3	(not in menu)	RetailBanking/Transaction/x_FDRAutoTransferTransaction.aspx;RetailBanking/Transaction/x_FDRenewalTransaction.aspx;RetailBanking/Transaction/x_FDRMaturedButNotPaidPayment.aspx
pr_x_getecsfirstdatedurationandamount	3	(not in menu),Retail and Corporate Operations	HO/retailBanking/x_MICREcsMandate.aspx;HO/retailBanking/x_MICREcsPaymentMandate.aspx;RetailBanking/Transaction/x_MICREcsMandate.aspx
pr_x_getfdautotransferdetails	3	(module 0 — not in a_Module),(not in menu)	RetailBanking/Transaction/x_FDRenewalTransaction.aspx;RetailBanking/Transaction/x_FDRMaturedButNotPaidPayment.aspx;Treasury/FX/tr_FDTransferTransaction.aspx
pr_x_getfdautotransferinterest	3	(not in menu)	RetailBanking/Transaction/x_FDRAutoTransferTransaction.aspx;RetailBanking/Transaction/x_FDRenewalTransaction.aspx;RetailBanking/Transaction/x_FDRMaturedButNotPaidPayment.aspx
pr_x_gethplduetorepay	3	(module 0 — not in a_Module),Retail and Corporate Operations	RetailBanking/LoanDisbursement.aspx;RetailBanking/x_LoanCancellation.aspx;RetailBanking/x_LoanRepayment.aspx
pr_x_getibtchequeused	3	(not in menu),Retail and Corporate Operations	RetailBanking/Transaction/x_BranchToBranchTransactionCash_v1.aspx;RetailBanking/Transaction/x_BranchToBranchTransactionTrf.aspx;RetailBanking/Transaction/x_BranchToBranchTransactionTrf_v1.aspx
pr_x_getinterestdependonperiod	3	(not in menu)	RetailBanking/Transaction/x_FDRAutoTransferTransaction.aspx;RetailBanking/Transaction/x_FDRenewalTransaction.aspx;RetailBanking/Transaction/x_FDRMaturedButNotPaidPayment.aspx
pr_x_getinvtranvoucherpass	3	(not in menu),Retail and Corporate Operations	RetailBanking/Transaction/x_InvestmentTransaction.aspx;RetailBanking/Transaction/FdTransactions/x_FdDepositTransaction.aspx;RetailBanking/Transaction/FdTransactions/x_FdInterestPaymentCash.aspx
pr_x_getstandinginstructionscheduletoexecute	3	(not in menu),Retail and Corporate Operations	RetailBanking/daybegin.aspx;RetailBanking/SI/standingInstructionProcessing.aspx;RetailBanking/SI/standingInstructionProcessingPopup.aspx
pr_x_gettranforreversal	3	(not in menu),Retail and Corporate Operations	RetailBanking/Reversal.aspx;RetailBanking/Transaction/x_transactionv1.aspx;RetailBanking/Transaction/x_transactionv1_new.aspx
pr_x_gettransactiondebitamount	3	(module 0 — not in a_Module),Retail and Corporate Operations	RetailBanking/Transaction/x_Transaction.aspx;RetailBanking/Transaction/x_TransactionV2.aspx;RetailBanking/Transaction/x_TransferV2.aspx
pr_x_gettransactiondebitamount_v1	3	(module 0 — not in a_Module),Retail and Corporate Operations	RetailBanking/Transaction/x_Transaction.aspx;RetailBanking/Transaction/x_TransactionV2.aspx;RetailBanking/Transaction/x_TransferV2.aspx
pr_x_ispresentservicebranch	3	(not in menu),Retail and Corporate Operations	RetailBanking/Transaction/x_BranchToBranchTransactionCash_v1.aspx;RetailBanking/Transaction/x_BranchToBranchTransactionTrf.aspx;RetailBanking/Transaction/x_BranchToBranchTransactionTrf_v1.aspx
pr_x_outwardclearingexecutionpass	3	(module 0 — not in a_Module),Retail and Corporate Operations	RetailBanking/clearing/executeInwardClearingTransaction.aspx;RetailBanking/clearing/executeOutwardClearingTransactionV1.aspx;RetailBanking/clearing/OutwardExecution.aspx
pr_x_passchequebook	3	Internet Banking,Retail and Corporate Operations	Helpdesk/hd_AllRequest.aspx;RetailBanking/x_ChequeBook.aspx;RetailBanking/x_chequeBookPrintData.aspx
pr_x_passibttranloginbr	3	(not in menu),Retail and Corporate Operations	RetailBanking/MTS/MTS_CashTransaction.aspx;RetailBanking/Transaction/CashTransaction.aspx;RetailBanking/Transaction/x_BranchToBranchTransactionCash_v1.aspx
pr_x_passtransfertransactioncurrency	3	(module 0 — not in a_Module),(not in menu),Retail and Corporate Operations	RetailBanking/MTS/MTS_TransferTransaction.aspx;RetailBanking/Transaction/TransferTransaction.aspx;RetailBanking/Transaction/x_TransferV2.aspx
pr_x_r_accountopenclosereg	3	Retail and Corporate Operations	Reports/RetailBanking/ReportOptions.aspx;Reports/RetailBanking/Account/AccountReportSetting.aspx;Reports/RetailBanking/SeedReports/SeedReportOptions.aspx
pr_x_r_cashiersummary	3	Retail and Corporate Operations	Reports/RetailBanking/ReportOptions.aspx;Reports/RetailBanking/loan/ReportOptions.aspx;Reports/RetailBanking/SeedReports/SeedReportOptions.aspx
pr_x_r_getotherreceivable	3	Retail and Corporate Operations	Reports/RetailBanking/ReportOptions.aspx;Reports/RetailBanking/Account/AccountReportSetting.aspx;Reports/RetailBanking/SeedReports/SeedReportOptions.aspx
pr_x_r_unpasscashiertransaction	3	Retail and Corporate Operations	Reports/RetailBanking/ReportOptions.aspx;Reports/RetailBanking/SeedReports/SeedReportOptions.aspx;Reports/RetailBanking/Transaction/TransactionReportSettings.aspx
pr_x_savebankercheque	3	(module 0 — not in a_Module),Trade Finance	RetailBanking/x_BankerCheque.aspx;RetailBanking/LC/LCClaimV1.aspx;RetailBanking/TDBG/TD_BG_PaymentToBeneficiary.aspx
pr_x_saveibttrandrbranchv1	3	(not in menu),Retail and Corporate Operations	RetailBanking/Transaction/x_BranchToBranchTransactionCash_v1.aspx;RetailBanking/Transaction/x_BranchToBranchTransactionTrf.aspx;RetailBanking/Transaction/x_BranchToBranchTransactionTrf_v1.aspx
pr_x_saveibttrantrfbr	3	(not in menu),Retail and Corporate Operations	RetailBanking/MTS/MTS_CashTransaction.aspx;RetailBanking/Transaction/CashTransaction.aspx;RetailBanking/Transaction/x_BranchToBranchTransactionCash_v1.aspx
pr_x_sb_fundtransferrequest	3	(module 0 — not in a_Module),(not in menu),Retail and Corporate Operations	RetailBanking/MTS/MTS_TransferTransaction.aspx;RetailBanking/Transaction/TransferTransaction.aspx;RetailBanking/Transaction/x_TransferV2.aspx
pr_x_sb_getcashtransfertransaction	3	(not in menu),Retail and Corporate Operations	RetailBanking/MTS/MTS_TransferTransaction.aspx;RetailBanking/Transaction/CashTransaction.aspx;RetailBanking/Transaction/TransferTransaction.aspx
pr_x_sb_getfundtransfertrananywhere	3	(not in menu),Retail and Corporate Operations	RetailBanking/Transaction/x_BranchToBranchTransactionCash_v1.aspx;RetailBanking/Transaction/x_BranchToBranchTransactionTrf.aspx;RetailBanking/Transaction/x_BranchToBranchTransactionTrf_v1.aspx
pr_x_sb_getglobalecsmandate	3	(not in menu),Retail and Corporate Operations	HO/retailBanking/x_MICREcsMandate.aspx;HO/retailBanking/x_MICREcsPaymentMandate.aspx;RetailBanking/Transaction/x_MICREcsMandate.aspx
pr_x_sb_gettransfer	3	(module 0 — not in a_Module),(not in menu),Retail and Corporate Operations	RetailBanking/Transaction/x_BranchToBranchTransactionTrf.aspx;RetailBanking/Transaction/x_BranchToBranchTransactionTrf_v1.aspx;RetailBanking/Transaction/x_TransferV2.aspx
pr_x_sbcardaccclosingpassing	3	(module 0 — not in a_Module),(not in menu)	RetailBanking/Transaction/x_SbCaRdAccountClosing.aspx;RetailBanking/Transaction/x_SbCaRdAccountClosing_V1.aspx;RetailBanking/Transaction/x_SbCaRdAccountClosingV1.aspx
pr_a_getactivemodules	2	Central Administration	HO/Admin/a_RoleOnMenu.aspx;HO/Admin/a_UserRights.aspx
pr_a_getmodules	2	(not in menu)	Authentication/ChooseModule.aspx;Authentication/SwitchModule.aspx
pr_a_passwordexpiryalert	2	(not in menu)	Authentication/ChooseModule.aspx;Authentication/MainMenu.aspx
pr_b_checkrollback	2	(not in menu),Retail and Corporate Operations	RetailBanking/MTS/MTS_CashTransaction.aspx;RetailBanking/Transaction/CashTransaction.aspx
pr_b_deletedepositaccount	2	(not in menu),Retail and Corporate Operations	RetailBanking/Account/depositAccount.aspx;RetailBanking/Account/DepositAccountv1.aspx
pr_b_getaccopenemailtext	2	(not in menu)	RetailBanking/Account/c_LoanV1.aspx;RetailBanking/Account/DepositAccountv1.aspx
pr_b_getaccountsforloanrepay	2	Retail and Corporate Operations	RetailBanking/Insurance/c_LoanInsurance.aspx;RetailBanking/Insurance/c_LoanInsuranceClaim.aspx
pr_b_getdepositsector	2	Retail and Corporate Operations	Reports/RetailBanking/SeedReports/SeedReportOptions.aspx;RetailBanking/Account/depositAccount.aspx
pr_b_getenddateofyear	2	(not in menu)	RetailBanking/Transaction/x_FDRenewalTransaction.aspx;RetailBanking/Transaction/x_FDRMaturedButNotPaidPayment.aspx
pr_b_getfromaccountnumber	2	(module 0 — not in a_Module),Central Administration	RetailBanking/b_MinBalExistAccUpdation.aspx;RetailBanking/LoanInterestUpdation.aspx
pr_b_getlimitsanction	2	(module 0 — not in a_Module),Retail and Corporate Operations	RetailBanking/Transaction/x_Transaction.aspx;RetailBanking/Transaction/x_TransactionV2.aspx
pr_b_getnpaclassmastername	2	Central Administration	RetailBanking/npa/b_NPAClassMaster.aspx;RetailBanking/npa/b_NPAMaster.aspx
pr_b_getrepaysch	2	(module 0 — not in a_Module),(not in menu)	HO/ProjectFormulation/p_LoanCase_v1.aspx;RetailBanking/Account/c_Loan_Islamic.aspx
pr_b_gettdspaid	2	(module 0 — not in a_Module),(not in menu)	RetailBanking/Account/AccountEnquiry.aspx;RetailBanking/Account/AccountEnquiryV2.aspx
pr_b_gettoaccountnumber	2	(module 0 — not in a_Module),Central Administration	RetailBanking/b_MinBalExistAccUpdation.aspx;RetailBanking/LoanInterestUpdation.aspx
pr_b_gettrancharges	2	Retail and Corporate Operations	RetailBanking/Transaction/CashTransaction.aspx;RetailBanking/Transaction/TransferTransaction.aspx
pr_b_r_getlogview	2	Retail and Corporate Operations	Reports/RetailBanking/Corporateaccounts.aspx;Reports/RetailBanking/LogViewReport.aspx
pr_b_sbgroupforloanrepay	2	Retail and Corporate Operations	RetailBanking/Insurance/c_LoanInsurance.aspx;RetailBanking/Insurance/c_LoanInsuranceClaim.aspx
pr_b_sbsocietyforloanrepay	2	Retail and Corporate Operations	RetailBanking/Insurance/c_LoanInsurance.aspx;RetailBanking/Insurance/c_LoanInsuranceClaim.aspx
pr_b_sftouttracking	2	(not in menu),Retail and Corporate Operations	RetailBanking/SFTOutTracking.aspx;RetailBanking/swift/SFTOutTracking.aspx
pr_b_updatecreditofficer	2	Central Administration,Retail and Corporate Operations	RetailBanking/g_AllowDebitTransactionAccountHeads_v1.aspx;RetailBanking/Account/c_Loan.aspx
pr_b_updateledgeragentclientbalance	2	(not in menu),Retail and Corporate Operations	RetailBanking/lineUpdateBalance.aspx;RetailBanking/Transaction/x_DailyTransferEntry.aspx
pr_b_validatesignimage	2	Retail and Corporate Operations	RetailBanking/b_Signature_V1.aspx;RetailBanking/Account/depositAccount.aspx
pr_bg_sb_getbgissuedetails	2	Trade Finance	RetailBanking/TDBG/Td_bg_Close.aspx;RetailBanking/TDBG/Td_Bg_IssueRenewalTran.aspx
pr_bg_sb_getbgissueforrevoke	2	Trade Finance	RetailBanking/TDBG/Td_Bg_IssueRenewalTran.aspx;RetailBanking/TDBG/Td_Bg_RevokeTran_v1.aspx
pr_c_ccintproductcalculationwithlimit	2	(module 0 — not in a_Module),Retail and Corporate Operations	RetailBanking/Transaction/x_Transaction.aspx;RetailBanking/Transaction/x_TransactionV2.aspx
pr_c_generaterepaymentschedule	2	(not in menu)	UserControls/ucEmiChart.ascx;UserControls/ucEmiChart_Islamic.ascx
pr_c_getinsuranceloandet	2	Retail and Corporate Operations	RetailBanking/Insurance/c_LoanInsurance.aspx;RetailBanking/Insurance/c_LoanInsuranceClaim.aspx
pr_c_getlastdateofdisburse	2	(module 0 — not in a_Module),Retail and Corporate Operations	RetailBanking/Transaction/x_Transaction.aspx;RetailBanking/Transaction/x_TransactionV2.aspx
pr_c_loandisbursementpassingho	2	(not in menu),Retail and Corporate Operations	RetailBanking/Account/c_Loan.aspx;RetailBanking/Account/c_LoanV1.aspx
pr_cbl_reportsv1	2	(not in menu),Retail and Corporate Operations	Reports/CBLReportsV1/CBLReportsV1.aspx;Reports/RetailBanking/CBLReportsV1/CBLReportsV1.aspx
pr_cbl_xmloutreportsv1	2	(not in menu),Retail and Corporate Operations	Reports/CBLReportsV1/CBLReportsV1.aspx;Reports/RetailBanking/CBLReportsV1/CBLReportsV1.aspx
pr_g_allowdebittransactionaccountheadspass	2	(module 0 — not in a_Module),Central Administration	HO/ProjectFormulation/p_FinalReviewProcess.aspx;RetailBanking/g_AllowDebitTransactionAccountHeads_v1.aspx
pr_g_createglobalclientforloanapplicant	2	(module 0 — not in a_Module)	HO/ProjectFormulation/p_FinalReviewProcess.aspx;HO/ProjectFormulation/p_LoanCaseCommitteeRemarks.aspx
pr_g_getclientdetails	2	(module 0 — not in a_Module),Retail and Corporate Operations	HO/b_ClientBlackList.aspx;HO/b_ClientBlackListRemover.aspx
pr_g_getcustomerinformation	2	(not in menu),Retail and Corporate Operations	HO/b_ClientV2.aspx;HO/CustomerInfoPopup.aspx
pr_g_getcustomisedrpt	2	(module 0 — not in a_Module),Retail and Corporate Operations	customised_reports.aspx;Reports/ProjectFormulation/LoanClientFile.aspx
pr_g_getfde	2	Retail and Corporate Operations	RetailBanking/Insurance/c_LoanInsurance.aspx;RetailBanking/Insurance/c_LoanInsuranceClaim.aspx
pr_g_getjointdetails	2	(not in menu),Retail and Corporate Operations	RetailBanking/Account/depositAccount.aspx;RetailBanking/Account/DepositAccountv1.aspx
pr_g_getmonthsdays	2	(not in menu),Retail and Corporate Operations	RetailBanking/Transaction/x_FDRAutoTransferTransaction.aspx;RetailBanking/Transaction/x_FDRAutoTransferTransactionV1.aspx
pr_g_getresponse	2	(not in menu),Retail and Corporate Operations	HO/b_ClientV2.aspx;HO/CustomerInfoPopup.aspx
pr_g_getresponsedetails	2	(not in menu),Retail and Corporate Operations	HO/b_ClientV2.aspx;HO/CustomerInfoPopup.aspx
pr_g_sb_getfdintchequeacc	2	(not in menu)	RetailBanking/Transaction/FdTransactions/x_FDIntPayCheque.aspx;RetailBanking/Transaction/FdTransactions/x_ManageFDPayCheque.aspx
pr_get_acc_enq_xml	2	Retail and Corporate Operations	RetailBanking/PAPPS/Papss_GetAccounts.aspx;RetailBanking/PAPPS/x_PAPSS_Out_Transfer.aspx
pr_get_papss_charges	2	Retail and Corporate Operations	RetailBanking/PAPPS/PAPSS_Exchange_rate.aspx;RetailBanking/PAPPS/x_PAPSS_Out_Transfer.aspx
pr_h_deleteclientblacklist	2	(module 0 — not in a_Module),Retail and Corporate Operations	HO/b_ClientBlackList.aspx;HO/c_LoanType.aspx
pr_h_getorgelementdepartmentlist	2	Central Administration	HO/Admin/A_User.aspx;HR/h_TransferHistory.aspx
pr_h_getstepnumbers	2	Central Administration	HR/h_PromHistory.aspx;HR/h_Promotion.aspx
pr_h_insertclientblacklist	2	Retail and Corporate Operations	HO/b_ClientBlackList.aspx;HO/b_ClientV2.aspx
pr_hd_allrequestdetails	2	(not in menu)	Helpdesk/hd_AllRequestInfo.aspx;RetailBanking/Transaction/RTGSTransfer.aspx
pr_hd_crudbatch	2	(module 0 — not in a_Module)	Helpdesk/hd_PostBatch.aspx;Helpdesk/hd_ViewBatch.aspx
pr_hd_getaccountsbycustid	2	(not in menu),Internet Banking	Helpdesk/hd_ResetPassword.aspx;Helpdesk/MapHelpDeskAccounts.aspx
pr_hd_getattacheduser	2	(module 0 — not in a_Module),Internet Banking	Helpdesk/hd_ApprovalAuthority.aspx;Helpdesk/MapHelpDeskAccounts.aspx
pr_hd_getemailsmstext	2	(not in menu),Internet Banking	Helpdesk/hd_ResetPassword.aspx;Helpdesk/MapHelpDeskAccounts.aspx
pr_hd_nonindaccounts	2	(module 0 — not in a_Module),Internet Banking	Helpdesk/hd_ApprovalAuthority.aspx;Helpdesk/MapHelpDeskAccounts.aspx
pr_hd_savedefaultmenu	2	(module 0 — not in a_Module),Internet Banking	Helpdesk/hd_ApprovalAuthority.aspx;Helpdesk/MapHelpDeskAccounts.aspx
pr_i_getbookvaluebyinvetoryregisterdetail	2	(module 0 — not in a_Module)	Inventory/i_AssetSale.aspx;Inventory/i_AssetScrap.aspx
pr_k_getlockerfornotation	2	(not in menu)	Lockers/k_LockerNotation.aspx;Lockers/k_LockerVisiting.aspx
pr_k_getlockerreturnaccountlist	2	(not in menu)	Lockers/k_LockerReturn.aspx;Lockers/k_LockerVisiting.aspx
pr_k_getlockerreturnlist	2	(not in menu)	Lockers/k_LockerReturn.aspx;Lockers/k_LockerVisiting.aspx
pr_lg_sb_getconsultantname	2	Retail and Corporate Operations	RetailBanking/Legal/lg_Consultant.aspx;RetailBanking/Legal/lg_SuitCase.aspx
pr_lg_sb_suitcasehistory	2	Retail and Corporate Operations	RetailBanking/Legal/lg_SuitCaseClosing.aspx;RetailBanking/Legal/lg_SuitCaseHistory.aspx
pr_lra_billpaymentauth	2	Retail and Corporate Operations	RetailBanking/LRA_BillPayment.aspx;RetailBanking/LRABillPayReversal.aspx
pr_omb_getcustomerinfo	2	Retail and Corporate Operations	RetailBanking/omb_registration.aspx;RetailBanking/omb_unRegistration.aspx
pr_omb_registration	2	Retail and Corporate Operations	RetailBanking/omb_registration.aspx;RetailBanking/omb_unRegistration.aspx
pr_p_getapplicantfinancialanalysis	2	Retail and Corporate Operations	Reports/RetailBanking/ReportOptions.aspx;Reports/RetailBanking/loan/ReportOptions.aspx
pr_p_getcommemempquery	2	(module 0 — not in a_Module)	HO/ProjectFormulation/p_CommitteeMasterMemberAP.aspx;HO/ProjectFormulation/p_CommitteeMasterMemberAR.aspx
pr_p_getcommitteemembershiptid	2	(module 0 — not in a_Module)	HO/ProjectFormulation/p_CommitteeMasterMemberAR.aspx;HO/ProjectFormulation/p_SetCommitteeApprovalLimit.aspx
pr_p_getdeleteschemebankbranches	2	(not in menu),Central Administration	HO/ProjectFormulation/p_SchemeDetails.aspx;HO/ProjectFormulation/p_SchemeDetails_Islamic.aspx
pr_p_getdeleteschemecontributors	2	(not in menu),Central Administration	HO/ProjectFormulation/p_SchemeDetails.aspx;HO/ProjectFormulation/p_SchemeDetails_Islamic.aspx
pr_p_getdeleteschemepurpose	2	(not in menu),Central Administration	HO/ProjectFormulation/p_SchemeDetails.aspx;HO/ProjectFormulation/p_SchemeDetails_Islamic.aspx
pr_p_getlcmemberslist	2	(module 0 — not in a_Module),Retail and Corporate Operations	HO/b_ClientBlackList.aspx;HO/ProjectFormulation/p_LoanCaseCommitteeRemarks.aspx
pr_p_getlcpending	2	(module 0 — not in a_Module)	HO/ProjectFormulation/p_FinalReviewProcess.aspx;HO/ProjectFormulation/p_LoanCaseCommitteeRemarks.aspx
pr_p_getlcpending_haiti	2	(module 0 — not in a_Module)	HO/ProjectFormulation/p_FinalReviewProcess.aspx;HO/ProjectFormulation/p_LoanCaseCommitteeRemarks.aspx
pr_p_getloadschemecontributors	2	(not in menu),Central Administration	HO/ProjectFormulation/p_SchemeDetails.aspx;HO/ProjectFormulation/p_SchemeDetails_Islamic.aspx
pr_p_getloadschemeorgbank	2	(not in menu),Central Administration	HO/ProjectFormulation/p_SchemeDetails.aspx;HO/ProjectFormulation/p_SchemeDetails_Islamic.aspx
pr_p_getloadschemepurposes	2	(not in menu),Central Administration	HO/ProjectFormulation/p_SchemeDetails.aspx;HO/ProjectFormulation/p_SchemeDetails_Islamic.aspx
pr_p_getloanpurposelist1	2	(module 0 — not in a_Module)	HO/ProjectFormulation/p_Document.aspx;HO/ProjectFormulation/p_LoanCase_v1.aspx
pr_p_getsanctionedloancase	2	(not in menu),Retail and Corporate Operations	RetailBanking/Account/c_Loan.aspx;RetailBanking/Account/c_LoanV1.aspx
pr_p_getsbqloandetails	2	(module 0 — not in a_Module),(not in menu)	HO/ProjectFormulation/p_LoanCase_v1.aspx;HO/ProjectFormulation/p_LoanCaseOtherDetails.aspx
pr_p_getsqapplicantname	2	(module 0 — not in a_Module)	HO/ProjectFormulation/p_Applicant.aspx;HO/ProjectFormulation/p_LoanCase_v1.aspx
pr_p_getsqschemepurpose	2	(module 0 — not in a_Module)	HO/ProjectFormulation/p_AnnexPre.aspx;HO/ProjectFormulation/p_Document.aspx
pr_p_getupdateschemebankbranches	2	(not in menu),Central Administration	HO/ProjectFormulation/p_SchemeDetails.aspx;HO/ProjectFormulation/p_SchemeDetails_Islamic.aspx
pr_p_getupdateschemecontributors	2	(not in menu),Central Administration	HO/ProjectFormulation/p_SchemeDetails.aspx;HO/ProjectFormulation/p_SchemeDetails_Islamic.aspx
pr_p_getupdateschemepurposes	2	(not in menu),Central Administration	HO/ProjectFormulation/p_SchemeDetails.aspx;HO/ProjectFormulation/p_SchemeDetails_Islamic.aspx
pr_p_sb_getallbranches	2	(module 0 — not in a_Module)	HO/ProjectFormulation/p_CommitteeMasterMemberAR.aspx;HO/ProjectFormulation/p_SetCommitteeApprovalLimit.aspx
pr_p_sb_getcommiteequery	2	(module 0 — not in a_Module)	HO/ProjectFormulation/p_CommitteeMasterMemberAR.aspx;HO/ProjectFormulation/p_LoanCaseCommitteeRemarks.aspx
pr_p_sb_getcommitteequery	2	(module 0 — not in a_Module)	HO/ProjectFormulation/p_CommitteeMasterMemberAR.aspx;HO/ProjectFormulation/p_SetCommitteeApprovalLimit.aspx
pr_papss_acc_enq_res	2	Retail and Corporate Operations	RetailBanking/PAPPS/Papss_GetAccounts.aspx;RetailBanking/PAPPS/x_PAPSS_Out_Transfer.aspx
pr_papss_iw_pacs008_post_tran	2	Retail and Corporate Operations	RetailBanking/PAPPS/PAPSS_Inward_Console.aspx;RetailBanking/PAPPS/PAPSS_Outward_Recall.aspx
pr_re_authenticatereconcile	2	(module 0 — not in a_Module),(not in menu)	Reconciliation/re_AuthenticateRecord.aspx;Reconciliation/re_Authentication.aspx
pr_re_authenticaterollback	2	(module 0 — not in a_Module),(not in menu)	Reconciliation/re_AuthenticateRecord.aspx;Reconciliation/re_Authentication.aspx
pr_re_getoutputtype	2	Reconcillation	Reconciliation/Re_OutPutType.aspx;Reconciliation/re_ProcessTypeMatchCriteria.aspx
pr_re_gettrustbankbranchaccountdetails	2	Reconcillation	Reconciliation/re_AccountMapping.aspx;Reconciliation/re_OurLedgerImport.aspx
pr_re_gettrustbankmappedbranchaccountlist	2	Reconcillation	Reconciliation/re_AccountMapping.aspx;Reconciliation/re_OurLedgerImport.aspx
pr_re_getunauthenticated	2	(module 0 — not in a_Module),(not in menu)	Reconciliation/re_AuthenticateRecord.aspx;Reconciliation/re_Authentication.aspx
pr_rp_getchangelog	2	(module 0 — not in a_Module),(not in menu)	Reports/RBI Report/rp_RBIConfiguration.aspx;Reports/RBI Report/rp_RBIConfigurationLog.aspx
pr_sb_getsecdealinputs	2	(module 0 — not in a_Module),(not in menu)	Treasury/FX/tr_GovtSecDealInput.aspx;Treasury/Masters/tr_GovtSecDealInput.aspx
pr_sb_getsecpassdealinputs	2	(module 0 — not in a_Module),(not in menu)	Treasury/FX/tr_GovtSecDealInput.aspx;Treasury/Masters/tr_GovtSecDealInput.aspx
pr_swift_createswiftmessagexmlmt199	2	(not in menu),Retail and Corporate Operations	RetailBanking/SwiftFileDownload.aspx;RetailBanking/swift/index.aspx
pr_swift_processinwardswiftfilexml	2	(not in menu),Retail and Corporate Operations	RetailBanking/SwiftFileDownload.aspx;RetailBanking/swift/index.aspx
pr_td_bg_getlcclient	2	Trade Finance	RetailBanking/LC/LCApplicationV1.aspx;RetailBanking/LC/LCClaimV1.aspx
pr_tr_deletesecdealinputs	2	(module 0 — not in a_Module),(not in menu)	Treasury/FX/tr_GovtSecDealInput.aspx;Treasury/Masters/tr_GovtSecDealInput.aspx
pr_tr_generatefidealschedule	2	(module 0 — not in a_Module),(not in menu)	Treasury/FX/tr_FIDealSchedule.aspx;Treasury/FX/tr_MMFIDealInput.aspx
pr_tr_sb_getcurrencyglmapping	2	(module 0 — not in a_Module),(not in menu)	HO/MultiCurrency/tr_CurrencyGLMapping.aspx;Treasury/Masters/tr_CurrencyGLMapping.aspx
pr_uc_getclientaccounts	2	(not in menu),Retail and Corporate Operations	RetailBanking/Utilities/ClientAccountsInfo.aspx;UserControls/ClientAccountsInfo.ascx
pr_util_execqueryforrecselv2	2	(not in menu)	UserControls/RecordSelectorV2.aspx;UserControls/TssiplRecordSelectorV2.ascx
pr_x_bankerchequebyid	2	(module 0 — not in a_Module),Retail and Corporate Operations	RetailBanking/x_BankerCheque.aspx;RetailBanking/x_BankerChequePayClg.aspx
pr_x_bankerchequepassingcashpay	2	(module 0 — not in a_Module),Retail and Corporate Operations	RetailBanking/x_BankerCheque.aspx;RetailBanking/x_BankerChequePayClg.aspx
pr_x_cashtransaction	2	(not in menu),Retail and Corporate Operations	RetailBanking/MTS/MTS_CashTransaction.aspx;RetailBanking/Transaction/CashTransaction.aspx
pr_x_chargestranbulkibt	2	Retail and Corporate Operations	RetailBanking/Transaction/CashTransaction.aspx;RetailBanking/Transaction/TransferTransaction.aspx
pr_x_chargestranbulklogin	2	Retail and Corporate Operations	RetailBanking/Transaction/CashTransaction.aspx;RetailBanking/Transaction/TransferTransaction.aspx
pr_x_chargestransaction	2	(not in menu),Retail and Corporate Operations	RetailBanking/MTS/MTS_CashTransaction.aspx;RetailBanking/Transaction/CashTransaction.aspx
pr_x_checkcashieropening	2	Retail and Corporate Operations	RetailBanking/cash/x_ChestCashierLedger.aspx;RetailBanking/cash/x_ChestCashierLedger_V1.aspx
pr_x_chequeprocesschargestrf	2	(not in menu),Retail and Corporate Operations	RetailBanking/clearing/addOutwardClearingTransactionV1.aspx;RetailBanking/MTS/MTS_addOutwardClearingTransaction.aspx
pr_x_chequestoppaymentpass	2	Retail and Corporate Operations	RetailBanking/x_ChequeStopPaymentDetails.aspx;RetailBanking/x_ChequeStopPaymentDetailsV1.aspx
pr_x_chequestoppaymentsave	2	Internet Banking,Retail and Corporate Operations	Helpdesk/hd_AllRequest.aspx;RetailBanking/x_ChequeStopPaymentDetails.aspx
pr_x_chestcashierledgertransaction	2	Retail and Corporate Operations	RetailBanking/cash/x_ChestCashierLedger.aspx;RetailBanking/cash/x_ChestCashierLedger_V1.aspx
pr_x_chestcashierledgertransactionpass	2	Retail and Corporate Operations	RetailBanking/cash/x_ChestCashierLedger.aspx;RetailBanking/cash/x_ChestCashierLedger_V1.aspx
pr_x_daybegin	2	Retail and Corporate Operations	RetailBanking/daybegin.aspx;RetailBanking/Utilities/CentralizedDayBegin.aspx
pr_x_dayend	2	Retail and Corporate Operations	RetailBanking/b_DayEndParamLogs.aspx;RetailBanking/DayEnd.aspx
pr_x_dayendcheck	2	Retail and Corporate Operations	RetailBanking/b_DayEndParamLogs.aspx;RetailBanking/DayEnd.aspx
pr_x_dayendvalidator	2	Retail and Corporate Operations	RetailBanking/b_DayEndParamLogs.aspx;RetailBanking/DayEnd.aspx
pr_x_deletefdintpaycash	2	(not in menu),Retail and Corporate Operations	RetailBanking/Transaction/FdTransactions/x_FdInterestPaymentCash.aspx;RetailBanking/Transaction/FdTransactions/x_FdInterestPostOtherBankAccount.aspx
pr_x_deleteloanrepaybatchxml	2	Retail and Corporate Operations	RetailBanking/Insurance/c_LoanInsurance.aspx;RetailBanking/Insurance/c_LoanInsuranceClaim.aspx
pr_x_fdautotransfer	2	(not in menu)	RetailBanking/Transaction/x_FDRenewalTransaction.aspx;RetailBanking/Transaction/x_FDRMaturedButNotPaidPayment.aspx
pr_x_genintrbanklendingschedule	2	(not in menu),Retail and Corporate Operations	RetailBanking/x_InterBankLendingSettlment.aspx;RetailBanking/x_InterBankLendingTran.aspx
pr_x_getaccheadandagentwise	2	Retail and Corporate Operations	Reports/RetailBanking/ReportOptions.aspx;Reports/RetailBanking/SeedReports/SeedReportOptions.aspx
pr_x_getaccountsv1	2	(not in menu)	RetailBanking/Account/c_LoanV1.aspx;RetailBanking/Account/DepositAccountv1.aspx
pr_x_getcalculatedfdinterest	2	Retail and Corporate Operations	Reports/RetailBanking/SeedReports/SeedReportOptions.aspx;RetailBanking/x_ChargeForMinimumBalanceProvision.aspx
pr_x_getcashierwithholdamount	2	(module 0 — not in a_Module),Retail and Corporate Operations	Reports/RetailBanking/ReportOptions.aspx;RetailBanking/CashierWithholdLimit.aspx
pr_x_getcashopeningcreditdebit	2	(module 0 — not in a_Module),Retail and Corporate Operations	RetailBanking/cash/x_CashInTransit.aspx;RetailBanking/cash/x_ChestCashierLedger_V1.aspx
pr_x_getcblaccmapconfig	2	Retail and Corporate Operations	RetailBanking/Account/x_CBLAccMapDetails.aspx;RetailBanking/Account/x_CBLAccMapEnqLog.aspx
pr_x_getclearingamount	2	Retail and Corporate Operations	Reports/RetailBanking/ReportOptions.aspx;Reports/RetailBanking/SeedReports/SeedReportOptions.aspx
pr_x_getcodlimitcharge	2	Central Administration,Retail and Corporate Operations	RetailBanking/g_AllowDebitTranAddLimit.aspx;RetailBanking/g_AllowDebitTransactionAccountHeads_v1.aspx
pr_x_getdayscomp_acccltran	2	(not in menu)	RetailBanking/Transaction/b_AccountClosingTransaction.aspx;RetailBanking/Transaction/b_AccountClosingTransactionNew.aspx
pr_x_getduetorepay_islamic	2	(module 0 — not in a_Module)	RetailBanking/LoanSettlementRebate.aspx;RetailBanking/x_LoanSettlementTran_Islamic.aspx
pr_x_getearlysetllementend	2	(module 0 — not in a_Module)	RetailBanking/LoanSettlementRebate.aspx;RetailBanking/x_LoanSettlementTran_Islamic.aspx
pr_x_getexternalcashtransactiondetails	2	Retail and Corporate Operations	RetailBanking/cash/x_ChestCashierLedger.aspx;RetailBanking/cash/x_ChestCashierLedger_V1.aspx
pr_x_getfdintchequeacc	2	(not in menu)	RetailBanking/Transaction/FdTransactions/x_FDIntPayCheque.aspx;RetailBanking/Transaction/FdTransactions/x_ManageFDPayCheque.aspx
pr_x_getfdintpaycashvoucher	2	(not in menu),Retail and Corporate Operations	RetailBanking/Transaction/FdTransactions/x_FdInterestPaymentCash.aspx;RetailBanking/Transaction/FdTransactions/x_FdInterestPostOtherBankAccount.aspx
pr_x_getfinancialyear	2	(module 0 — not in a_Module),Inventory	Inventory/i_EstimateReport.aspx;RetailBanking/DayEndSchedule.aspx
pr_x_getglobalclientlos	2	(module 0 — not in a_Module),(not in menu)	HO/ProjectFormulation/p_Applicant.aspx;RetailBanking/g_CustomerDetailView.aspx
pr_x_getlotcreditdate	2	(not in menu),Retail and Corporate Operations	RetailBanking/clearing/addOutwardClearingTransactionV1.aspx;RetailBanking/MTS/MTS_addOutwardClearingTransaction.aspx
pr_x_getoutwardretruncharges	2	(not in menu),Retail and Corporate Operations	RetailBanking/clearing/executeOutwardClearingTransactionV1.aspx;RetailBanking/clearing/PopupReasonCodeV1.aspx
pr_x_getpapss_out_trans	2	Retail and Corporate Operations	RetailBanking/PAPPS/x_PAPSS_Out_Transfer.aspx;RetailBanking/PAPPS/x_PAPSS_Out_Transfer_reprocess.aspx
pr_x_getpigmyaccountdetails	2	Retail and Corporate Operations	Reports/RetailBanking/ReportOptions.aspx;Reports/RetailBanking/SeedReports/SeedReportOptions.aspx
pr_x_getrsqpigmyclientaccno	2	(not in menu)	RetailBanking/Transaction/b_AccountClosingTransactionNew.aspx;RetailBanking/Transaction/x_AgentDepositTransaction.aspx
pr_x_getscrollforfxtransfer	2	(module 0 — not in a_Module)	Treasury/FX/tr_FxTransferPayment_v1.aspx;Treasury/FX/tr_FxTransferReceipt_v1.aspx
pr_x_getstartdatefinancialyear	2	Retail and Corporate Operations	Reports/RetailBanking/Account/AccountReportSetting.aspx;Reports/RetailBanking/Balancing/BalancingReportSetting.aspx
pr_x_gettdscalculateamount	2	(not in menu)	RetailBanking/Transaction/x_FDRAutoTransferTransaction.aspx;RetailBanking/Transaction/FdTransactions/x_FdInterestPostOtherBankAccount.aspx
pr_x_gettransactiondetails	2	(not in menu),Retail and Corporate Operations	RetailBanking/Transaction/x_transactionv1.aspx;RetailBanking/Transaction/x_transactionv1_new.aspx
pr_x_interbranchrecontransaction	2	(not in menu),Retail and Corporate Operations	RetailBanking/MTS/MTS_CashTransaction.aspx;RetailBanking/Transaction/CashTransaction.aspx
pr_x_isstandardaccount	2	(not in menu),Retail and Corporate Operations	Reports/RetailBanking/ReportOptions.aspx;Reports/RetailBanking/ReportSubDetails.aspx
pr_x_ledger	2	Retail and Corporate Operations	Reports/RetailBanking/ReportOptions.aspx;Reports/RetailBanking/loan/ReportOptions.aspx
pr_x_loanchargesrecovery	2	(module 0 — not in a_Module),Retail and Corporate Operations	RetailBanking/x_LoanCancellation.aspx;RetailBanking/x_LoanRepayment.aspx
pr_x_loaninterestdebit	2	(module 0 — not in a_Module)	RetailBanking/x_LoanCancellation.aspx;RetailBanking/x_LoanSettlementTran_Islamic.aspx
pr_x_localfundtrfauth	2	(module 0 — not in a_Module)	RetailBanking/x_localfundtrf.aspx;RetailBanking/x_localfundtrfPay.aspx
pr_x_outwardclearingexecution	2	(module 0 — not in a_Module),Retail and Corporate Operations	RetailBanking/clearing/executeInwardClearingTransaction.aspx;RetailBanking/clearing/executeOutwardClearingTransactionV1.aspx
pr_x_outwardclearingexecutionv1	2	(module 0 — not in a_Module),Retail and Corporate Operations	RetailBanking/clearing/executeOutwardClearingTransactionV1.aspx;RetailBanking/clearing/OutwardExecution.aspx
pr_x_papss_hold_release_amt	2	Retail and Corporate Operations	RetailBanking/PAPPS/x_PAPSS_Out_Transfer.aspx;RetailBanking/PAPPS/x_PAPSS_Out_Transfer_reprocess.aspx
pr_x_papss_iw_process_console	2	Retail and Corporate Operations	RetailBanking/PAPPS/PAPSS_Inward_Console.aspx;RetailBanking/PAPPS/PAPSS_Outward_Recall.aspx
pr_x_papss_out_trans	2	Retail and Corporate Operations	RetailBanking/PAPPS/x_PAPSS_Out_Transfer.aspx;RetailBanking/PAPPS/x_PAPSS_Out_Transfer_reprocess.aspx
pr_x_papss_out_trans_response	2	Retail and Corporate Operations	RetailBanking/PAPPS/Papss_GetAccounts.aspx;RetailBanking/PAPPS/x_PAPSS_Out_Transfer.aspx
pr_x_papss_participant_status	2	Retail and Corporate Operations	RetailBanking/PAPPS/Papss_GetAccounts.aspx;RetailBanking/PAPPS/x_PAPSS_Out_Transfer.aspx
pr_x_papss_trans_exch_rate	2	Retail and Corporate Operations	RetailBanking/PAPPS/PAPSS_Exchange_rate.aspx;RetailBanking/PAPPS/x_PAPSS_Out_Transfer.aspx
pr_x_passchequebookprintdata	2	(module 0 — not in a_Module),Retail and Corporate Operations	RetailBanking/b_SecurityWaiveOff.aspx;RetailBanking/x_chequeBookPrintData.aspx
pr_x_passdealgovtsec	2	(module 0 — not in a_Module),(not in menu)	Treasury/FX/tr_GovtSecDealInput.aspx;Treasury/Masters/tr_GovtSecDealInput.aspx
pr_x_passloanrepaybatchxml	2	Retail and Corporate Operations	RetailBanking/Insurance/c_LoanInsurance.aspx;RetailBanking/Insurance/c_LoanInsuranceClaim.aspx
pr_x_pigmyinterestcalculation	2	(not in menu)	RetailBanking/Transaction/b_AccountClosingTransactionNew.aspx;RetailBanking/Transaction/b_DailyDepositInterestCalculationNew.aspx
pr_x_r_accountmodifyregister	2	Retail and Corporate Operations	Reports/RetailBanking/ReportOptions.aspx;Reports/RetailBanking/SeedReports/SeedReportOptions.aspx
pr_x_r_acctivationdormantaccountregister	2	Retail and Corporate Operations	Reports/RetailBanking/ReportOptions.aspx;Reports/RetailBanking/loan/ReportOptions.aspx
pr_x_r_balancesheet	2	Retail and Corporate Operations	Reports/RetailBanking/Balancing/BalancingReportSetting.aspx;Reports/RetailBanking/HeadOffice/HeadofficeReportSetting.aspx
pr_x_r_batchtransaction	2	Retail and Corporate Operations	Reports/RetailBanking/ReportOptions.aspx;Reports/RetailBanking/SeedReports/SeedReportOptions.aspx
pr_x_r_calldepositaccounts	2	Retail and Corporate Operations	Reports/RetailBanking/ReportOptions.aspx;Reports/RetailBanking/SeedReports/SeedReportOptions.aspx
pr_x_r_cashbook	2	Retail and Corporate Operations	Reports/RetailBanking/ReportOptions.aspx;Reports/RetailBanking/loan/ReportOptions.aspx
pr_x_r_cashscrollreceiptpayment	2	Retail and Corporate Operations	Reports/RetailBanking/ReportOptions.aspx;Reports/RetailBanking/SeedReports/SeedReportOptions.aspx
pr_x_r_checkountopencloseregister	2	Retail and Corporate Operations	Reports/RetailBanking/ReportOptions.aspx;Reports/RetailBanking/loan/ReportOptions.aspx
pr_x_r_chestscrollreceipt	2	Retail and Corporate Operations	Reports/RetailBanking/ReportOptions.aspx;Reports/RetailBanking/loan/ReportOptions.aspx
pr_x_r_dailylctransactionjournal	2	Retail and Corporate Operations,Trade Finance	Reports/RetailBanking/ReportOptions.aspx;Reports/RetailBanking/LC/ReportSettings.aspx
pr_x_r_deletedtransaction	2	Retail and Corporate Operations	Reports/RetailBanking/ReportOptions.aspx;Reports/RetailBanking/SeedReports/SeedReportOptions.aspx
pr_x_r_depositschemeslab	2	Retail and Corporate Operations	Reports/RetailBanking/ReportOptions.aspx;Reports/RetailBanking/SeedReports/SeedReportOptions.aspx
pr_x_r_generalledger	2	Retail and Corporate Operations	Reports/RetailBanking/ReportOptions.aspx;Reports/RetailBanking/SeedReports/SeedReportOptions.aspx
pr_x_r_getaccountchargesconfig	2	(module 0 — not in a_Module),Retail and Corporate Operations	Reports/RetailBanking/Account/AccountReportSetting.aspx;RetailBanking/x_TransactionViewer.aspx
pr_x_r_getaccountheads	2	Retail and Corporate Operations	Reports/RetailBanking/ReportOptions.aspx;Reports/RetailBanking/SeedReports/SeedReportOptions.aspx
pr_x_r_getcashiertreasury	2	Retail and Corporate Operations	Reports/RetailBanking/ReportOptions.aspx;Reports/RetailBanking/SeedReports/SeedReportOptions.aspx
pr_x_r_getcheckclearingtransaction	2	Retail and Corporate Operations	Reports/RetailBanking/ReportOptions.aspx;Reports/RetailBanking/SeedReports/SeedReportOptions.aspx
pr_x_r_getchequeclearingdetail	2	Retail and Corporate Operations,Trade Finance	Reports/RetailBanking/LC/ReportSettings.aspx;Reports/RetailBanking/New RetailBanking Report/ReportSettings.aspx
pr_x_r_getclosingadjustmentcashbook	2	Retail and Corporate Operations	Reports/RetailBanking/ReportOptions.aspx;Reports/RetailBanking/SeedReports/SeedReportOptions.aspx
pr_x_r_getdenominatorlist	2	Retail and Corporate Operations	Reports/RetailBanking/Account/AccountReportSetting.aspx;Reports/RetailBanking/SeedReports/SeedReportOptions.aspx
pr_x_r_getdepositclassification	2	Retail and Corporate Operations	Reports/RetailBanking/HeadOffice/HeadofficeReportSetting.aspx;Reports/RetailBanking/New RetailBanking Report/ReportSettings.aspx
pr_x_r_getfixeddepositcomparativereport	2	Retail and Corporate Operations	Reports/RetailBanking/New RetailBanking Report/ReportSettings.aspx;Reports/RetailBanking/SeedReports/SeedReportOptions.aspx
pr_x_r_getfixeddepositcomparativesummaryreport	2	Retail and Corporate Operations	Reports/RetailBanking/New RetailBanking Report/ReportSettings.aspx;Reports/RetailBanking/SeedReports/SeedReportOptions.aspx
pr_x_r_getinterestpaidonfd	2	Retail and Corporate Operations	Reports/RetailBanking/New RetailBanking Report/ReportSettings.aspx;Reports/RetailBanking/SeedReports/SeedReportOptions.aspx
pr_x_r_getlieninformationregister	2	Retail and Corporate Operations,Trade Finance	Reports/RetailBanking/LC/ReportSettings.aspx;Reports/RetailBanking/New RetailBanking Report/ReportSettings.aspx
pr_x_r_getloandisbursementrecovery	2	Retail and Corporate Operations	Reports/RetailBanking/New RetailBanking Report/ReportSettings.aspx;Reports/RetailBanking/SeedReports/SeedReportOptions.aspx
pr_x_r_getloandisbursementrecoverysummary	2	Retail and Corporate Operations	Reports/RetailBanking/New RetailBanking Report/ReportSettings.aspx;Reports/RetailBanking/SeedReports/SeedReportOptions.aspx
pr_x_r_getloantoaccountnumber	2	Retail and Corporate Operations	Reports/RetailBanking/ReportOptions.aspx;Reports/RetailBanking/loan/ReportOptions.aspx
pr_x_r_getnpaannexure2	2	Retail and Corporate Operations	Reports/RetailBanking/HeadOffice/HeadofficeReportSetting.aspx;Reports/RetailBanking/New RetailBanking Report/ReportSettings.aspx
pr_x_r_getoverduedetailreport	2	Retail and Corporate Operations,Trade Finance	Reports/RetailBanking/LC/ReportSettings.aspx;Reports/RetailBanking/New RetailBanking Report/ReportSettings.aspx
pr_x_r_getoverduereportforloanheadwise	2	Retail and Corporate Operations,Trade Finance	Reports/RetailBanking/LC/ReportSettings.aspx;Reports/RetailBanking/New RetailBanking Report/ReportSettings.aspx
pr_x_r_getperiodwiseoverduesstatement	2	Retail and Corporate Operations,Trade Finance	Reports/RetailBanking/LC/ReportSettings.aspx;Reports/RetailBanking/New RetailBanking Report/ReportSettings.aspx
pr_x_r_gettdscategoryreport	2	Retail and Corporate Operations,Trade Finance	Reports/RetailBanking/LC/ReportSettings.aspx;Reports/RetailBanking/New RetailBanking Report/ReportSettings.aspx
pr_x_r_gettransactionamount	2	Retail and Corporate Operations	Reports/RetailBanking/ReportOptions.aspx;Reports/RetailBanking/loan/ReportOptions.aspx
pr_x_r_gettransactionsourcelist	2	Retail and Corporate Operations	Reports/RetailBanking/SeedReports/SeedReportOptions.aspx;Reports/RetailBanking/Transaction/TransactionReportSettings.aspx
pr_x_r_gettransactionsourcewiselist	2	Retail and Corporate Operations	Reports/RetailBanking/SeedReports/SeedReportOptions.aspx;Reports/RetailBanking/Transaction/TransactionReportSettings.aspx
pr_x_r_gettrialbalance	2	Retail and Corporate Operations	Reports/RetailBanking/HeadOffice/HeadofficeReportSetting.aspx;Reports/RetailBanking/SeedReports/SeedReportOptions.aspx
pr_x_r_getunclearedtransactionregister	2	Retail and Corporate Operations,Trade Finance	Reports/RetailBanking/LC/ReportSettings.aspx;Reports/RetailBanking/New RetailBanking Report/ReportSettings.aspx
pr_x_r_getwiretransactiondetails	2	(module 0 — not in a_Module),Retail and Corporate Operations	Reports/RetailBanking/ReportOptions.aspx;RetailBanking/x_WireTransfer.aspx
pr_x_r_lcaccountreg	2	Retail and Corporate Operations,Trade Finance	Reports/RetailBanking/ReportOptions.aspx;Reports/RetailBanking/LC/ReportSettings.aspx
pr_x_r_listofaccounts	2	Retail and Corporate Operations	Reports/RetailBanking/Account/AccountReportSetting.aspx;Reports/RetailBanking/SeedReports/SeedReportOptions.aspx
pr_x_r_loanschemeslabdetails	2	Retail and Corporate Operations	Reports/RetailBanking/ReportOptions.aspx;Reports/RetailBanking/SeedReports/SeedReportOptions.aspx
pr_x_r_oldnewaccountlist	2	Retail and Corporate Operations	Reports/RetailBanking/ReportOptions.aspx;Reports/RetailBanking/Account/AccountReportSetting.aspx
pr_x_r_passingscrolldetail	2	Retail and Corporate Operations	Reports/RetailBanking/SeedReports/SeedReportOptions.aspx;Reports/RetailBanking/Transaction/TransactionReportSettings.aspx
pr_x_r_profitandlossdaybook	2	Retail and Corporate Operations	Reports/RetailBanking/ReportOptions.aspx;Reports/RetailBanking/SeedReports/SeedReportOptions.aspx
pr_x_r_queryonamount	2	Retail and Corporate Operations	Reports/RetailBanking/ReportOptions.aspx;Reports/RetailBanking/SeedReports/SeedReportOptions.aspx
pr_x_r_reacledger	2	Retail and Corporate Operations	Reports/RetailBanking/ReportOptions.aspx;Reports/RetailBanking/loan/ReportOptions.aspx
pr_x_r_transactiondetails	2	Retail and Corporate Operations	Reports/RetailBanking/ReportOptions.aspx;Reports/RetailBanking/SeedReports/SeedReportOptions.aspx
pr_x_r_unpassagclnacccls	2	Retail and Corporate Operations	Reports/RetailBanking/ReportOptions.aspx;Reports/RetailBanking/SeedReports/SeedReportOptions.aspx
pr_x_r_unpassbatch	2	Retail and Corporate Operations	Reports/RetailBanking/ReportOptions.aspx;Reports/RetailBanking/SeedReports/SeedReportOptions.aspx
pr_x_r_unpasscashiertocashiertran	2	Retail and Corporate Operations	Reports/RetailBanking/ReportOptions.aspx;Reports/RetailBanking/SeedReports/SeedReportOptions.aspx
pr_x_r_unpasschequeissuetransaction	2	Retail and Corporate Operations	Reports/RetailBanking/ReportOptions.aspx;Reports/RetailBanking/SeedReports/SeedReportOptions.aspx
pr_x_r_unpasschqrevstoppay	2	Retail and Corporate Operations	Reports/RetailBanking/ReportOptions.aspx;Reports/RetailBanking/SeedReports/SeedReportOptions.aspx
pr_x_r_unpasschqstoppayment	2	Retail and Corporate Operations	Reports/RetailBanking/ReportOptions.aspx;Reports/RetailBanking/SeedReports/SeedReportOptions.aspx
pr_x_r_unpassclearingtransaction	2	Retail and Corporate Operations	Reports/RetailBanking/ReportOptions.aspx;Reports/RetailBanking/SeedReports/SeedReportOptions.aspx
pr_x_r_unpassecstrans	2	Retail and Corporate Operations	Reports/RetailBanking/ReportOptions.aspx;Reports/RetailBanking/SeedReports/SeedReportOptions.aspx
pr_x_r_unpassedbatch	2	Retail and Corporate Operations	Reports/RetailBanking/ReportOptions.aspx;Reports/RetailBanking/SeedReports/SeedReportOptions.aspx
pr_x_r_unpassfdrtransaction	2	Retail and Corporate Operations	Reports/RetailBanking/ReportOptions.aspx;Reports/RetailBanking/SeedReports/SeedReportOptions.aspx
pr_x_r_unpassibttransaction	2	Retail and Corporate Operations	Reports/RetailBanking/ReportOptions.aspx;Reports/RetailBanking/SeedReports/SeedReportOptions.aspx
pr_x_r_unpassinwardclearinglottransaction	2	Retail and Corporate Operations	Reports/RetailBanking/ReportOptions.aspx;Reports/RetailBanking/SeedReports/SeedReportOptions.aspx
pr_x_r_unpassinwardreturntransaction	2	Retail and Corporate Operations	Reports/RetailBanking/ReportOptions.aspx;Reports/RetailBanking/SeedReports/SeedReportOptions.aspx
pr_x_r_unpasslockerissuetransaction	2	Retail and Corporate Operations	Reports/RetailBanking/ReportOptions.aspx;Reports/RetailBanking/SeedReports/SeedReportOptions.aspx
pr_x_r_unpasspigmytransaction	2	Retail and Corporate Operations	Reports/RetailBanking/ReportOptions.aspx;Reports/RetailBanking/SeedReports/SeedReportOptions.aspx
pr_x_r_unpassstandinginstructionschedule	2	Retail and Corporate Operations	Reports/RetailBanking/ReportOptions.aspx;Reports/RetailBanking/SeedReports/SeedReportOptions.aspx
pr_x_r_unpassstatusmodacc	2	Retail and Corporate Operations	Reports/RetailBanking/ReportOptions.aspx;Reports/RetailBanking/SeedReports/SeedReportOptions.aspx
pr_x_saveaccchargesconfig	2	(module 0 — not in a_Module),Central Administration	HO/ChargesConfig.aspx;RetailBanking/Account/x_AccChargesConfig.aspx
pr_x_saveaccholdingamount	2	(module 0 — not in a_Module),Retail and Corporate Operations	RetailBanking/b_AccHoldingAmount.aspx;RetailBanking/g_AllowDebitTranAddLimit.aspx
pr_x_saveanywheretransaction	2	(not in menu),Retail and Corporate Operations	RetailBanking/MTS/MTS_TransferTransaction.aspx;RetailBanking/Transaction/TransferTransaction.aspx
pr_x_savechequebookdetails	2	Internet Banking,Retail and Corporate Operations	Helpdesk/hd_AllRequest.aspx;RetailBanking/x_ChequeBook.aspx
pr_x_savedayendlogdetails	2	Retail and Corporate Operations	RetailBanking/b_DayEndParamLogs.aspx;RetailBanking/DayEnd.aspx
pr_x_savefdautotransfer	2	(not in menu)	RetailBanking/Transaction/x_FDRAutoTransferTransaction.aspx;RetailBanking/Transaction/x_FDRenewalTransaction.aspx
pr_x_savefdintchequeacc	2	(not in menu)	RetailBanking/Transaction/FdTransactions/x_FDIntPayCheque.aspx;RetailBanking/Transaction/FdTransactions/x_ManageFDPayCheque.aspx
pr_x_savefdintpaycashtran	2	(not in menu),Retail and Corporate Operations	RetailBanking/Transaction/FdTransactions/x_FdInterestPaymentCash.aspx;RetailBanking/Transaction/FdTransactions/x_FdInterestPostOtherBankAccount.aspx
pr_x_savefdpaymentschedule	2	(not in menu),Retail and Corporate Operations	RetailBanking/Account/depositAccount.aspx;RetailBanking/Account/DepositAccountv1.aspx
pr_x_saveibttran	2	(not in menu),Retail and Corporate Operations	RetailBanking/Transaction/x_BranchToBranchTransactionTrf.aspx;RetailBanking/Transaction/x_BranchToBranchTransactionTrf_v1.aspx
pr_x_saveibttrancrbranchv1	2	(not in menu),Retail and Corporate Operations	RetailBanking/Transaction/x_BranchToBranchTransactionTrf.aspx;RetailBanking/Transaction/x_BranchToBranchTransactionTrf_v1.aspx
pr_x_saveibttranservicebranch	2	(not in menu),Retail and Corporate Operations	RetailBanking/Transaction/x_BranchToBranchTransactionTrf.aspx;RetailBanking/Transaction/x_BranchToBranchTransactionTrf_v1.aspx
pr_x_saveibttranthisbranchv1	2	(not in menu),Retail and Corporate Operations	RetailBanking/Transaction/x_BranchToBranchTransactionTrf.aspx;RetailBanking/Transaction/x_BranchToBranchTransactionTrf_v1.aspx
pr_x_saveibttrftransaction	2	(not in menu),Retail and Corporate Operations	RetailBanking/Transaction/x_BranchToBranchTransactionTrf.aspx;RetailBanking/Transaction/x_BranchToBranchTransactionTrf_v1.aspx
pr_x_saveloanrepaybatchxml	2	Retail and Corporate Operations	RetailBanking/Insurance/c_LoanInsurance.aspx;RetailBanking/Insurance/c_LoanInsuranceClaim.aspx
pr_x_savesitranlog	2	Retail and Corporate Operations	RetailBanking/daybegin.aspx;RetailBanking/SI/standingInstructionProcessing.aspx
pr_x_savetransferibtchargeslogin	2	(not in menu),Retail and Corporate Operations	RetailBanking/Transaction/x_BranchToBranchTransactionTrf.aspx;RetailBanking/Transaction/x_BranchToBranchTransactionTrf_v1.aspx
pr_x_savetrftransactioninibt	2	(not in menu),Retail and Corporate Operations	RetailBanking/Transaction/x_BranchToBranchTransactionTrf.aspx;RetailBanking/Transaction/x_BranchToBranchTransactionTrf_v1.aspx
pr_x_savinginterestcalculationv2	2	(not in menu)	RetailBanking/Transaction/x_SbCaRdAccountClosing.aspx;RetailBanking/Transaction/x_SbCaRdAccountClosing_V1.aspx
pr_x_sb_getaccountchargesconfig	2	(module 0 — not in a_Module),Central Administration	HO/ChargesConfig.aspx;RetailBanking/Account/x_AccChargesConfig.aspx
pr_x_sb_getbankercheque	2	(module 0 — not in a_Module),Retail and Corporate Operations	RetailBanking/x_BankerCheque.aspx;RetailBanking/x_BankerChequePayClg.aspx
pr_x_sb_getdailydeposittransaction	2	(not in menu),Retail and Corporate Operations	RetailBanking/Transaction/x_MICRECSProcessFileData.aspx;RetailBanking/Transaction/x_MICRECSProcessFileData_v1.aspx
pr_x_sb_getfddeposittran	2	(not in menu),Retail and Corporate Operations	RetailBanking/Transaction/FdTransactions/x_FdDepositTransaction.aspx;RetailBanking/Transaction/FdTransactions/x_FdInterestPaymentCash.aspx
pr_x_sb_getfdintpaycashtran	2	(not in menu),Retail and Corporate Operations	RetailBanking/Transaction/FdTransactions/x_FdInterestPaymentCash.aspx;RetailBanking/Transaction/FdTransactions/x_FdInterestPostOtherBankAccount.aspx
pr_x_sb_getforextran	2	(module 0 — not in a_Module)	Treasury/FX/tr_FxTransferPayment_v1.aspx;Treasury/FX/tr_FxTransferReceipt_v1.aspx
pr_x_sb_getsbcardaccclosing	2	(not in menu)	RetailBanking/Transaction/x_SbCaRdAccountClosing.aspx;RetailBanking/Transaction/x_SbCaRdAccountClosing_V1.aspx
pr_x_sb_gettransactionv1	2	(not in menu),Retail and Corporate Operations	RetailBanking/Transaction/x_transactionv1.aspx;RetailBanking/Transaction/x_transactionv1_new.aspx
pr_x_sb_getwrittenoff	2	(module 0 — not in a_Module)	RetailBanking/x_WrittenOff.aspx;RetailBanking/x_WrittenOffReverse.aspx
pr_x_sbcardaccclosingsave	2	(not in menu)	RetailBanking/Transaction/x_SbCaRdAccountClosing.aspx;RetailBanking/Transaction/x_SbCaRdAccountClosing_V1.aspx
pr_x_scrolsave	2	(module 0 — not in a_Module)	RetailBanking/b_AccStatementRequest.aspx;RetailBanking/Account/x_AccChargesConfig.aspx
pr_x_sftoutwardrecall	2	(not in menu),Retail and Corporate Operations	RetailBanking/SFTOutwardRecall.aspx;RetailBanking/swift/SFTOutwardRecall.aspx
pr_x_sftoutwardresp	2	Retail and Corporate Operations	RetailBanking/swift/SFTOutwardRecall.aspx;RetailBanking/swift/x_SFTOutward.aspx
pr_x_siprocesspass	2	Retail and Corporate Operations	RetailBanking/daybegin.aspx;RetailBanking/SI/standingInstructionProcessing.aspx
pr_x_taxconfig	2	(not in menu),Central Administration	HO/TaxConfig.aspx;RetailBanking/PAPPS/PAPSS_Tax_Configuration.aspx
pr_x_transactionanywheresave	2	(not in menu),Retail and Corporate Operations	RetailBanking/Transaction/x_transactionv1.aspx;RetailBanking/Transaction/x_transactionv1_new.aspx
pr_x_transactionquick	2	(not in menu),Retail and Corporate Operations	RetailBanking/Transaction/x_transactionv1.aspx;RetailBanking/Transaction/x_transactionv1_new.aspx
pr_x_transfertransaction	2	(not in menu),Retail and Corporate Operations	RetailBanking/MTS/MTS_TransferTransaction.aspx;RetailBanking/Transaction/TransferTransaction.aspx
pr_x_trialbalance	2	Retail and Corporate Operations	Reports/RetailBanking/ReportOptions.aspx;Reports/RetailBanking/loan/ReportOptions.aspx
pr_x_unpassedsitransctions	2	Retail and Corporate Operations	Reports/RetailBanking/ReportOptions.aspx;Reports/RetailBanking/SeedReports/SeedReportOptions.aspx
pr_x_writtenoffauth	2	(module 0 — not in a_Module)	RetailBanking/x_WrittenOff.aspx;RetailBanking/x_WrittenOffReverse.aspx
pr_x_writtenoffauthatho	2	(module 0 — not in a_Module)	RetailBanking/x_WrittenOff.aspx;RetailBanking/x_WrittenOffReverse.aspx
pr_x_writtenoffsave	2	(module 0 — not in a_Module)	RetailBanking/x_WrittenOff.aspx;RetailBanking/x_WrittenOffReverse.aspx
